{"mean":{"confidence_interval":{"confidence_level":0.95,"lower_bound":548701.72828193,"upper_bound":575171.075190677},"point_estimate":561360.5140553981,"standard_error":6770.398276767069},"median":{"confidence_interval":{"confidence_level":0.95,"lower_bound":543630.2550621261,"upper_bound":566947.2252747252},"point_estimate":556363.8636977058,"standard_error":6106.921012921566},"median_abs_dev":{"confidence_interval":{"confidence_level":0.95,"lower_bound":37068.29267469977,"upper_bound":60974.36538571338},"point_estimate":49625.05816255418,"standard_error":6040.964414586337},"slope":{"confidence_interval":{"confidence_level":0.95,"lower_bound":549407.9067010707,"upper_bound":575169.6563077677},"point_estimate":561831.4481720112,"standard_error":6574.4074119853},"std_dev":{"confidence_interval":{"confidence_level":0.95,"lower_bound":50579.78752319159,"upper_bound":84142.66089423996},"point_estimate":68167.88625129548,"standard_error":8581.679660223117}}