{"mean":{"confidence_interval":{"confidence_level":0.95,"lower_bound":113758.09918812494,"upper_bound":115840.26449011177},"point_estimate":114779.90570831732,"standard_error":530.5580491558112},"median":{"confidence_interval":{"confidence_level":0.95,"lower_bound":113971.32323232324,"upper_bound":115002.46615581098},"point_estimate":114558.15988352033,"standard_error":295.8743293907336},"median_abs_dev":{"confidence_interval":{"confidence_level":0.95,"lower_bound":2019.4070500129983,"upper_bound":3538.050995017957},"point_estimate":2799.226772000319,"standard_error":392.7750215512746},"slope":{"confidence_interval":{"confidence_level":0.95,"lower_bound":113816.50087151836,"upper_bound":115424.22610236917},"point_estimate":114592.13080931974,"standard_error":409.0527630525968},"std_dev":{"confidence_interval":{"confidence_level":0.95,"lower_bound":3851.2171286883354,"upper_bound":6760.719785216815},"point_estimate":5342.856098110687,"standard_error":744.5837770678169}}