{"mean":{"confidence_interval":{"confidence_level":0.95,"lower_bound":117154.28984790911,"upper_bound":119152.29892956429},"point_estimate":118079.41017404676,"standard_error":512.2477796196831},"median":{"confidence_interval":{"confidence_level":0.95,"lower_bound":116442.74252108688,"upper_bound":117731.45936981757},"point_estimate":117099.26090609666,"standard_error":390.4359906092424},"median_abs_dev":{"confidence_interval":{"confidence_level":0.95,"lower_bound":2176.8935778130576,"upper_bound":3666.2911580674477},"point_estimate":2856.85537902427,"standard_error":381.79545236666127},"slope":{"confidence_interval":{"confidence_level":0.95,"lower_bound":116812.73236013849,"upper_bound":117904.1501708821},"point_estimate":117361.2421424232,"standard_error":278.3745380902262},"std_dev":{"confidence_interval":{"confidence_level":0.95,"lower_bound":3061.762356104918,"upper_bound":7014.677024684481},"point_estimate":5157.833281362457,"standard_error":1023.9244991373654}}