{"mean":{"confidence_interval":{"confidence_level":0.95,"lower_bound":151421.0180554372,"upper_bound":160804.667186879},"point_estimate":155684.88247596892,"standard_error":2409.533937168265},"median":{"confidence_interval":{"confidence_level":0.95,"lower_bound":147598.51863354037,"upper_bound":151111.54383116882},"point_estimate":149128.37047619047,"standard_error":861.6476059086075},"median_abs_dev":{"confidence_interval":{"confidence_level":0.95,"lower_bound":6186.0408217558315,"upper_bound":11657.642620870594},"point_estimate":8228.699638501535,"standard_error":1446.960569229073},"slope":{"confidence_interval":{"confidence_level":0.95,"lower_bound":152242.75315763563,"upper_bound":164255.907333055},"point_estimate":157754.94337435876,"standard_error":3069.477369880977},"std_dev":{"confidence_interval":{"confidence_level":0.95,"lower_bound":13774.14136553716,"upper_bound":33795.74550763084},"point_estimate":24145.313051409237,"standard_error":5201.519282645421}}