{"mean":{"confidence_interval":{"confidence_level":0.95,"lower_bound":115694.80962187158,"upper_bound":118029.95735666018},"point_estimate":116785.04445974647,"standard_error":595.0598268891889},"median":{"confidence_interval":{"confidence_level":0.95,"lower_bound":114563.59790123458,"upper_bound":116191.29894179894},"point_estimate":115525.08724930463,"standard_error":430.9185176080952},"median_abs_dev":{"confidence_interval":{"confidence_level":0.95,"lower_bound":2202.372814816743,"upper_bound":4012.7188844729267},"point_estimate":3148.029562917086,"standard_error":449.35642631406284},"slope":{"confidence_interval":{"confidence_level":0.95,"lower_bound":116675.29406213811,"upper_bound":118660.89279100731},"point_estimate":117617.61165722543,"standard_error":507.5208875668994},"std_dev":{"confidence_interval":{"confidence_level":0.95,"lower_bound":3630.388211823305,"upper_bound":8139.513015142663},"point_estimate":6006.465151029345,"standard_error":1162.2214205714938}}