{"mean":{"confidence_interval":{"confidence_level":0.95,"lower_bound":136148.6150056148,"upper_bound":146881.75704226794},"point_estimate":141094.29193110662,"standard_error":2747.9975666757637},"median":{"confidence_interval":{"confidence_level":0.95,"lower_bound":129631.8961038961,"upper_bound":138396.0},"point_estimate":132221.40086546028,"standard_error":1946.6844072202302},"median_abs_dev":{"confidence_interval":{"confidence_level":0.95,"lower_bound":9622.250239844925,"upper_bound":17495.74948568706},"point_estimate":11736.999663694065,"standard_error":2130.487803020813},"slope":{"confidence_interval":{"confidence_level":0.95,"lower_bound":136790.69619277233,"upper_bound":145050.23840435618},"point_estimate":140865.7153404125,"standard_error":2103.9375163112745},"std_dev":{"confidence_interval":{"confidence_level":0.95,"lower_bound":16241.78556890996,"upper_bound":37666.50143678226},"point_estimate":27717.619412269865,"standard_error":5480.239465150978}}