{"mean":{"confidence_interval":{"confidence_level":0.95,"lower_bound":182497.1065059423,"upper_bound":189818.65355386108},"point_estimate":185974.76053633785,"standard_error":1864.2051527556805},"median":{"confidence_interval":{"confidence_level":0.95,"lower_bound":178167.0538323318,"upper_bound":183981.16333333333},"point_estimate":180568.1703125,"standard_error":1588.0089239189947},"median_abs_dev":{"confidence_interval":{"confidence_level":0.95,"lower_bound":7696.897171686091,"upper_bound":14887.275500745032},"point_estimate":10627.756448632117,"standard_error":1863.7371445013387},"slope":{"confidence_interval":{"confidence_level":0.95,"lower_bound":180430.18668375208,"upper_bound":186693.96061420316},"point_estimate":183395.62576129255,"standard_error":1594.550060228942},"std_dev":{"confidence_interval":{"confidence_level":0.95,"lower_bound":13460.418036195399,"upper_bound":23281.29330574729},"point_estimate":18763.240478756743,"standard_error":2504.416048318251}}