{"mean":{"confidence_interval":{"confidence_level":0.95,"lower_bound":92058.42698547555,"upper_bound":94156.01792033881},"point_estimate":92926.47652279811,"standard_error":544.1279815125379},"median":{"confidence_interval":{"confidence_level":0.95,"lower_bound":92058.58181818182,"upper_bound":93121.9356984479},"point_estimate":92574.15853554339,"standard_error":263.63369814757175},"median_abs_dev":{"confidence_interval":{"confidence_level":0.95,"lower_bound":1657.8293845070475,"upper_bound":2774.1295013554213},"point_estimate":2384.363265868982,"standard_error":282.9077396665671},"slope":{"confidence_interval":{"confidence_level":0.95,"lower_bound":92485.62833216638,"upper_bound":93406.88901295958},"point_estimate":92954.60896516517,"standard_error":235.32645989201754},"std_dev":{"confidence_interval":{"confidence_level":0.95,"lower_bound":2270.8184947682867,"upper_bound":8696.904449133166},"point_estimate":5448.686428811224,"standard_error":2104.292629204662}}