{"mean":{"confidence_interval":{"confidence_level":0.95,"lower_bound":171515.97818746255,"upper_bound":178725.1816163403},"point_estimate":175016.80128980018,"standard_error":1841.686000642496},"median":{"confidence_interval":{"confidence_level":0.95,"lower_bound":169030.90740740742,"upper_bound":172962.8624855682},"point_estimate":171205.82012975146,"standard_error":1035.9282696330695},"median_abs_dev":{"confidence_interval":{"confidence_level":0.95,"lower_bound":9194.787945316491,"upper_bound":18521.113564092775},"point_estimate":13914.16588308052,"standard_error":2402.5601382891323},"slope":{"confidence_interval":{"confidence_level":0.95,"lower_bound":173726.60152223666,"upper_bound":180784.07889676106},"point_estimate":177018.54552731392,"standard_error":1802.8955772012862},"std_dev":{"confidence_interval":{"confidence_level":0.95,"lower_bound":14654.053087203723,"upper_bound":22102.070296818558},"point_estimate":18507.95463955364,"standard_error":1905.3077443665302}}