{"mean":{"confidence_interval":{"confidence_level":0.95,"lower_bound":94908.95038550055,"upper_bound":96113.69836600978},"point_estimate":95446.77075819238,"standard_error":308.9205625584501},"median":{"confidence_interval":{"confidence_level":0.95,"lower_bound":94511.98881118881,"upper_bound":95228.29776840805},"point_estimate":94787.28404589187,"standard_error":201.55832630221846},"median_abs_dev":{"confidence_interval":{"confidence_level":0.95,"lower_bound":1262.4155738839327,"upper_bound":2255.112460759089},"point_estimate":1796.6030406460645,"standard_error":250.36150950885187},"slope":{"confidence_interval":{"confidence_level":0.95,"lower_bound":93937.29934664916,"upper_bound":94513.07174333192},"point_estimate":94222.15082284348,"standard_error":146.28131160495306},"std_dev":{"confidence_interval":{"confidence_level":0.95,"lower_bound":1776.9616909306594,"upper_bound":4601.152976472345},"point_estimate":3114.660288211373,"standard_error":861.7462759432806}}