{"mean":{"confidence_interval":{"confidence_level":0.95,"lower_bound":87466.76128595638,"upper_bound":90316.6103366871},"point_estimate":88753.83653637716,"standard_error":730.6891788795849},"median":{"confidence_interval":{"confidence_level":0.95,"lower_bound":86693.55515557763,"upper_bound":89171.98305555555},"point_estimate":87749.67629219408,"standard_error":777.1586287269017},"median_abs_dev":{"confidence_interval":{"confidence_level":0.95,"lower_bound":3596.408227566716,"upper_bound":5446.031147144366},"point_estimate":4573.486268233997,"standard_error":489.42991753469073},"slope":{"confidence_interval":{"confidence_level":0.95,"lower_bound":86920.81632414227,"upper_bound":88975.36878406206},"point_estimate":87924.28051081227,"standard_error":524.5683866116827},"std_dev":{"confidence_interval":{"confidence_level":0.95,"lower_bound":3942.723627107947,"upper_bound":10441.132207195673},"point_estimate":7332.1093940997,"standard_error":1737.4853437400916}}