{"mean":{"confidence_interval":{"confidence_level":0.95,"lower_bound":901447.1064370458,"upper_bound":910825.4734815351},"point_estimate":905293.5332139771,"standard_error":2445.758503074543},"median":{"confidence_interval":{"confidence_level":0.95,"lower_bound":899345.6514596514,"upper_bound":904242.1984126985},"point_estimate":900959.1292452831,"standard_error":1433.2021567355112},"median_abs_dev":{"confidence_interval":{"confidence_level":0.95,"lower_bound":7143.797313020798,"upper_bound":12954.16244579379},"point_estimate":10224.740128474603,"standard_error":1478.7943644400416},"slope":{"confidence_interval":{"confidence_level":0.95,"lower_bound":901833.8046882061,"upper_bound":923353.0492370925},"point_estimate":909798.889120733,"standard_error":5925.484108783425},"std_dev":{"confidence_interval":{"confidence_level":0.95,"lower_bound":10059.45921437808,"upper_bound":39311.337673054},"point_estimate":24564.055923671516,"standard_error":9680.790339889254}}