{"mean":{"confidence_interval":{"confidence_level":0.95,"lower_bound":927423.4926501779,"upper_bound":942747.8888952136},"point_estimate":934767.7297970764,"standard_error":3910.088775069198},"median":{"confidence_interval":{"confidence_level":0.95,"lower_bound":925745.2346938775,"upper_bound":940579.0603448276},"point_estimate":932119.7347014926,"standard_error":4333.2473740078985},"median_abs_dev":{"confidence_interval":{"confidence_level":0.95,"lower_bound":24749.334675743008,"upper_bound":40063.95678254615},"point_estimate":33538.11390365988,"standard_error":3949.1011229609994},"slope":{"confidence_interval":{"confidence_level":0.95,"lower_bound":928535.4223385848,"upper_bound":956278.1327171427},"point_estimate":940543.2036781439,"standard_error":7140.392930774428},"std_dev":{"confidence_interval":{"confidence_level":0.95,"lower_bound":29593.862814128333,"upper_bound":51179.952593785136},"point_estimate":39555.62658741012,"standard_error":5823.906467427532}}