{"mean":{"confidence_interval":{"confidence_level":0.95,"lower_bound":10037983.613899998,"upper_bound":10230437.815},"point_estimate":10130553.679999998,"standard_error":48988.5923144311},"median":{"confidence_interval":{"confidence_level":0.95,"lower_bound":10028649.5,"upper_bound":10177811.3},"point_estimate":10102870.3,"standard_error":36808.316772218954},"median_abs_dev":{"confidence_interval":{"confidence_level":0.95,"lower_bound":249524.54077005386,"upper_bound":479375.79531937785},"point_estimate":365079.86531853536,"standard_error":60051.86122218512},"slope":null,"std_dev":{"confidence_interval":{"confidence_level":0.95,"lower_bound":359652.34700992727,"upper_bound":641671.3188941802},"point_estimate":492494.439647729,"standard_error":75252.07664328547}}