{"mean":{"confidence_interval":{"confidence_level":0.95,"lower_bound":10623821.353999997,"upper_bound":10759387.681450004},"point_estimate":10691890.938000003,"standard_error":34590.58397696535},"median":{"confidence_interval":{"confidence_level":0.95,"lower_bound":10637464.4,"upper_bound":10797857.3},"point_estimate":10709785.9,"standard_error":39492.494910781796},"median_abs_dev":{"confidence_interval":{"confidence_level":0.95,"lower_bound":207656.65881335735,"upper_bound":338083.20610432193},"point_estimate":253602.87677764866,"standard_error":34117.90351535685},"slope":null,"std_dev":{"confidence_interval":{"confidence_level":0.95,"lower_bound":286192.6591583342,"upper_bound":403803.74302924913},"point_estimate":348375.5668914261,"standard_error":29971.06417457091}}