{"mean":{"confidence_interval":{"confidence_level":0.95,"lower_bound":693.5271491213525,"upper_bound":698.8898881112076},"point_estimate":696.2634792134569,"standard_error":1.3628311052029527},"median":{"confidence_interval":{"confidence_level":0.95,"lower_bound":693.4509685230024,"upper_bound":697.8981108757063},"point_estimate":695.8939867953375,"standard_error":0.9872650049412022},"median_abs_dev":{"confidence_interval":{"confidence_level":0.95,"lower_bound":6.596077346339271,"upper_bound":10.58570914435146},"point_estimate":8.160215832751248,"standard_error":1.0037314018476373},"slope":{"confidence_interval":{"confidence_level":0.95,"lower_bound":696.6873479742563,"upper_bound":702.8618162209112},"point_estimate":699.3503637083921,"standard_error":1.6027184992688928},"std_dev":{"confidence_interval":{"confidence_level":0.95,"lower_bound":9.194277111946224,"upper_bound":18.180068811642897},"point_estimate":13.686126897832063,"standard_error":2.337568409115934}}