{"mean":{"confidence_interval":{"confidence_level":0.95,"lower_bound":13112841.243562499,"upper_bound":13524281.5211875},"point_estimate":13311252.1125,"standard_error":105194.84471835889},"median":{"confidence_interval":{"confidence_level":0.95,"lower_bound":12936209.75,"upper_bound":13293564.75},"point_estimate":13097162.0,"standard_error":89119.64529213126},"median_abs_dev":{"confidence_interval":{"confidence_level":0.95,"lower_bound":675852.2789262235,"upper_bound":1194250.9580478072},"point_estimate":956735.8477145433,"standard_error":129285.72121957593},"slope":null,"std_dev":{"confidence_interval":{"confidence_level":0.95,"lower_bound":819653.1568584586,"upper_bound":1280697.6604598952},"point_estimate":1057350.0659750528,"standard_error":118251.34484525655}}