{"mean":{"confidence_interval":{"confidence_level":0.95,"lower_bound":82509.58855282907,"upper_bound":84819.0874360998},"point_estimate":83581.7243197911,"standard_error":592.5125525512495},"median":{"confidence_interval":{"confidence_level":0.95,"lower_bound":80947.89987789988,"upper_bound":81871.76384615384},"point_estimate":81261.36821375345,"standard_error":243.3446385980993},"median_abs_dev":{"confidence_interval":{"confidence_level":0.95,"lower_bound":1112.092082316391,"upper_bound":2601.3946494077595},"point_estimate":1656.7357757152665,"standard_error":387.4917133762042},"slope":{"confidence_interval":{"confidence_level":0.95,"lower_bound":83179.43952997697,"upper_bound":86265.94123309651},"point_estimate":84617.6819047186,"standard_error":791.1637102111255},"std_dev":{"confidence_interval":{"confidence_level":0.95,"lower_bound":3682.928791193876,"upper_bound":7868.708978172235},"point_estimate":5957.71954476734,"standard_error":1064.5990548223137}}