{"mean":{"confidence_interval":{"confidence_level":0.95,"lower_bound":95381.76079374093,"upper_bound":97327.90701028366},"point_estimate":96282.1121886415,"standard_error":496.84554896806065},"median":{"confidence_interval":{"confidence_level":0.95,"lower_bound":94509.67983405484,"upper_bound":96099.44919786096},"point_estimate":95470.17548653693,"standard_error":419.068109275743},"median_abs_dev":{"confidence_interval":{"confidence_level":0.95,"lower_bound":2194.151606629136,"upper_bound":3269.7440865104586},"point_estimate":2888.227053232561,"standard_error":280.34893762376606},"slope":{"confidence_interval":{"confidence_level":0.95,"lower_bound":95402.65665479639,"upper_bound":97359.35257008398},"point_estimate":96302.64430914733,"standard_error":501.0438286690507},"std_dev":{"confidence_interval":{"confidence_level":0.95,"lower_bound":2981.877014149867,"upper_bound":6822.274725728616},"point_estimate":4987.907800273762,"standard_error":994.4738980203472}}