{"mean":{"confidence_interval":{"confidence_level":0.95,"lower_bound":80983.62696880299,"upper_bound":83421.69505685118},"point_estimate":82081.57567227859,"standard_error":625.1027083426461},"median":{"confidence_interval":{"confidence_level":0.95,"lower_bound":79669.99038461539,"upper_bound":81300.95726495727},"point_estimate":80288.59099632176,"standard_error":417.0128320735845},"median_abs_dev":{"confidence_interval":{"confidence_level":0.95,"lower_bound":1618.191699723756,"upper_bound":2773.651050025682},"point_estimate":2191.787339078129,"standard_error":285.14171245329277},"slope":{"confidence_interval":{"confidence_level":0.95,"lower_bound":82273.34388950028,"upper_bound":87032.56992277582},"point_estimate":84382.708411863,"standard_error":1232.5471930523015},"std_dev":{"confidence_interval":{"confidence_level":0.95,"lower_bound":2948.086700059195,"upper_bound":8684.58415473617},"point_estimate":6253.522502463687,"standard_error":1405.746262300044}}