{"mean":{"confidence_interval":{"confidence_level":0.95,"lower_bound":141807.3998550678,"upper_bound":150138.97056436643},"point_estimate":145533.07926304787,"standard_error":2137.1959972682816},"median":{"confidence_interval":{"confidence_level":0.95,"lower_bound":137166.6875,"upper_bound":142928.6277056277},"point_estimate":140753.01704985794,"standard_error":1751.2118510790954},"median_abs_dev":{"confidence_interval":{"confidence_level":0.95,"lower_bound":6888.493977360643,"upper_bound":12845.579756945359},"point_estimate":9957.77770571411,"standard_error":1540.5468529699385},"slope":{"confidence_interval":{"confidence_level":0.95,"lower_bound":142438.4923431655,"upper_bound":149469.14367174066},"point_estimate":145652.4750951044,"standard_error":1798.7676761950415},"std_dev":{"confidence_interval":{"confidence_level":0.95,"lower_bound":11785.477989006376,"upper_bound":31197.72652568803},"point_estimate":21476.820480272796,"standard_error":5352.177186889069}}