{"mean":{"confidence_interval":{"confidence_level":0.95,"lower_bound":83468.90835473262,"upper_bound":85980.38874518665},"point_estimate":84624.77413180444,"standard_error":643.6765423996511},"median":{"confidence_interval":{"confidence_level":0.95,"lower_bound":82175.10890652557,"upper_bound":83086.73369565218},"point_estimate":82388.9991990006,"standard_error":231.46815397374712},"median_abs_dev":{"confidence_interval":{"confidence_level":0.95,"lower_bound":1451.0802173450757,"upper_bound":2581.4051649223743},"point_estimate":1895.1248945392667,"standard_error":276.5864652768517},"slope":{"confidence_interval":{"confidence_level":0.95,"lower_bound":81963.53467574347,"upper_bound":82755.73569466731},"point_estimate":82338.07508029162,"standard_error":202.19169443978788},"std_dev":{"confidence_interval":{"confidence_level":0.95,"lower_bound":3881.655102394031,"upper_bound":8695.76512420341},"point_estimate":6464.832769422702,"standard_error":1234.3284904896827}}