{"mean":{"confidence_interval":{"confidence_level":0.95,"lower_bound":99185.66762139085,"upper_bound":101680.40134481821},"point_estimate":100278.80226269305,"standard_error":644.1538821350752},"median":{"confidence_interval":{"confidence_level":0.95,"lower_bound":98442.18,"upper_bound":99380.0123076923},"point_estimate":98886.41990140846,"standard_error":222.760854054506},"median_abs_dev":{"confidence_interval":{"confidence_level":0.95,"lower_bound":1460.7502777314342,"upper_bound":3498.9714117066032},"point_estimate":2383.4944710989057,"standard_error":524.518198897973},"slope":{"confidence_interval":{"confidence_level":0.95,"lower_bound":98020.62462256859,"upper_bound":99252.20524105114},"point_estimate":98567.11880183242,"standard_error":314.1941294062137},"std_dev":{"confidence_interval":{"confidence_level":0.95,"lower_bound":2667.9376648088078,"upper_bound":9609.592081759793},"point_estimate":6486.520051117918,"standard_error":1854.1334337303904}}