{"mean":{"confidence_interval":{"confidence_level":0.95,"lower_bound":79117.210066357,"upper_bound":80594.53819682487},"point_estimate":79708.5305313533,"standard_error":389.02382267982813},"median":{"confidence_interval":{"confidence_level":0.95,"lower_bound":79059.88259109312,"upper_bound":79273.85897435897},"point_estimate":79176.70330168924,"standard_error":63.93789439356475},"median_abs_dev":{"confidence_interval":{"confidence_level":0.95,"lower_bound":355.5685647672791,"upper_bound":592.0873660746346},"point_estimate":485.0516666633356,"standard_error":61.451674081176364},"slope":{"confidence_interval":{"confidence_level":0.95,"lower_bound":79162.62855575295,"upper_bound":79333.5684102678},"point_estimate":79249.84591103886,"standard_error":43.5251945243569},"std_dev":{"confidence_interval":{"confidence_level":0.95,"lower_bound":537.7180849341438,"upper_bound":6381.697925525724},"point_estimate":3906.2464855083695,"standard_error":1647.487018622924}}