{"mean":{"confidence_interval":{"confidence_level":0.95,"lower_bound":3055977.4479411775,"upper_bound":3088577.144102941},"point_estimate":3071879.1594117642,"standard_error":8311.073320252986},"median":{"confidence_interval":{"confidence_level":0.95,"lower_bound":3048051.7647058824,"upper_bound":3084505.0},"point_estimate":3065084.2352941176,"standard_error":8629.239097645283},"median_abs_dev":{"confidence_interval":{"confidence_level":0.95,"lower_bound":64118.5679381385,"upper_bound":98209.86418583826},"point_estimate":82921.55489255406,"standard_error":8817.493166999895},"slope":null,"std_dev":{"confidence_interval":{"confidence_level":0.95,"lower_bound":68837.51909373997,"upper_bound":97814.04041759174},"point_estimate":83525.77666185543,"standard_error":7435.945033919681}}