{"mean":{"confidence_interval":{"confidence_level":0.95,"lower_bound":91322.39671077314,"upper_bound":92681.17209647801},"point_estimate":91949.5321535096,"standard_error":348.56432676437817},"median":{"confidence_interval":{"confidence_level":0.95,"lower_bound":90904.53879310345,"upper_bound":91766.54545454546},"point_estimate":91282.9766899767,"standard_error":222.0866344729015},"median_abs_dev":{"confidence_interval":{"confidence_level":0.95,"lower_bound":1291.8968214390054,"upper_bound":2304.031967973338},"point_estimate":1760.418991473594,"standard_error":256.400471975781},"slope":{"confidence_interval":{"confidence_level":0.95,"lower_bound":90923.41315904383,"upper_bound":91662.73581463688},"point_estimate":91280.49863911765,"standard_error":188.13033029418395},"std_dev":{"confidence_interval":{"confidence_level":0.95,"lower_bound":2100.0737559214003,"upper_bound":4738.178021081756},"point_estimate":3498.332923998918,"standard_error":677.5120626190352}}