{"mean":{"confidence_interval":{"confidence_level":0.95,"lower_bound":109420.611314148,"upper_bound":112187.01583727883},"point_estimate":110712.83195450877,"standard_error":706.8206218696417},"median":{"confidence_interval":{"confidence_level":0.95,"lower_bound":108379.26726726726,"upper_bound":111989.15497076024},"point_estimate":110161.60633213859,"standard_error":1004.0584588193756},"median_abs_dev":{"confidence_interval":{"confidence_level":0.95,"lower_bound":5003.0699139069475,"upper_bound":7923.5093720370405},"point_estimate":6715.160312295721,"standard_error":737.8178396305091},"slope":{"confidence_interval":{"confidence_level":0.95,"lower_bound":108412.42865840155,"upper_bound":110660.74941177349},"point_estimate":109495.07667602581,"standard_error":573.2701627085687},"std_dev":{"confidence_interval":{"confidence_level":0.95,"lower_bound":4910.114146009195,"upper_bound":9766.196627113226},"point_estimate":7084.264463311296,"standard_error":1452.6051841646906}}