{"mean":{"confidence_interval":{"confidence_level":0.95,"lower_bound":97190.91895796599,"upper_bound":100151.42715950638},"point_estimate":98520.02007607586,"standard_error":753.8931530043352},"median":{"confidence_interval":{"confidence_level":0.95,"lower_bound":96711.36078431373,"upper_bound":98017.08315266485},"point_estimate":97264.86988636364,"standard_error":361.86296021143005},"median_abs_dev":{"confidence_interval":{"confidence_level":0.95,"lower_bound":1981.403201517872,"upper_bound":3292.7304957558135},"point_estimate":2726.2445196610256,"standard_error":328.8742131060391},"slope":{"confidence_interval":{"confidence_level":0.95,"lower_bound":97226.81008582725,"upper_bound":98802.90589702546},"point_estimate":97982.55415161814,"standard_error":399.3737065044766},"std_dev":{"confidence_interval":{"confidence_level":0.95,"lower_bound":3383.2423452025287,"upper_bound":10751.230663089711},"point_estimate":7578.980404489962,"standard_error":1815.4346665891007}}