{"mean":{"confidence_interval":{"confidence_level":0.95,"lower_bound":100082.3666993379,"upper_bound":102353.23490538356},"point_estimate":101150.91794516072,"standard_error":578.4739897080204},"median":{"confidence_interval":{"confidence_level":0.95,"lower_bound":100184.14,"upper_bound":101228.56181644025},"point_estimate":100831.13937138132,"standard_error":318.9523979735145},"median_abs_dev":{"confidence_interval":{"confidence_level":0.95,"lower_bound":1866.054894787573,"upper_bound":3968.0129195536965},"point_estimate":3502.535881307626,"standard_error":524.093670538441},"slope":{"confidence_interval":{"confidence_level":0.95,"lower_bound":100600.47049982054,"upper_bound":101721.88500233524},"point_estimate":101151.29136722328,"standard_error":286.7103155426718},"std_dev":{"confidence_interval":{"confidence_level":0.95,"lower_bound":3601.912272722949,"upper_bound":8119.145028645306},"point_estimate":5779.77075706128,"standard_error":1230.49266403719}}