{"mean":{"confidence_interval":{"confidence_level":0.95,"lower_bound":98884.72436207779,"upper_bound":101299.27815405244},"point_estimate":99979.96914742795,"standard_error":618.7982974888516},"median":{"confidence_interval":{"confidence_level":0.95,"lower_bound":98281.22166666666,"upper_bound":99573.95357142857},"point_estimate":98953.30603233831,"standard_error":323.64397277640126},"median_abs_dev":{"confidence_interval":{"confidence_level":0.95,"lower_bound":2180.8620350919136,"upper_bound":3596.1276701412703},"point_estimate":2961.959725114704,"standard_error":360.1220319879258},"slope":{"confidence_interval":{"confidence_level":0.95,"lower_bound":98568.8447944549,"upper_bound":102200.73219358393},"point_estimate":99997.37181705335,"standard_error":968.4711233348834},"std_dev":{"confidence_interval":{"confidence_level":0.95,"lower_bound":3257.3761290257803,"upper_bound":8731.697295064649},"point_estimate":6205.989275048757,"standard_error":1438.9988996364605}}