{"mean":{"confidence_interval":{"confidence_level":0.95,"lower_bound":5119873.56885,"upper_bound":5261955.0310499985},"point_estimate":5186775.5879999995,"standard_error":36264.682471989014},"median":{"confidence_interval":{"confidence_level":0.95,"lower_bound":5020328.9,"upper_bound":5101208.45},"point_estimate":5043530.35,"standard_error":23111.03440292754},"median_abs_dev":{"confidence_interval":{"confidence_level":0.95,"lower_bound":120721.45898276623,"upper_bound":237867.15369701412},"point_estimate":167418.22835773203,"standard_error":30278.65163955421},"slope":null,"std_dev":{"confidence_interval":{"confidence_level":0.95,"lower_bound":251269.97460514994,"upper_bound":464019.063871692},"point_estimate":363999.5857064296,"standard_error":54576.039592166206}}