{"mean":{"confidence_interval":{"confidence_level":0.95,"lower_bound":2775293.2465441176,"upper_bound":2814647.708779411},"point_estimate":2795024.524117648,"standard_error":10072.172028037789},"median":{"confidence_interval":{"confidence_level":0.95,"lower_bound":2770452.8235294116,"upper_bound":2809362.117647059},"point_estimate":2781876.470588235,"standard_error":7418.289894125208},"median_abs_dev":{"confidence_interval":{"confidence_level":0.95,"lower_bound":47644.35308943805,"upper_bound":93353.01820250566},"point_estimate":66826.88563711534,"standard_error":12449.73180363689},"slope":null,"std_dev":{"confidence_interval":{"confidence_level":0.95,"lower_bound":79782.10218605094,"upper_bound":120386.58695395947},"point_estimate":101131.02422004919,"standard_error":10336.118766328605}}