{"mean":{"confidence_interval":{"confidence_level":0.95,"lower_bound":4037111.465846154,"upper_bound":4078687.7408846156},"point_estimate":4056787.4138461538,"standard_error":10534.086838192226},"median":{"confidence_interval":{"confidence_level":0.95,"lower_bound":4025190.5384615385,"upper_bound":4084707.038461538},"point_estimate":4058371.923076923,"standard_error":15759.61325697806},"median_abs_dev":{"confidence_interval":{"confidence_level":0.95,"lower_bound":71884.42710341181,"upper_bound":112109.47709427438},"point_estimate":92225.18838575258,"standard_error":10170.252366273644},"slope":null,"std_dev":{"confidence_interval":{"confidence_level":0.95,"lower_bound":76109.77693482203,"upper_bound":141963.31686636258},"point_estimate":105816.60530674162,"standard_error":18770.77700006358}}