{"mean":{"confidence_interval":{"confidence_level":0.95,"lower_bound":2791040.1995735285,"upper_bound":2827240.608617648},"point_estimate":2809049.397058824,"standard_error":9250.173710048364},"median":{"confidence_interval":{"confidence_level":0.95,"lower_bound":2784146.6470588236,"upper_bound":2840100.1764705884},"point_estimate":2807726.3235294116,"standard_error":13499.878242623585},"median_abs_dev":{"confidence_interval":{"confidence_level":0.95,"lower_bound":81037.9988377582,"upper_bound":122307.0412227338},"point_estimate":101171.05239209009,"standard_error":10649.424112009905},"slope":null,"std_dev":{"confidence_interval":{"confidence_level":0.95,"lower_bound":79834.91685565286,"upper_bound":104879.11713020634},"point_estimate":92826.29634835888,"standard_error":6406.445091757862}}