{"mean":{"confidence_interval":{"confidence_level":0.95,"lower_bound":3452595.49978125,"upper_bound":3571120.8410625},"point_estimate":3509834.22375,"standard_error":30279.63344854885},"median":{"confidence_interval":{"confidence_level":0.95,"lower_bound":3435537.375,"upper_bound":3565855.8125},"point_estimate":3486484.15625,"standard_error":34727.168849032794},"median_abs_dev":{"confidence_interval":{"confidence_level":0.95,"lower_bound":195452.7297925204,"upper_bound":325621.85695655644},"point_estimate":256241.0893008113,"standard_error":33118.51224645982},"slope":null,"std_dev":{"confidence_interval":{"confidence_level":0.95,"lower_bound":233187.46016750793,"upper_bound":384967.00693609513},"point_estimate":304474.83961337124,"standard_error":40183.17289555807}}