{"mean":{"confidence_interval":{"confidence_level":0.95,"lower_bound":4474223.847666665,"upper_bound":4531855.424479168},"point_estimate":4502948.824166666,"standard_error":14733.771022777259},"median":{"confidence_interval":{"confidence_level":0.95,"lower_bound":4436804.583333333,"upper_bound":4549143.458333334},"point_estimate":4479525.916666666,"standard_error":28329.634084764853},"median_abs_dev":{"confidence_interval":{"confidence_level":0.95,"lower_bound":136723.4143939248,"upper_bound":213074.26444217633},"point_estimate":182130.7350665324,"standard_error":18239.831951233667},"slope":null,"std_dev":{"confidence_interval":{"confidence_level":0.95,"lower_bound":133213.4059243395,"upper_bound":160415.02937085167},"point_estimate":148074.3327598241,"standard_error":6913.7141449396495}}