{"mean":{"confidence_interval":{"confidence_level":0.95,"lower_bound":4169701.2627083343,"upper_bound":4248953.308875},"point_estimate":4202891.170000002,"standard_error":20588.267555559163},"median":{"confidence_interval":{"confidence_level":0.95,"lower_bound":4161606.333333333,"upper_bound":4185008.8333333335},"point_estimate":4170999.4166666665,"standard_error":5754.5557922697835},"median_abs_dev":{"confidence_interval":{"confidence_level":0.95,"lower_bound":36599.710050225025,"upper_bound":59674.27829057047},"point_estimate":48280.868142842904,"standard_error":5927.262019335808},"slope":null,"std_dev":{"confidence_interval":{"confidence_level":0.95,"lower_bound":51401.414182198365,"upper_bound":322315.68476604455},"point_estimate":206974.62263565685,"standard_error":73568.10040419831}}