{"mean":{"confidence_interval":{"confidence_level":0.95,"lower_bound":3812440.1115535726,"upper_bound":3863860.1359821437},"point_estimate":3832880.003571428,"standard_error":13535.209717592785},"median":{"confidence_interval":{"confidence_level":0.95,"lower_bound":3797842.0,"upper_bound":3822092.285714286},"point_estimate":3804920.678571428,"standard_error":6033.8626678536075},"median_abs_dev":{"confidence_interval":{"confidence_level":0.95,"lower_bound":30202.99716379009,"upper_bound":56212.35440203127},"point_estimate":42026.83785387522,"standard_error":6874.317384547648},"slope":null,"std_dev":{"confidence_interval":{"confidence_level":0.95,"lower_bound":44578.30438168114,"upper_bound":222149.3867375841},"point_estimate":136184.3278327091,"standard_error":58340.02650591326}}