{"mean":{"confidence_interval":{"confidence_level":0.95,"lower_bound":4011139.6926346165,"upper_bound":4043939.85803846},"point_estimate":4027574.180769231,"standard_error":8389.313947530796},"median":{"confidence_interval":{"confidence_level":0.95,"lower_bound":4007636.807692308,"upper_bound":4054856.3846153845},"point_estimate":4033079.307692308,"standard_error":11339.223072368093},"median_abs_dev":{"confidence_interval":{"confidence_level":0.95,"lower_bound":63621.21602434368,"upper_bound":107352.44103257505},"point_estimate":88871.14808376021,"standard_error":11189.84670778876},"slope":null,"std_dev":{"confidence_interval":{"confidence_level":0.95,"lower_bound":73224.00324686026,"upper_bound":94041.13069830133},"point_estimate":84189.92415500109,"standard_error":5289.618877354666}}