{"mean":{"confidence_interval":{"confidence_level":0.95,"lower_bound":4335701.235145834,"upper_bound":4401368.805770832},"point_estimate":4363103.773333332,"standard_error":17002.994877976387},"median":{"confidence_interval":{"confidence_level":0.95,"lower_bound":4320312.666666666,"upper_bound":4366979.583333333},"point_estimate":4343100.25,"standard_error":11337.059264731291},"median_abs_dev":{"confidence_interval":{"confidence_level":0.95,"lower_bound":70831.584392488,"upper_bound":114018.79500076175},"point_estimate":89055.39439395047,"standard_error":10731.517507084689},"slope":null,"std_dev":{"confidence_interval":{"confidence_level":0.95,"lower_bound":75305.20461802359,"upper_bound":271174.12999257306},"point_estimate":170897.74106740332,"standard_error":64677.72296204976}}