{"mean":{"confidence_interval":{"confidence_level":0.95,"lower_bound":2787034.7327368413,"upper_bound":2841024.88836842},"point_estimate":2809337.085789474,"standard_error":14073.285702189549},"median":{"confidence_interval":{"confidence_level":0.95,"lower_bound":2776936.0,"upper_bound":2800727.9473684207},"point_estimate":2792951.6842105263,"standard_error":6374.499915014771},"median_abs_dev":{"confidence_interval":{"confidence_level":0.95,"lower_bound":34247.82529724235,"upper_bound":63337.76331763504},"point_estimate":43993.81327158543,"standard_error":7357.829185795629},"slope":null,"std_dev":{"confidence_interval":{"confidence_level":0.95,"lower_bound":47659.53111805099,"upper_bound":225384.8112524826},"point_estimate":141107.00373164043,"standard_error":53684.00227706869}}