{"mean":{"confidence_interval":{"confidence_level":0.95,"lower_bound":4562617.4740909105,"upper_bound":4606861.04184091},"point_estimate":4584058.296363638,"standard_error":11315.546478446242},"median":{"confidence_interval":{"confidence_level":0.95,"lower_bound":4548891.7272727275,"upper_bound":4598482.909090909},"point_estimate":4571646.409090909,"standard_error":12121.95462036028},"median_abs_dev":{"confidence_interval":{"confidence_level":0.95,"lower_bound":60645.684532414845,"upper_bound":96222.96219170094},"point_estimate":76773.1374824592,"standard_error":8996.207819377905},"slope":null,"std_dev":{"confidence_interval":{"confidence_level":0.95,"lower_bound":84544.0565355269,"upper_bound":140157.0976535978},"point_estimate":114090.78857173595,"standard_error":14208.831519057885}}