{"mean":{"confidence_interval":{"confidence_level":0.95,"lower_bound":3634183.8106666673,"upper_bound":3723764.162250001},"point_estimate":3677705.3880000007,"standard_error":22811.88180649067},"median":{"confidence_interval":{"confidence_level":0.95,"lower_bound":3619408.0,"upper_bound":3719922.6666666665},"point_estimate":3660571.8666666667,"standard_error":23389.695532182417},"median_abs_dev":{"confidence_interval":{"confidence_level":0.95,"lower_bound":129452.47540175915,"upper_bound":253864.06147301215},"point_estimate":191089.83960747707,"standard_error":32674.352249328243},"slope":null,"std_dev":{"confidence_interval":{"confidence_level":0.95,"lower_bound":183864.1131725681,"upper_bound":270292.3104845871},"point_estimate":228409.6691869725,"standard_error":22122.33795832143}}