{"mean":{"confidence_interval":{"confidence_level":0.95,"lower_bound":4012126.706839287,"upper_bound":4124876.3071428575},"point_estimate":4065508.511428572,"standard_error":28823.902800327294},"median":{"confidence_interval":{"confidence_level":0.95,"lower_bound":3955327.5,"upper_bound":4095689.8928571427},"point_estimate":4020583.25,"standard_error":37833.461529884546},"median_abs_dev":{"confidence_interval":{"confidence_level":0.95,"lower_bound":178917.9409235716,"upper_bound":289520.64025998116},"point_estimate":233609.57135260105,"standard_error":27032.041844265685},"slope":null,"std_dev":{"confidence_interval":{"confidence_level":0.95,"lower_bound":208000.0135339012,"upper_bound":383861.63143553416},"point_estimate":289682.33957432996,"standard_error":48161.57426275273}}