{"mean":{"confidence_interval":{"confidence_level":0.95,"lower_bound":3993300.2262500003,"upper_bound":4049657.584096152},"point_estimate":4017415.06076923,"standard_error":14558.500930942097},"median":{"confidence_interval":{"confidence_level":0.95,"lower_bound":3979210.0,"upper_bound":4013028.653846154},"point_estimate":3994428.423076923,"standard_error":9314.396508120964},"median_abs_dev":{"confidence_interval":{"confidence_level":0.95,"lower_bound":54684.21742916107,"upper_bound":89802.50598260984},"point_estimate":76217.84158532468,"standard_error":9216.622647023356},"slope":null,"std_dev":{"confidence_interval":{"confidence_level":0.95,"lower_bound":59601.0215061457,"upper_bound":226090.19507210565},"point_estimate":146071.41126446906,"standard_error":46849.99401616499}}