{"mean":{"confidence_interval":{"confidence_level":0.95,"lower_bound":4133240.7660961533,"upper_bound":4150179.5384230753},"point_estimate":4141732.3830769216,"standard_error":4308.5821318337275},"median":{"confidence_interval":{"confidence_level":0.95,"lower_bound":4133767.769230769,"upper_bound":4159729.5384615385},"point_estimate":4146848.6153846155,"standard_error":6268.380833817097},"median_abs_dev":{"confidence_interval":{"confidence_level":0.95,"lower_bound":29674.979773163795,"upper_bound":51697.69085141276},"point_estimate":37595.5420402378,"standard_error":5719.42715087501},"slope":null,"std_dev":{"confidence_interval":{"confidence_level":0.95,"lower_bound":36973.94277548782,"upper_bound":48864.95836310926},"point_estimate":43198.00323236345,"standard_error":3031.3262405895557}}