{"mean":{"confidence_interval":{"confidence_level":0.95,"lower_bound":1259532.1683834107,"upper_bound":1322368.068575552},"point_estimate":1290693.7195482731,"standard_error":16034.87161031451},"median":{"confidence_interval":{"confidence_level":0.95,"lower_bound":1255798.571111111,"upper_bound":1320819.9054054054},"point_estimate":1278815.8697916665,"standard_error":16957.2463151679},"median_abs_dev":{"confidence_interval":{"confidence_level":0.95,"lower_bound":99102.39184591992,"upper_bound":151014.66974818436},"point_estimate":124251.08160840732,"standard_error":12981.89711462876},"slope":{"confidence_interval":{"confidence_level":0.95,"lower_bound":1271158.5181449822,"upper_bound":1323325.4574665693},"point_estimate":1296632.5089434017,"standard_error":13294.349817930704},"std_dev":{"confidence_interval":{"confidence_level":0.95,"lower_bound":132412.2302957061,"upper_bound":187489.28151812317},"point_estimate":161079.92845939993,"standard_error":14051.285030863874}}