{"mean":{"confidence_interval":{"confidence_level":0.95,"lower_bound":1907294.4419500001,"upper_bound":2036395.2545599996},"point_estimate":1963758.7491999995,"standard_error":33160.25163428551},"median":{"confidence_interval":{"confidence_level":0.95,"lower_bound":1858583.16,"upper_bound":1954626.94},"point_estimate":1907043.06,"standard_error":26274.887909544723},"median_abs_dev":{"confidence_interval":{"confidence_level":0.95,"lower_bound":109658.72793316813,"upper_bound":179901.39544671163},"point_estimate":132138.6500340699,"standard_error":19976.388856138266},"slope":null,"std_dev":{"confidence_interval":{"confidence_level":0.95,"lower_bound":130265.77681717683,"upper_bound":493969.1042909434},"point_estimate":334015.75956748915,"standard_error":93776.60501652585}}