{"mean":{"confidence_interval":{"confidence_level":0.95,"lower_bound":100396.39744721154,"upper_bound":102257.46283972393},"point_estimate":101229.23364022665,"standard_error":476.38424674260216},"median":{"confidence_interval":{"confidence_level":0.95,"lower_bound":99677.60909090909,"upper_bound":100630.96603749358},"point_estimate":99970.77168604652,"standard_error":235.48607591713557},"median_abs_dev":{"confidence_interval":{"confidence_level":0.95,"lower_bound":1742.0626174055474,"upper_bound":2920.0208017470277},"point_estimate":2266.312963249751,"standard_error":295.73735594441996},"slope":{"confidence_interval":{"confidence_level":0.95,"lower_bound":100486.7416788564,"upper_bound":102281.56445468427},"point_estimate":101360.56686508053,"standard_error":459.2403398783059},"std_dev":{"confidence_interval":{"confidence_level":0.95,"lower_bound":2696.929237291015,"upper_bound":7036.5212813300195},"point_estimate":4805.3646358880715,"standard_error":1284.1341238864575}}