{"mean":{"confidence_interval":{"confidence_level":0.95,"lower_bound":155729.21185414633,"upper_bound":162910.827588647},"point_estimate":159156.3535337628,"standard_error":1834.1311359987549},"median":{"confidence_interval":{"confidence_level":0.95,"lower_bound":151831.3650793651,"upper_bound":158099.18515037594},"point_estimate":154415.74100574016,"standard_error":1720.719622972769},"median_abs_dev":{"confidence_interval":{"confidence_level":0.95,"lower_bound":10110.418684579286,"upper_bound":16668.249019672206},"point_estimate":12700.934497034925,"standard_error":1629.7220908344116},"slope":{"confidence_interval":{"confidence_level":0.95,"lower_bound":152962.29594364497,"upper_bound":159861.33438432292},"point_estimate":156338.0129945745,"standard_error":1761.9860957548674},"std_dev":{"confidence_interval":{"confidence_level":0.95,"lower_bound":13733.841281436176,"upper_bound":22943.53360213514},"point_estimate":18415.16983512838,"standard_error":2382.2608042299707}}