{"mean":{"confidence_interval":{"confidence_level":0.95,"lower_bound":133602.37521146654,"upper_bound":138004.82624624346},"point_estimate":135556.45850645247,"standard_error":1135.9696767025762},"median":{"confidence_interval":{"confidence_level":0.95,"lower_bound":133307.63567073172,"upper_bound":135075.0459674874},"point_estimate":134455.95095486112,"standard_error":447.0083882774331},"median_abs_dev":{"confidence_interval":{"confidence_level":0.95,"lower_bound":3031.4738865642266,"upper_bound":4604.48697863864},"point_estimate":3833.26939521713,"standard_error":393.6344823176523},"slope":{"confidence_interval":{"confidence_level":0.95,"lower_bound":132831.87808469334,"upper_bound":134932.36248840674},"point_estimate":133898.37965124872,"standard_error":534.8672238116711},"std_dev":{"confidence_interval":{"confidence_level":0.95,"lower_bound":4168.093596154633,"upper_bound":16389.388192414677},"point_estimate":11411.610042574071,"standard_error":2980.980557034372}}