{"mean":{"confidence_interval":{"confidence_level":0.95,"lower_bound":156176.32637972035,"upper_bound":159901.89789924724},"point_estimate":157847.52096237722,"standard_error":952.4552567012776},"median":{"confidence_interval":{"confidence_level":0.95,"lower_bound":154863.68333333332,"upper_bound":157353.9},"point_estimate":155810.85120567377,"standard_error":622.9972710890879},"median_abs_dev":{"confidence_interval":{"confidence_level":0.95,"lower_bound":3311.220547909245,"upper_bound":5614.953216981299},"point_estimate":4287.445783059039,"standard_error":584.7437674287148},"slope":{"confidence_interval":{"confidence_level":0.95,"lower_bound":156275.52049211186,"upper_bound":161142.59141500675},"point_estimate":158561.48644352495,"standard_error":1246.795736436767},"std_dev":{"confidence_interval":{"confidence_level":0.95,"lower_bound":5299.684118657912,"upper_bound":13976.733784688595},"point_estimate":9597.930857713856,"standard_error":2434.281515488921}}