{"mean":{"confidence_interval":{"confidence_level":0.95,"lower_bound":132977.61603209324,"upper_bound":136508.2799729697},"point_estimate":134574.17184413935,"standard_error":899.4918847043672},"median":{"confidence_interval":{"confidence_level":0.95,"lower_bound":134791.0580357143,"upper_bound":135969.59722222222},"point_estimate":135490.3823051948,"standard_error":338.32023789694813},"median_abs_dev":{"confidence_interval":{"confidence_level":0.95,"lower_bound":2661.485808029946,"upper_bound":4391.771391257906},"point_estimate":3346.4051297691612,"standard_error":448.2983291601145},"slope":{"confidence_interval":{"confidence_level":0.95,"lower_bound":131606.384297364,"upper_bound":134798.7940231254},"point_estimate":133328.65013927885,"standard_error":818.0585088071115},"std_dev":{"confidence_interval":{"confidence_level":0.95,"lower_bound":4878.048365700822,"upper_bound":13550.605994687314},"point_estimate":9033.460393475172,"standard_error":2553.7450274416037}}