{"mean":{"confidence_interval":{"confidence_level":0.95,"lower_bound":85109.2975682781,"upper_bound":87442.11315252616},"point_estimate":86148.20241910513,"standard_error":600.5683668279194},"median":{"confidence_interval":{"confidence_level":0.95,"lower_bound":84419.90684875016,"upper_bound":85678.01848504512},"point_estimate":85269.63033257393,"standard_error":328.93576646314506},"median_abs_dev":{"confidence_interval":{"confidence_level":0.95,"lower_bound":2082.6858816715803,"upper_bound":3443.3943737429213},"point_estimate":2646.755984360168,"standard_error":361.76600237590696},"slope":{"confidence_interval":{"confidence_level":0.95,"lower_bound":84881.69475310636,"upper_bound":88799.62881253962},"point_estimate":86419.58571449682,"standard_error":1048.4859241892227},"std_dev":{"confidence_interval":{"confidence_level":0.95,"lower_bound":2727.093041149334,"upper_bound":8773.096947415464},"point_estimate":6041.445796332468,"standard_error":1581.8768290333053}}