{"mean":{"confidence_interval":{"confidence_level":0.95,"lower_bound":231465.26599479065,"upper_bound":282828.9019138568},"point_estimate":253989.38396768883,"standard_error":13217.307919052118},"median":{"confidence_interval":{"confidence_level":0.95,"lower_bound":219784.81113553114,"upper_bound":230169.89404761905},"point_estimate":225689.04563838223,"standard_error":2567.655604351283},"median_abs_dev":{"confidence_interval":{"confidence_level":0.95,"lower_bound":15104.320038650403,"upper_bound":24652.53457394589},"point_estimate":19860.559378697715,"standard_error":2468.6380178172712},"slope":{"confidence_interval":{"confidence_level":0.95,"lower_bound":218686.39704398563,"upper_bound":226103.9683282622},"point_estimate":222355.18731313728,"standard_error":1894.975195094713},"std_dev":{"confidence_interval":{"confidence_level":0.95,"lower_bound":38044.13292598636,"upper_bound":191902.19647675025},"point_estimate":132939.64440744877,"standard_error":36442.72402134237}}