{"mean":{"confidence_interval":{"confidence_level":0.95,"lower_bound":143983.22154623846,"upper_bound":149518.91938658693},"point_estimate":146491.93821721428,"standard_error":1412.641129398884},"median":{"confidence_interval":{"confidence_level":0.95,"lower_bound":142100.291750503,"upper_bound":146601.39795918367},"point_estimate":143964.42951525218,"standard_error":1118.14618140386},"median_abs_dev":{"confidence_interval":{"confidence_level":0.95,"lower_bound":5856.003128035168,"upper_bound":9019.980444882105},"point_estimate":7053.523760420845,"standard_error":799.8979900614509},"slope":{"confidence_interval":{"confidence_level":0.95,"lower_bound":141439.44536280126,"upper_bound":144666.7572963289},"point_estimate":142966.17308872892,"standard_error":825.6635657870811},"std_dev":{"confidence_interval":{"confidence_level":0.95,"lower_bound":8016.050427922655,"upper_bound":20205.370927257016},"point_estimate":14232.206231498913,"standard_error":3217.2870564285877}}