{"mean":{"confidence_interval":{"confidence_level":0.95,"lower_bound":96146.79449762731,"upper_bound":98919.32316208567},"point_estimate":97456.1179143676,"standard_error":707.2713928593934},"median":{"confidence_interval":{"confidence_level":0.95,"lower_bound":94914.02563969212,"upper_bound":96334.18839615668},"point_estimate":95674.26122994653,"standard_error":400.397794628859},"median_abs_dev":{"confidence_interval":{"confidence_level":0.95,"lower_bound":2189.9912663970554,"upper_bound":3994.4967920949366},"point_estimate":3261.5369441101607,"standard_error":472.2759116686213},"slope":{"confidence_interval":{"confidence_level":0.95,"lower_bound":96702.60895145402,"upper_bound":101651.52724329446},"point_estimate":99012.0063360963,"standard_error":1270.8686056080267},"std_dev":{"confidence_interval":{"confidence_level":0.95,"lower_bound":4881.693815702264,"upper_bound":8960.550885591543},"point_estimate":7104.923483551968,"standard_error":1041.4223490042737}}