{"mean":{"confidence_interval":{"confidence_level":0.95,"lower_bound":149787.08759922234,"upper_bound":159206.4041299309},"point_estimate":154348.52944573536,"standard_error":2412.7942632089716},"median":{"confidence_interval":{"confidence_level":0.95,"lower_bound":140439.83482142858,"upper_bound":151343.2099827883},"point_estimate":146123.32212465198,"standard_error":2962.462852192971},"median_abs_dev":{"confidence_interval":{"confidence_level":0.95,"lower_bound":12155.262912541451,"upper_bound":24882.90714502713},"point_estimate":19382.31624547304,"standard_error":3396.3833751280217},"slope":{"confidence_interval":{"confidence_level":0.95,"lower_bound":150630.97658809196,"upper_bound":161722.69178314504},"point_estimate":156044.49698241465,"standard_error":2825.1680227320744},"std_dev":{"confidence_interval":{"confidence_level":0.95,"lower_bound":19547.27691519765,"upper_bound":28607.906066034295},"point_estimate":24238.104476840006,"standard_error":2312.293560642594}}