{"mean":{"confidence_interval":{"confidence_level":0.95,"lower_bound":78830.61016581029,"upper_bound":80616.44774414424},"point_estimate":79556.65775710513,"standard_error":466.34862612678285},"median":{"confidence_interval":{"confidence_level":0.95,"lower_bound":78634.64342948717,"upper_bound":79020.27610103472},"point_estimate":78735.74759615384,"standard_error":93.04821611146497},"median_abs_dev":{"confidence_interval":{"confidence_level":0.95,"lower_bound":529.5215106702083,"upper_bound":901.2694951312332},"point_estimate":680.5509966351416,"standard_error":98.5740980552093},"slope":{"confidence_interval":{"confidence_level":0.95,"lower_bound":78704.67074692523,"upper_bound":80360.63734578055},"point_estimate":79282.66730217912,"standard_error":459.2442690835152},"std_dev":{"confidence_interval":{"confidence_level":0.95,"lower_bound":1031.8769839715985,"upper_bound":7559.129031232172},"point_estimate":4685.972333116464,"standard_error":1842.293013804179}}