{"mean":{"confidence_interval":{"confidence_level":0.95,"lower_bound":79749.01801194002,"upper_bound":81308.39277352861},"point_estimate":80401.31761207091,"standard_error":407.7026826567785},"median":{"confidence_interval":{"confidence_level":0.95,"lower_bound":79561.31428571428,"upper_bound":79911.15976331361},"point_estimate":79732.62118679973,"standard_error":91.3196999504549},"median_abs_dev":{"confidence_interval":{"confidence_level":0.95,"lower_bound":449.6826349124736,"upper_bound":743.1910422927067},"point_estimate":604.1411604281886,"standard_error":74.90167068496912},"slope":{"confidence_interval":{"confidence_level":0.95,"lower_bound":79699.70366906059,"upper_bound":80205.36988886102},"point_estimate":79920.757591479,"standard_error":130.20370423606823},"std_dev":{"confidence_interval":{"confidence_level":0.95,"lower_bound":852.5237117568424,"upper_bound":6315.966451349262},"point_estimate":4098.644593517859,"standard_error":1469.4564111347174}}