{"mean":{"confidence_interval":{"confidence_level":0.95,"lower_bound":129441.44241010847,"upper_bound":133640.26065847478},"point_estimate":131462.2852015677,"standard_error":1072.170748272853},"median":{"confidence_interval":{"confidence_level":0.95,"lower_bound":126217.09134615384,"upper_bound":130111.50961538461},"point_estimate":128382.19137174834,"standard_error":1152.127853083168},"median_abs_dev":{"confidence_interval":{"confidence_level":0.95,"lower_bound":4747.529322495258,"upper_bound":9421.097645100039},"point_estimate":6380.074088651801,"standard_error":1143.159752512412},"slope":{"confidence_interval":{"confidence_level":0.95,"lower_bound":129729.44652833548,"upper_bound":135533.47906221478},"point_estimate":132505.17437675485,"standard_error":1492.2770131193404},"std_dev":{"confidence_interval":{"confidence_level":0.95,"lower_bound":8420.337246731588,"upper_bound":12945.402220938926},"point_estimate":10771.981170911566,"standard_error":1159.6600316986644}}