{"mean":{"confidence_interval":{"confidence_level":0.95,"lower_bound":138195.89797462025,"upper_bound":145566.57842606516},"point_estimate":142025.52917760768,"standard_error":1880.4827986571172},"median":{"confidence_interval":{"confidence_level":0.95,"lower_bound":141871.32875457878,"upper_bound":142658.93226600986},"point_estimate":142233.91153846154,"standard_error":226.35027712857868},"median_abs_dev":{"confidence_interval":{"confidence_level":0.95,"lower_bound":1104.4495562239351,"upper_bound":2100.713963877725},"point_estimate":1573.6106942378883,"standard_error":252.88506965150364},"slope":{"confidence_interval":{"confidence_level":0.95,"lower_bound":141998.2393894524,"upper_bound":146855.19575477886},"point_estimate":144314.45721083408,"standard_error":1239.20341233213},"std_dev":{"confidence_interval":{"confidence_level":0.95,"lower_bound":11836.113948218326,"upper_bound":24670.924446231944},"point_estimate":18892.332374535883,"standard_error":3263.3953061952334}}