{"mean":{"confidence_interval":{"confidence_level":0.95,"lower_bound":80277.47572062697,"upper_bound":81895.61419456733},"point_estimate":80890.25393698273,"standard_error":446.0963112437789},"median":{"confidence_interval":{"confidence_level":0.95,"lower_bound":80373.20357142857,"upper_bound":80630.35146335146},"point_estimate":80497.73814102565,"standard_error":64.93783746181404},"median_abs_dev":{"confidence_interval":{"confidence_level":0.95,"lower_bound":414.70974626505546,"upper_bound":685.2685880992992},"point_estimate":504.88483318307794,"standard_error":69.79505930463688},"slope":{"confidence_interval":{"confidence_level":0.95,"lower_bound":80457.80967312669,"upper_bound":80777.58407401701},"point_estimate":80611.58580327607,"standard_error":81.60034846660426},"std_dev":{"confidence_interval":{"confidence_level":0.95,"lower_bound":951.0994314992158,"upper_bound":7522.4179921564355},"point_estimate":4475.0164275053785,"standard_error":2233.94080361978}}