{"mean":{"confidence_interval":{"confidence_level":0.95,"lower_bound":78133.02027376961,"upper_bound":79240.52134508094},"point_estimate":78545.30344056542,"standard_error":303.4704258551797},"median":{"confidence_interval":{"confidence_level":0.95,"lower_bound":78062.2844093132,"upper_bound":78218.3379705401},"point_estimate":78134.81751901945,"standard_error":38.285237635341595},"median_abs_dev":{"confidence_interval":{"confidence_level":0.95,"lower_bound":300.91594021093306,"upper_bound":527.2872878222893},"point_estimate":425.9763195084124,"standard_error":57.74968907069358},"slope":{"confidence_interval":{"confidence_level":0.95,"lower_bound":78054.40254890511,"upper_bound":78317.1355139163},"point_estimate":78177.5934064635,"standard_error":67.08819458467597},"std_dev":{"confidence_interval":{"confidence_level":0.95,"lower_bound":490.7789796365539,"upper_bound":5101.931271385682},"point_estimate":3040.8848746911035,"standard_error":1511.4175801245576}}