{"mean":{"confidence_interval":{"confidence_level":0.95,"lower_bound":90531.04195777541,"upper_bound":94743.61428697997},"point_estimate":92143.41544529382,"standard_error":1151.1070314717883},"median":{"confidence_interval":{"confidence_level":0.95,"lower_bound":91554.95977011495,"upper_bound":92390.37294238684},"point_estimate":91902.15925925926,"standard_error":225.785095140585},"median_abs_dev":{"confidence_interval":{"confidence_level":0.95,"lower_bound":1713.8040594366478,"upper_bound":2979.2403516827853},"point_estimate":2429.6796708850206,"standard_error":319.7860206152027},"slope":{"confidence_interval":{"confidence_level":0.95,"lower_bound":90418.77145404024,"upper_bound":92804.93150315301},"point_estimate":91705.60943073411,"standard_error":611.7942623695685},"std_dev":{"confidence_interval":{"confidence_level":0.95,"lower_bound":2732.833671640262,"upper_bound":19432.6421514558},"point_estimate":11581.319688371292,"standard_error":5675.49874668322}}