{"mean":{"confidence_interval":{"confidence_level":0.95,"lower_bound":16761836.754083332,"upper_bound":17029366.12566667},"point_estimate":16892136.086666666,"standard_error":68361.82970561183},"median":{"confidence_interval":{"confidence_level":0.95,"lower_bound":16661894.666666666,"upper_bound":16822562.5},"point_estimate":16744878.666666668,"standard_error":43817.58406531763},"median_abs_dev":{"confidence_interval":{"confidence_level":0.95,"lower_bound":415896.9678163519,"upper_bound":671474.9642789369},"point_estimate":541894.2439794559,"standard_error":66392.79332192532},"slope":null,"std_dev":{"confidence_interval":{"confidence_level":0.95,"lower_bound":554469.2725796354,"upper_bound":812598.1458728795},"point_estimate":687351.0619518043,"standard_error":66062.98557732783}}