{"mean":{"confidence_interval":{"confidence_level":0.95,"lower_bound":20089495.335166674,"upper_bound":20531647.368749995},"point_estimate":20300702.769999996,"standard_error":112563.72537742657},"median":{"confidence_interval":{"confidence_level":0.95,"lower_bound":19857294.833333332,"upper_bound":20262923.333333332},"point_estimate":20029740.666666664,"standard_error":109227.29816899353},"median_abs_dev":{"confidence_interval":{"confidence_level":0.95,"lower_bound":637067.5253897896,"upper_bound":1073279.325145483},"point_estimate":847214.7050589323,"standard_error":106932.0758824626},"slope":null,"std_dev":{"confidence_interval":{"confidence_level":0.95,"lower_bound":857621.7828552526,"upper_bound":1392750.5964215433},"point_estimate":1134073.7656410204,"standard_error":137732.88836463328}}