{"mean":{"confidence_interval":{"confidence_level":0.95,"lower_bound":11480484.688900003,"upper_bound":11656513.8471},"point_estimate":11567197.236,"standard_error":44755.13408353342},"median":{"confidence_interval":{"confidence_level":0.95,"lower_bound":11449873.8,"upper_bound":11665296.6},"point_estimate":11546174.9,"standard_error":50382.9387065971},"median_abs_dev":{"confidence_interval":{"confidence_level":0.95,"lower_bound":274699.6813631063,"upper_bound":496811.0968798399},"point_estimate":362989.5476156468,"standard_error":56764.354896558056},"slope":null,"std_dev":{"confidence_interval":{"confidence_level":0.95,"lower_bound":357226.52189763787,"upper_bound":546969.1235494813},"point_estimate":449046.51341329206,"standard_error":49247.776832339296}}