{"mean":{"confidence_interval":{"confidence_level":0.95,"lower_bound":88557.8325501274,"upper_bound":90095.06274994281},"point_estimate":89250.63021549469,"standard_error":393.39324066675675},"median":{"confidence_interval":{"confidence_level":0.95,"lower_bound":87856.91905642924,"upper_bound":89000.31834459459},"point_estimate":88267.3144778481,"standard_error":295.6378985153531},"median_abs_dev":{"confidence_interval":{"confidence_level":0.95,"lower_bound":1660.8448691252197,"upper_bound":3097.559251723601},"point_estimate":2275.5460658509833,"standard_error":363.4198402859333},"slope":{"confidence_interval":{"confidence_level":0.95,"lower_bound":88875.55046562552,"upper_bound":90063.01314964292},"point_estimate":89465.579651495,"standard_error":302.1762321579366},"std_dev":{"confidence_interval":{"confidence_level":0.95,"lower_bound":2336.0988180682316,"upper_bound":5785.401682834389},"point_estimate":3953.7526078106303,"standard_error":1056.1947941095605}}