{"mean":{"confidence_interval":{"confidence_level":0.95,"lower_bound":101615.25686812223,"upper_bound":107102.37769042603},"point_estimate":104121.5471355363,"standard_error":1409.3357948108076},"median":{"confidence_interval":{"confidence_level":0.95,"lower_bound":98111.08452950558,"upper_bound":102470.25324675324},"point_estimate":100175.51449160595,"standard_error":1111.8438562546482},"median_abs_dev":{"confidence_interval":{"confidence_level":0.95,"lower_bound":4488.1105453600685,"upper_bound":8405.96613466446},"point_estimate":6331.2548420676185,"standard_error":969.4878437691177},"slope":{"confidence_interval":{"confidence_level":0.95,"lower_bound":99465.19331613724,"upper_bound":105324.38770392333},"point_estimate":102009.92659215175,"standard_error":1518.445264847362},"std_dev":{"confidence_interval":{"confidence_level":0.95,"lower_bound":8128.279217660239,"upper_bound":20138.41597529888},"point_estimate":14191.384107134381,"standard_error":3214.72318698644}}