{"mean":{"confidence_interval":{"confidence_level":0.95,"lower_bound":458603.0312152299,"upper_bound":465983.64027185034},"point_estimate":462114.651842395,"standard_error":1883.7909190229434},"median":{"confidence_interval":{"confidence_level":0.95,"lower_bound":455877.5238095238,"upper_bound":464540.59112867806},"point_estimate":459038.15308254963,"standard_error":2297.6170072574014},"median_abs_dev":{"confidence_interval":{"confidence_level":0.95,"lower_bound":11800.135776267512,"upper_bound":19536.053988748146},"point_estimate":15227.883477302425,"standard_error":2079.005702481036},"slope":{"confidence_interval":{"confidence_level":0.95,"lower_bound":462293.8364451163,"upper_bound":469829.6494417343},"point_estimate":466070.1734348062,"standard_error":1916.2077985555877},"std_dev":{"confidence_interval":{"confidence_level":0.95,"lower_bound":13626.648055824262,"upper_bound":24861.34784988096},"point_estimate":18933.444423225435,"standard_error":3024.039442302211}}