{"mean":{"confidence_interval":{"confidence_level":0.95,"lower_bound":118490.24232281414,"upper_bound":121970.37841177348},"point_estimate":120062.44242103575,"standard_error":895.7892489581301},"median":{"confidence_interval":{"confidence_level":0.95,"lower_bound":117300.34876543209,"upper_bound":119038.9797979798},"point_estimate":117937.20705619412,"standard_error":496.5243024487816},"median_abs_dev":{"confidence_interval":{"confidence_level":0.95,"lower_bound":2586.990918918459,"upper_bound":5309.321246481448},"point_estimate":3891.25887190687,"standard_error":728.220185876623},"slope":{"confidence_interval":{"confidence_level":0.95,"lower_bound":118493.75496531857,"upper_bound":121265.50474233433},"point_estimate":119737.92893026616,"standard_error":709.6465554534833},"std_dev":{"confidence_interval":{"confidence_level":0.95,"lower_bound":4438.045788341722,"upper_bound":12674.626427014458},"point_estimate":9016.331412988262,"standard_error":2094.3206880551525}}