{"mean":{"confidence_interval":{"confidence_level":0.95,"lower_bound":1919220.0049112632,"upper_bound":1973981.976840255},"point_estimate":1945912.4336142521,"standard_error":13954.39821148361},"median":{"confidence_interval":{"confidence_level":0.95,"lower_bound":1895180.1590909092,"upper_bound":1945064.0},"point_estimate":1918320.2840909092,"standard_error":12683.309437016504},"median_abs_dev":{"confidence_interval":{"confidence_level":0.95,"lower_bound":76437.64628841507,"upper_bound":143852.6188742834},"point_estimate":108834.86076089852,"standard_error":16797.797384078724},"slope":{"confidence_interval":{"confidence_level":0.95,"lower_bound":1911718.2177247822,"upper_bound":1994541.2132969338},"point_estimate":1951306.9461415694,"standard_error":21222.019818675344},"std_dev":{"confidence_interval":{"confidence_level":0.95,"lower_bound":113824.08174322174,"upper_bound":163544.3404562284},"point_estimate":140300.97094471013,"standard_error":12723.21316152104}}