{"mean":{"confidence_interval":{"confidence_level":0.95,"lower_bound":1334686.6594705936,"upper_bound":1369731.7675163532},"point_estimate":1351704.2985486172,"standard_error":8948.791551164803},"median":{"confidence_interval":{"confidence_level":0.95,"lower_bound":1327999.0588235294,"upper_bound":1365204.687708565},"point_estimate":1346223.5187214613,"standard_error":9851.042976100218},"median_abs_dev":{"confidence_interval":{"confidence_level":0.95,"lower_bound":47996.71727280531,"upper_bound":89880.07162028883},"point_estimate":72990.48702575077,"standard_error":11181.357000941965},"slope":{"confidence_interval":{"confidence_level":0.95,"lower_bound":1318686.2077078118,"upper_bound":1350883.1775016116},"point_estimate":1334364.7994502734,"standard_error":8206.048791122932},"std_dev":{"confidence_interval":{"confidence_level":0.95,"lower_bound":69135.88815586871,"upper_bound":109109.81710943666},"point_estimate":89857.62089462139,"standard_error":10245.28598300973}}