{"mean":{"confidence_interval":{"confidence_level":0.95,"lower_bound":1816555.5887809617,"upper_bound":1877461.171057972},"point_estimate":1845730.217431824,"standard_error":15558.92863459859},"median":{"confidence_interval":{"confidence_level":0.95,"lower_bound":1760242.0571428572,"upper_bound":1858410.0},"point_estimate":1798773.175,"standard_error":26804.504685399876},"median_abs_dev":{"confidence_interval":{"confidence_level":0.95,"lower_bound":90124.53106917448,"upper_bound":168773.76741943695},"point_estimate":131449.95839272536,"standard_error":20588.217488547107},"slope":{"confidence_interval":{"confidence_level":0.95,"lower_bound":1790081.6123084947,"upper_bound":1854434.7968490578},"point_estimate":1821337.4133737255,"standard_error":16438.266868543462},"std_dev":{"confidence_interval":{"confidence_level":0.95,"lower_bound":120160.74616723608,"upper_bound":191725.14503702795},"point_estimate":156438.02943358413,"standard_error":18434.580820146617}}