{"mean":{"confidence_interval":{"confidence_level":0.95,"lower_bound":1487094.8708705585,"upper_bound":1515082.8328370058},"point_estimate":1500014.9979827274,"standard_error":7157.093890493936},"median":{"confidence_interval":{"confidence_level":0.95,"lower_bound":1481754.3953488371,"upper_bound":1498658.6196969696},"point_estimate":1491226.6785714286,"standard_error":4733.498135132783},"median_abs_dev":{"confidence_interval":{"confidence_level":0.95,"lower_bound":30986.102748336383,"upper_bound":63420.607906438905},"point_estimate":48747.39393093175,"standard_error":8629.899269322668},"slope":{"confidence_interval":{"confidence_level":0.95,"lower_bound":1476277.233023131,"upper_bound":1496396.607864414},"point_estimate":1485931.6000265996,"standard_error":5122.568927464348},"std_dev":{"confidence_interval":{"confidence_level":0.95,"lower_bound":46025.58453509709,"upper_bound":100297.74701783073},"point_estimate":71941.33320501508,"standard_error":15106.318028958716}}