{"mean":{"confidence_interval":{"confidence_level":0.95,"lower_bound":1515037.0842836294,"upper_bound":1560097.8570496782},"point_estimate":1536280.0555041817,"standard_error":11510.704095491305},"median":{"confidence_interval":{"confidence_level":0.95,"lower_bound":1489958.4107875307,"upper_bound":1543987.3055555555},"point_estimate":1508809.827046549,"standard_error":12178.359691855056},"median_abs_dev":{"confidence_interval":{"confidence_level":0.95,"lower_bound":59642.5442952113,"upper_bound":103660.64662836677},"point_estimate":74731.0369866659,"standard_error":10589.16750223989},"slope":{"confidence_interval":{"confidence_level":0.95,"lower_bound":1521454.6607826892,"upper_bound":1574332.4466963657},"point_estimate":1547168.0908142456,"standard_error":13496.830470391442},"std_dev":{"confidence_interval":{"confidence_level":0.95,"lower_bound":77994.85809777793,"upper_bound":150825.7351592273},"point_estimate":115573.30333444013,"standard_error":18736.793183104426}}