{"mean":{"confidence_interval":{"confidence_level":0.95,"lower_bound":1442637.1436476528,"upper_bound":1466160.3799805196},"point_estimate":1452193.3440357458,"standard_error":6160.962479898492},"median":{"confidence_interval":{"confidence_level":0.95,"lower_bound":1438670.2920187793,"upper_bound":1444167.3427464007},"point_estimate":1442305.5773685775,"standard_error":1722.531381144088},"median_abs_dev":{"confidence_interval":{"confidence_level":0.95,"lower_bound":7565.839815934311,"upper_bound":12394.268130059207},"point_estimate":9767.052917201652,"standard_error":1182.2337793771321},"slope":{"confidence_interval":{"confidence_level":0.95,"lower_bound":1441612.6035867932,"upper_bound":1466082.8672935034},"point_estimate":1451029.631248707,"standard_error":6549.578821313114},"std_dev":{"confidence_interval":{"confidence_level":0.95,"lower_bound":13386.202040965003,"upper_bound":99753.90879238893},"point_estimate":61872.63639234747,"standard_error":24634.456085678863}}