{"mean":{"confidence_interval":{"confidence_level":0.95,"lower_bound":1716712.8868820022,"upper_bound":1915007.7725550442},"point_estimate":1792080.3242435143,"standard_error":53616.566517755964},"median":{"confidence_interval":{"confidence_level":0.95,"lower_bound":1663940.6341463414,"upper_bound":1706836.0454545454},"point_estimate":1677220.6475430597,"standard_error":10035.272548466315},"median_abs_dev":{"confidence_interval":{"confidence_level":0.95,"lower_bound":47010.90676982835,"upper_bound":100694.02083554979},"point_estimate":62488.28927623406,"standard_error":14464.013096426555},"slope":{"confidence_interval":{"confidence_level":0.95,"lower_bound":1681895.0789449508,"upper_bound":1728107.1163000355},"point_estimate":1703893.328420275,"standard_error":11776.697790912378},"std_dev":{"confidence_interval":{"confidence_level":0.95,"lower_bound":119952.02541560613,"upper_bound":900178.0857161923},"point_estimate":539949.5259165814,"standard_error":258336.10043150323}}