{"mean":{"confidence_interval":{"confidence_level":0.95,"lower_bound":1250516.5571065145,"upper_bound":1268276.0243118461},"point_estimate":1258112.6142907657,"standard_error":4578.240183894996},"median":{"confidence_interval":{"confidence_level":0.95,"lower_bound":1246266.909897292,"upper_bound":1249657.01},"point_estimate":1247464.567164179,"standard_error":802.6137422515117},"median_abs_dev":{"confidence_interval":{"confidence_level":0.95,"lower_bound":6088.064667672866,"upper_bound":11187.864351463546},"point_estimate":7807.898492850717,"standard_error":1332.3682882284868},"slope":{"confidence_interval":{"confidence_level":0.95,"lower_bound":1251618.3781496838,"upper_bound":1269585.7264820992},"point_estimate":1259577.1747273533,"standard_error":4623.710394800614},"std_dev":{"confidence_interval":{"confidence_level":0.95,"lower_bound":16759.070062351395,"upper_bound":71240.4345121735},"point_estimate":45989.59727955235,"standard_error":14960.491692698615}}