{"mean":{"confidence_interval":{"confidence_level":0.95,"lower_bound":1763060.7521683897,"upper_bound":1829842.379377205},"point_estimate":1790860.6761619104,"standard_error":17379.963542336354},"median":{"confidence_interval":{"confidence_level":0.95,"lower_bound":1751631.9166666667,"upper_bound":1765193.0},"point_estimate":1758160.5946268658,"standard_error":3469.949661127727},"median_abs_dev":{"confidence_interval":{"confidence_level":0.95,"lower_bound":23120.836079739573,"upper_bound":43805.2374408202},"point_estimate":32741.282457218393,"standard_error":5112.036399907465},"slope":{"confidence_interval":{"confidence_level":0.95,"lower_bound":1757798.0393866443,"upper_bound":1775409.7537962815},"point_estimate":1766275.9532643713,"standard_error":4486.4391468141985},"std_dev":{"confidence_interval":{"confidence_level":0.95,"lower_bound":43144.41256099891,"upper_bound":275758.53134280606},"point_estimate":174168.83570362176,"standard_error":62808.47444650662}}