{"mean":{"confidence_interval":{"confidence_level":0.95,"lower_bound":1096201.101613446,"upper_bound":1130748.9684178515},"point_estimate":1112288.178809898,"standard_error":8867.16386262249},"median":{"confidence_interval":{"confidence_level":0.95,"lower_bound":1081590.5462962962,"upper_bound":1115575.012195122},"point_estimate":1093084.629032258,"standard_error":7795.415050852944},"median_abs_dev":{"confidence_interval":{"confidence_level":0.95,"lower_bound":51085.147009096625,"upper_bound":79121.56134643796},"point_estimate":68102.35771347424,"standard_error":7107.5488079313545},"slope":{"confidence_interval":{"confidence_level":0.95,"lower_bound":1108242.010940251,"upper_bound":1141200.5462067998},"point_estimate":1124473.404040195,"standard_error":8418.870969622165},"std_dev":{"confidence_interval":{"confidence_level":0.95,"lower_bound":57342.693314424505,"upper_bound":123550.77583579498},"point_estimate":89546.99827459628,"standard_error":18154.567311404822}}