{"mean":{"confidence_interval":{"confidence_level":0.95,"lower_bound":134783.26668513124,"upper_bound":137169.81775338115},"point_estimate":135949.7097698054,"standard_error":608.067479121409},"median":{"confidence_interval":{"confidence_level":0.95,"lower_bound":134164.94488636364,"upper_bound":136161.90196078434},"point_estimate":135058.1400892857,"standard_error":548.2380541411461},"median_abs_dev":{"confidence_interval":{"confidence_level":0.95,"lower_bound":4002.4097291748935,"upper_bound":6626.046129397025},"point_estimate":5492.756947056433,"standard_error":687.9909496221734},"slope":{"confidence_interval":{"confidence_level":0.95,"lower_bound":133358.2884693442,"upper_bound":136558.12570649988},"point_estimate":134883.7268874686,"standard_error":821.107845327053},"std_dev":{"confidence_interval":{"confidence_level":0.95,"lower_bound":4823.453966055836,"upper_bound":7341.328218389067},"point_estimate":6123.604202401165,"standard_error":646.2971381202264}}