{"mean":{"confidence_interval":{"confidence_level":0.95,"lower_bound":925818.6581993125,"upper_bound":1028528.340422275},"point_estimate":975549.778122247,"standard_error":26196.97111556975},"median":{"confidence_interval":{"confidence_level":0.95,"lower_bound":801692.3653846154,"upper_bound":1034526.0771520147},"point_estimate":963623.6261134553,"standard_error":77859.06753665833},"median_abs_dev":{"confidence_interval":{"confidence_level":0.95,"lower_bound":141387.01407203672,"upper_bound":353552.68079293525},"point_estimate":269536.38072573155,"standard_error":58122.81748128601},"slope":{"confidence_interval":{"confidence_level":0.95,"lower_bound":979109.3987989671,"upper_bound":1043866.1841548686},"point_estimate":1012351.4467119846,"standard_error":16548.537051932093},"std_dev":{"confidence_interval":{"confidence_level":0.95,"lower_bound":208440.007443348,"upper_bound":314198.0567962514},"point_estimate":263150.33028109284,"standard_error":27102.497886354664}}