{"mean":{"confidence_interval":{"confidence_level":0.95,"lower_bound":1085240.5669516162,"upper_bound":1137236.1892843577},"point_estimate":1110422.063395262,"standard_error":13194.402945226277},"median":{"confidence_interval":{"confidence_level":0.95,"lower_bound":1074941.5242857141,"upper_bound":1140611.612244898},"point_estimate":1115931.9868421052,"standard_error":16842.91366761736},"median_abs_dev":{"confidence_interval":{"confidence_level":0.95,"lower_bound":82028.79184535543,"upper_bound":140550.31737743033},"point_estimate":116266.93310053501,"standard_error":15067.38599080988},"slope":{"confidence_interval":{"confidence_level":0.95,"lower_bound":1109977.038087652,"upper_bound":1148193.0186591013},"point_estimate":1129344.262583124,"standard_error":9720.87631285207},"std_dev":{"confidence_interval":{"confidence_level":0.95,"lower_bound":104080.55094871415,"upper_bound":158397.8406251591},"point_estimate":132339.20700136802,"standard_error":13914.977398755489}}