{"mean":{"confidence_interval":{"confidence_level":0.95,"lower_bound":1235501.5435709169,"upper_bound":1288936.6493704745},"point_estimate":1261492.8432037376,"standard_error":13598.846888720072},"median":{"confidence_interval":{"confidence_level":0.95,"lower_bound":1205378.6,"upper_bound":1281009.1754385964},"point_estimate":1255043.945054945,"standard_error":19279.09565587243},"median_abs_dev":{"confidence_interval":{"confidence_level":0.95,"lower_bound":91208.2956399252,"upper_bound":150497.1329504822},"point_estimate":132073.44862000496,"standard_error":16152.91565461344},"slope":{"confidence_interval":{"confidence_level":0.95,"lower_bound":1243940.589350706,"upper_bound":1296644.813524871},"point_estimate":1268967.783517068,"standard_error":13415.344833103798},"std_dev":{"confidence_interval":{"confidence_level":0.95,"lower_bound":110075.29226139661,"upper_bound":161721.11990365767},"point_estimate":136799.43345633752,"standard_error":13186.344060283589}}