{"mean":{"confidence_interval":{"confidence_level":0.95,"lower_bound":2134417.569239131,"upper_bound":2203647.280402174},"point_estimate":2167602.4004347827,"standard_error":17725.383850263268},"median":{"confidence_interval":{"confidence_level":0.95,"lower_bound":2103491.0434782607,"upper_bound":2181557.0869565215},"point_estimate":2136515.5217391304,"standard_error":18887.57311683052},"median_abs_dev":{"confidence_interval":{"confidence_level":0.95,"lower_bound":122859.45001011335,"upper_bound":184597.77658816954},"point_estimate":154378.30069401994,"standard_error":15921.074732291936},"slope":null,"std_dev":{"confidence_interval":{"confidence_level":0.95,"lower_bound":136274.27169125815,"upper_bound":224142.12944206453},"point_estimate":178191.79512467084,"standard_error":23116.13302665925}}