{"mean":{"confidence_interval":{"confidence_level":0.95,"lower_bound":1185931.4431722988,"upper_bound":1207489.6056106267},"point_estimate":1195061.969219563,"standard_error":5545.12554012818},"median":{"confidence_interval":{"confidence_level":0.95,"lower_bound":1184167.0596997421,"upper_bound":1185535.642857143},"point_estimate":1184700.034463435,"standard_error":332.548733663511},"median_abs_dev":{"confidence_interval":{"confidence_level":0.95,"lower_bound":2125.3849227433952,"upper_bound":4862.532634424453},"point_estimate":3570.6709673771625,"standard_error":706.4096831520877},"slope":{"confidence_interval":{"confidence_level":0.95,"lower_bound":1185683.1683618177,"upper_bound":1202438.3452210617},"point_estimate":1192886.061143786,"standard_error":4320.107049533},"std_dev":{"confidence_interval":{"confidence_level":0.95,"lower_bound":12089.78892153197,"upper_bound":84335.5509817828},"point_estimate":55433.720643034554,"standard_error":18521.22429848333}}