{"mean":{"confidence_interval":{"confidence_level":0.95,"lower_bound":1294813.9875342727,"upper_bound":1321488.8648927705},"point_estimate":1306872.4812359358,"standard_error":6846.292292424051},"median":{"confidence_interval":{"confidence_level":0.95,"lower_bound":1278230.294038668,"upper_bound":1297703.656716418},"point_estimate":1289490.2919191918,"standard_error":5850.998465805708},"median_abs_dev":{"confidence_interval":{"confidence_level":0.95,"lower_bound":22924.10742378486,"upper_bound":45475.30760218366},"point_estimate":36417.71838537503,"standard_error":5975.508158973209},"slope":{"confidence_interval":{"confidence_level":0.95,"lower_bound":1282866.0778522317,"upper_bound":1308244.5358799053},"point_estimate":1294003.3842825477,"standard_error":6532.2473591863645},"std_dev":{"confidence_interval":{"confidence_level":0.95,"lower_bound":40100.598127837504,"upper_bound":99001.38500654408},"point_estimate":68851.77418544114,"standard_error":16735.44409375725}}