{"mean":{"confidence_interval":{"confidence_level":0.95,"lower_bound":1277785.5697606641,"upper_bound":1298272.960744086},"point_estimate":1286683.3801045131,"standard_error":5297.225235947537},"median":{"confidence_interval":{"confidence_level":0.95,"lower_bound":1265627.9807692308,"upper_bound":1289698.0429991358},"point_estimate":1276017.525,"standard_error":8434.402613899592},"median_abs_dev":{"confidence_interval":{"confidence_level":0.95,"lower_bound":13119.31843769764,"upper_bound":31456.322787520403},"point_estimate":25082.351052053826,"standard_error":4626.93091420585},"slope":{"confidence_interval":{"confidence_level":0.95,"lower_bound":1282252.9115067981,"upper_bound":1328429.667180731},"point_estimate":1301497.6623407714,"standard_error":12104.829347673445},"std_dev":{"confidence_interval":{"confidence_level":0.95,"lower_bound":21220.266862353143,"upper_bound":81551.51780311069},"point_estimate":53402.31801907595,"standard_error":16331.337032276175}}