{"mean":{"confidence_interval":{"confidence_level":0.95,"lower_bound":2336043.7538977275,"upper_bound":2392877.634329545},"point_estimate":2362269.2777272733,"standard_error":14555.500161804866},"median":{"confidence_interval":{"confidence_level":0.95,"lower_bound":2311241.5,"upper_bound":2361227.9772727275},"point_estimate":2327576.75,"standard_error":14030.310390308567},"median_abs_dev":{"confidence_interval":{"confidence_level":0.95,"lower_bound":69751.1733571233,"upper_bound":112522.44728187249},"point_estimate":93171.80514132431,"standard_error":10543.182344211866},"slope":null,"std_dev":{"confidence_interval":{"confidence_level":0.95,"lower_bound":92608.29795913206,"upper_bound":206468.93163991132},"point_estimate":146382.60014265956,"standard_error":32530.97616438149}}