{"mean":{"confidence_interval":{"confidence_level":0.95,"lower_bound":2710165.761069442,"upper_bound":2781248.918291666},"point_estimate":2744099.582777777,"standard_error":18156.09182082456},"median":{"confidence_interval":{"confidence_level":0.95,"lower_bound":2687342.111111111,"upper_bound":2734886.527777778},"point_estimate":2707392.111111111,"standard_error":11980.351889769896},"median_abs_dev":{"confidence_interval":{"confidence_level":0.95,"lower_bound":93214.27264511632,"upper_bound":176371.61665211117},"point_estimate":137247.49186337006,"standard_error":21854.582258471524},"slope":null,"std_dev":{"confidence_interval":{"confidence_level":0.95,"lower_bound":133948.7376497999,"upper_bound":229935.99703024898},"point_estimate":182131.04241219544,"standard_error":24975.66856378943}}