{"mean":{"confidence_interval":{"confidence_level":0.95,"lower_bound":1133829.2228428314,"upper_bound":1148898.1547954467},"point_estimate":1140423.564362861,"standard_error":3881.0089772602223},"median":{"confidence_interval":{"confidence_level":0.95,"lower_bound":1137178.4285714286,"upper_bound":1141758.6078431373},"point_estimate":1140721.6506410255,"standard_error":1292.8448435236953},"median_abs_dev":{"confidence_interval":{"confidence_level":0.95,"lower_bound":8140.353990886597,"upper_bound":17900.426259496657},"point_estimate":10156.60766756852,"standard_error":2713.410100192462},"slope":{"confidence_interval":{"confidence_level":0.95,"lower_bound":1132225.7975817665,"upper_bound":1152432.887661359},"point_estimate":1141060.2641436383,"standard_error":5226.977197532395},"std_dev":{"confidence_interval":{"confidence_level":0.95,"lower_bound":17669.704315502815,"upper_bound":59139.32711511018},"point_estimate":39047.627999410404,"standard_error":11440.461630925294}}