{"mean":{"confidence_interval":{"confidence_level":0.95,"lower_bound":1261117.8314487922,"upper_bound":1292170.2148732215},"point_estimate":1275032.0824344167,"standard_error":8000.368683874701},"median":{"confidence_interval":{"confidence_level":0.95,"lower_bound":1251967.5,"upper_bound":1272581.962962963},"point_estimate":1260408.8996683252,"standard_error":5143.819750096015},"median_abs_dev":{"confidence_interval":{"confidence_level":0.95,"lower_bound":28595.877365552504,"upper_bound":44601.98125511},"point_estimate":36410.09886420992,"standard_error":4169.197353016923},"slope":{"confidence_interval":{"confidence_level":0.95,"lower_bound":1266122.1717975633,"upper_bound":1298316.9359605524},"point_estimate":1279538.140552682,"standard_error":8350.062324725452},"std_dev":{"confidence_interval":{"confidence_level":0.95,"lower_bound":30890.620083884478,"upper_bound":114145.60263579105},"point_estimate":80583.16743435267,"standard_error":19995.330549325703}}