{"mean":{"confidence_interval":{"confidence_level":0.95,"lower_bound":1274688.046594706,"upper_bound":1321928.200503291},"point_estimate":1295918.2509827095,"standard_error":12052.29180337375},"median":{"confidence_interval":{"confidence_level":0.95,"lower_bound":1247743.1282051282,"upper_bound":1273227.1744186047},"point_estimate":1257520.1886446886,"standard_error":6433.69554916696},"median_abs_dev":{"confidence_interval":{"confidence_level":0.95,"lower_bound":34581.999339721726,"upper_bound":66026.9765705142},"point_estimate":50855.962052263916,"standard_error":8449.92494283101},"slope":{"confidence_interval":{"confidence_level":0.95,"lower_bound":1262665.9082486932,"upper_bound":1311340.3387543014},"point_estimate":1283492.5545086449,"standard_error":12554.092160941978},"std_dev":{"confidence_interval":{"confidence_level":0.95,"lower_bound":69481.89233387851,"upper_bound":174904.90118264317},"point_estimate":121312.48498539059,"standard_error":29814.59785829974}}