{"mean":{"confidence_interval":{"confidence_level":0.95,"lower_bound":2211239.1655434784,"upper_bound":2223387.585326087},"point_estimate":2216825.5578260855,"standard_error":3097.58422007282},"median":{"confidence_interval":{"confidence_level":0.95,"lower_bound":2206551.565217391,"upper_bound":2216029.913043478},"point_estimate":2210101.5869565215,"standard_error":2342.9836786183637},"median_abs_dev":{"confidence_interval":{"confidence_level":0.95,"lower_bound":16160.499253746197,"upper_bound":26328.858798764722},"point_estimate":21549.236082641586,"standard_error":2730.0517833156005},"slope":null,"std_dev":{"confidence_interval":{"confidence_level":0.95,"lower_bound":19971.189182738744,"upper_bound":42997.56604918208},"point_estimate":31094.149904082424,"standard_error":6227.062829537801}}