{"mean":{"confidence_interval":{"confidence_level":0.95,"lower_bound":2709158.41568421,"upper_bound":2755719.4589605248},"point_estimate":2729425.0999999996,"standard_error":11915.233887934099},"median":{"confidence_interval":{"confidence_level":0.95,"lower_bound":2695012.0,"upper_bound":2715905.736842105},"point_estimate":2702712.6052631577,"standard_error":5163.548208029529},"median_abs_dev":{"confidence_interval":{"confidence_level":0.95,"lower_bound":34843.83048666149,"upper_bound":63429.27387482641},"point_estimate":46038.27961949947,"standard_error":7250.170804104876},"slope":null,"std_dev":{"confidence_interval":{"confidence_level":0.95,"lower_bound":59326.17345542164,"upper_bound":180456.38147715278},"point_estimate":119851.82687272225,"standard_error":35302.511519387146}}