{"mean":{"confidence_interval":{"confidence_level":0.95,"lower_bound":122878.47225504868,"upper_bound":125277.96935214725},"point_estimate":123995.96541194314,"standard_error":614.0185373536767},"median":{"confidence_interval":{"confidence_level":0.95,"lower_bound":121447.32142857143,"upper_bound":122247.87157809985},"point_estimate":121718.0063915996,"standard_error":227.46798263101033},"median_abs_dev":{"confidence_interval":{"confidence_level":0.95,"lower_bound":1120.7368788127417,"upper_bound":2152.0226937977995},"point_estimate":1453.3601027520633,"standard_error":266.34242028251475},"slope":{"confidence_interval":{"confidence_level":0.95,"lower_bound":124486.12111329407,"upper_bound":127733.49862027519},"point_estimate":126126.1406131061,"standard_error":826.6410182500013},"std_dev":{"confidence_interval":{"confidence_level":0.95,"lower_bound":4219.60513351089,"upper_bound":8303.564008982545},"point_estimate":6197.024116509208,"standard_error":1111.8141603314036}}