{"mean":{"confidence_interval":{"confidence_level":0.95,"lower_bound":86364.13924376632,"upper_bound":88053.37610614357},"point_estimate":87144.06205656308,"standard_error":433.0884828107188},"median":{"confidence_interval":{"confidence_level":0.95,"lower_bound":86374.69871794872,"upper_bound":87455.83333333333},"point_estimate":87001.37239583334,"standard_error":271.8080126918578},"median_abs_dev":{"confidence_interval":{"confidence_level":0.95,"lower_bound":1420.3166709030656,"upper_bound":2683.515040137238},"point_estimate":2011.8423790238226,"standard_error":321.14623331698937},"slope":{"confidence_interval":{"confidence_level":0.95,"lower_bound":86830.18454335567,"upper_bound":89106.63511092513},"point_estimate":87810.71945766218,"standard_error":590.8613406456958},"std_dev":{"confidence_interval":{"confidence_level":0.95,"lower_bound":2402.295926787433,"upper_bound":5927.745598834541},"point_estimate":4346.861556170303,"standard_error":889.4984901932763}}