{"mean":{"confidence_interval":{"confidence_level":0.95,"lower_bound":145130.2930446388,"upper_bound":149900.98378993018},"point_estimate":147238.85415082032,"standard_error":1226.3052763647738},"median":{"confidence_interval":{"confidence_level":0.95,"lower_bound":144113.65780730898,"upper_bound":146992.14789915967},"point_estimate":145190.02857142856,"standard_error":804.9059778808772},"median_abs_dev":{"confidence_interval":{"confidence_level":0.95,"lower_bound":4073.5353294044785,"upper_bound":6408.484259559985},"point_estimate":5316.702229236049,"standard_error":581.1691821765202},"slope":{"confidence_interval":{"confidence_level":0.95,"lower_bound":145310.36706231415,"upper_bound":148754.37990311702},"point_estimate":146888.85555405435,"standard_error":878.9097056640857},"std_dev":{"confidence_interval":{"confidence_level":0.95,"lower_bound":5374.602433500242,"upper_bound":18601.262595151617},"point_estimate":12424.52467191764,"standard_error":3547.022676191704}}