{"mean":{"confidence_interval":{"confidence_level":0.95,"lower_bound":82199.70936295623,"upper_bound":85368.70764998831},"point_estimate":83427.07980356576,"standard_error":847.3358446292323},"median":{"confidence_interval":{"confidence_level":0.95,"lower_bound":81601.96875,"upper_bound":82752.83986827737},"point_estimate":82292.17091987505,"standard_error":311.6647556630723},"median_abs_dev":{"confidence_interval":{"confidence_level":0.95,"lower_bound":1865.6574771368716,"upper_bound":2866.9877345492796},"point_estimate":2385.075050989793,"standard_error":242.96433130260291},"slope":{"confidence_interval":{"confidence_level":0.95,"lower_bound":82387.93645554836,"upper_bound":84881.83402574468},"point_estimate":83359.1899194621,"standard_error":654.5718058159545},"std_dev":{"confidence_interval":{"confidence_level":0.95,"lower_bound":2347.366728463271,"upper_bound":14001.86213997652},"point_estimate":8482.00601743749,"standard_error":3852.3706169512416}}