{"mean":{"confidence_interval":{"confidence_level":0.95,"lower_bound":127755.29780218545,"upper_bound":132286.73152074905},"point_estimate":129849.51552813633,"standard_error":1159.7733880410137},"median":{"confidence_interval":{"confidence_level":0.95,"lower_bound":128550.85302884615,"upper_bound":130060.05877976191},"point_estimate":129516.42865566038,"standard_error":375.2198873201206},"median_abs_dev":{"confidence_interval":{"confidence_level":0.95,"lower_bound":3950.2074925387165,"upper_bound":6339.690149948001},"point_estimate":5002.31589800933,"standard_error":570.8134861725798},"slope":{"confidence_interval":{"confidence_level":0.95,"lower_bound":125928.34276757347,"upper_bound":130841.24886165299},"point_estimate":128239.60504322447,"standard_error":1248.1716115687677},"std_dev":{"confidence_interval":{"confidence_level":0.95,"lower_bound":6675.298088337364,"upper_bound":15890.67102349523},"point_estimate":11683.554503358284,"standard_error":2349.087846862239}}