{"mean":{"confidence_interval":{"confidence_level":0.95,"lower_bound":84803.01144966696,"upper_bound":86314.67087354619},"point_estimate":85430.36132287323,"standard_error":391.5539738144257},"median":{"confidence_interval":{"confidence_level":0.95,"lower_bound":84719.11616161616,"upper_bound":85535.23252688172},"point_estimate":85257.99431818182,"standard_error":191.5560126988281},"median_abs_dev":{"confidence_interval":{"confidence_level":0.95,"lower_bound":1238.1659365464327,"upper_bound":2300.8884568783283},"point_estimate":1755.981898011296,"standard_error":276.32734791322054},"slope":{"confidence_interval":{"confidence_level":0.95,"lower_bound":85026.16262644516,"upper_bound":85739.61415031216},"point_estimate":85374.35182010739,"standard_error":181.70513172982976},"std_dev":{"confidence_interval":{"confidence_level":0.95,"lower_bound":1688.7864503717321,"upper_bound":6227.464530390051},"point_estimate":3924.200141277271,"standard_error":1474.2627759492914}}