{"mean":{"confidence_interval":{"confidence_level":0.95,"lower_bound":87392.2489327795,"upper_bound":89985.991216892},"point_estimate":88510.52501416375,"standard_error":669.980732207361},"median":{"confidence_interval":{"confidence_level":0.95,"lower_bound":86883.36,"upper_bound":87777.67324009324},"point_estimate":87302.76076273902,"standard_error":208.19402854260915},"median_abs_dev":{"confidence_interval":{"confidence_level":0.95,"lower_bound":1819.7006223870285,"upper_bound":2949.8788642277545},"point_estimate":2293.232967422556,"standard_error":276.94455316969135},"slope":{"confidence_interval":{"confidence_level":0.95,"lower_bound":87260.49975771114,"upper_bound":89841.51372170323},"point_estimate":88238.69566855193,"standard_error":686.8971692029394},"std_dev":{"confidence_interval":{"confidence_level":0.95,"lower_bound":2373.033867294587,"upper_bound":10393.87572617119},"point_estimate":6754.92924065896,"standard_error":2184.7427841439408}}