{"mean":{"confidence_interval":{"confidence_level":0.95,"lower_bound":134616.84590514988,"upper_bound":137312.2082991085},"point_estimate":135775.6878511713,"standard_error":695.0316945097571},"median":{"confidence_interval":{"confidence_level":0.95,"lower_bound":134426.49253048783,"upper_bound":135548.731969697},"point_estimate":135035.29802160227,"standard_error":274.58869328699774},"median_abs_dev":{"confidence_interval":{"confidence_level":0.95,"lower_bound":2223.1786258996995,"upper_bound":3603.5830912360743},"point_estimate":2789.04189359038,"standard_error":371.4215922868831},"slope":{"confidence_interval":{"confidence_level":0.95,"lower_bound":134027.30534441897,"upper_bound":135425.77771309816},"point_estimate":134693.83629636472,"standard_error":355.2744462047615},"std_dev":{"confidence_interval":{"confidence_level":0.95,"lower_bound":3222.831706191487,"upper_bound":10803.718268915574},"point_estimate":6957.004103636157,"standard_error":2348.990819751323}}