{"mean":{"confidence_interval":{"confidence_level":0.95,"lower_bound":87317.46110393891,"upper_bound":88902.56550115968},"point_estimate":87988.50585393384,"standard_error":409.5478696259897},"median":{"confidence_interval":{"confidence_level":0.95,"lower_bound":86925.90048245614,"upper_bound":88345.61111111111},"point_estimate":87696.8696013289,"standard_error":343.471682557273},"median_abs_dev":{"confidence_interval":{"confidence_level":0.95,"lower_bound":1776.700589635422,"upper_bound":2670.213034733571},"point_estimate":2201.5167674593094,"standard_error":229.64280031048625},"slope":{"confidence_interval":{"confidence_level":0.95,"lower_bound":87916.93501848732,"upper_bound":88662.49329643087},"point_estimate":88289.76984409634,"standard_error":189.92297427417444},"std_dev":{"confidence_interval":{"confidence_level":0.95,"lower_bound":1907.5452491487474,"upper_bound":6455.2172281932435},"point_estimate":4116.724823692358,"standard_error":1467.5452854287437}}