{"mean":{"confidence_interval":{"confidence_level":0.95,"lower_bound":99526.16473684758,"upper_bound":101759.73248192752},"point_estimate":100545.24367405083,"standard_error":573.310319743275},"median":{"confidence_interval":{"confidence_level":0.95,"lower_bound":98963.80833333332,"upper_bound":100650.47830188679},"point_estimate":99853.99933544303,"standard_error":442.0333790723542},"median_abs_dev":{"confidence_interval":{"confidence_level":0.95,"lower_bound":2420.955162040728,"upper_bound":4478.288530494489},"point_estimate":3349.613601926984,"standard_error":528.5358702286359},"slope":{"confidence_interval":{"confidence_level":0.95,"lower_bound":98154.5190812437,"upper_bound":99955.6496242261},"point_estimate":98981.07911984631,"standard_error":460.4921482709571},"std_dev":{"confidence_interval":{"confidence_level":0.95,"lower_bound":3462.0062897302387,"upper_bound":8147.351138739609},"point_estimate":5765.40969071314,"standard_error":1272.9588019588407}}