{"mean":{"confidence_interval":{"confidence_level":0.95,"lower_bound":163652.88852249566,"upper_bound":169013.14890760503},"point_estimate":166065.99628986948,"standard_error":1379.3823799298514},"median":{"confidence_interval":{"confidence_level":0.95,"lower_bound":161194.4568965517,"upper_bound":163703.32539682538},"point_estimate":162260.77382333978,"standard_error":588.2575686596479},"median_abs_dev":{"confidence_interval":{"confidence_level":0.95,"lower_bound":3258.7094347813563,"upper_bound":6037.707429907888},"point_estimate":4451.778568444269,"standard_error":700.2599867376942},"slope":{"confidence_interval":{"confidence_level":0.95,"lower_bound":162243.35291252722,"upper_bound":166982.2997763218},"point_estimate":164237.3501576277,"standard_error":1229.4023410369546},"std_dev":{"confidence_interval":{"confidence_level":0.95,"lower_bound":7595.503705732836,"upper_bound":19801.776700316823},"point_estimate":13796.399222978269,"standard_error":3244.36359571579}}