{"mean":{"confidence_interval":{"confidence_level":0.95,"lower_bound":182949.5451678583,"upper_bound":194710.11547153225},"point_estimate":188304.8446610823,"standard_error":3000.75115463525},"median":{"confidence_interval":{"confidence_level":0.95,"lower_bound":177597.984375,"upper_bound":185962.21276595743},"point_estimate":182909.63228000727,"standard_error":2091.2306598372925},"median_abs_dev":{"confidence_interval":{"confidence_level":0.95,"lower_bound":12016.648712403476,"upper_bound":20959.139231644203},"point_estimate":16004.08700484324,"standard_error":2482.022362029964},"slope":{"confidence_interval":{"confidence_level":0.95,"lower_bound":179579.0815320314,"upper_bound":188633.073942301},"point_estimate":183780.85998374465,"standard_error":2308.1948110686767},"std_dev":{"confidence_interval":{"confidence_level":0.95,"lower_bound":17033.82104312997,"upper_bound":41326.0255100217},"point_estimate":29909.023201054537,"standard_error":6281.338312390631}}