{"mean":{"confidence_interval":{"confidence_level":0.95,"lower_bound":86121.27306009784,"upper_bound":87672.13941861685},"point_estimate":86800.6851107637,"standard_error":399.57315564671813},"median":{"confidence_interval":{"confidence_level":0.95,"lower_bound":85740.48611111111,"upper_bound":86596.24018975682},"point_estimate":86238.80350877193,"standard_error":201.03938435979717},"median_abs_dev":{"confidence_interval":{"confidence_level":0.95,"lower_bound":1174.9603587211795,"upper_bound":1777.3408886029902},"point_estimate":1489.1295598631698,"standard_error":151.41643427344007},"slope":{"confidence_interval":{"confidence_level":0.95,"lower_bound":86496.26498562482,"upper_bound":88480.78313804023},"point_estimate":87331.65477143983,"standard_error":515.7916801233523},"std_dev":{"confidence_interval":{"confidence_level":0.95,"lower_bound":1671.1162793117112,"upper_bound":5943.8394698968805},"point_estimate":4022.3072498852657,"standard_error":1115.9433891883625}}