{"mean":{"confidence_interval":{"confidence_level":0.95,"lower_bound":158955.87139094036,"upper_bound":165249.555550479},"point_estimate":161850.27156450623,"standard_error":1604.8221439270565},"median":{"confidence_interval":{"confidence_level":0.95,"lower_bound":157483.7094017094,"upper_bound":160620.75757575757},"point_estimate":158723.1946290144,"standard_error":756.896829694306},"median_abs_dev":{"confidence_interval":{"confidence_level":0.95,"lower_bound":5283.031388584809,"upper_bound":9320.376080958824},"point_estimate":6888.644597325273,"standard_error":998.3779563190092},"slope":{"confidence_interval":{"confidence_level":0.95,"lower_bound":156194.3016366059,"upper_bound":160215.33897732157},"point_estimate":158014.36802866854,"standard_error":1025.1741009600119},"std_dev":{"confidence_interval":{"confidence_level":0.95,"lower_bound":9233.429117935677,"upper_bound":23108.075745960625},"point_estimate":16170.952563084044,"standard_error":3733.766381133787}}