{"mean":{"confidence_interval":{"confidence_level":0.95,"lower_bound":87943.85953102628,"upper_bound":89576.35966857302},"point_estimate":88678.60206441008,"standard_error":417.60436945491676},"median":{"confidence_interval":{"confidence_level":0.95,"lower_bound":87428.27288083539,"upper_bound":88669.69594387533},"point_estimate":87974.52299288618,"standard_error":302.8462005477131},"median_abs_dev":{"confidence_interval":{"confidence_level":0.95,"lower_bound":1843.9596099280013,"upper_bound":3295.129996931853},"point_estimate":2537.8675290209394,"standard_error":368.47402557577186},"slope":{"confidence_interval":{"confidence_level":0.95,"lower_bound":87339.46691128112,"upper_bound":88508.0244827997},"point_estimate":87902.86353627901,"standard_error":298.23890581011193},"std_dev":{"confidence_interval":{"confidence_level":0.95,"lower_bound":2473.9439057514205,"upper_bound":6118.4482049536455},"point_estimate":4192.415326576991,"standard_error":1100.625206318722}}