{"mean":{"confidence_interval":{"confidence_level":0.95,"lower_bound":423393.9724392941,"upper_bound":439515.8760068644},"point_estimate":431144.7413923786,"standard_error":4090.9099284632193},"median":{"confidence_interval":{"confidence_level":0.95,"lower_bound":414464.6883116883,"upper_bound":433340.8539325843},"point_estimate":425729.595959596,"standard_error":4417.337988173665},"median_abs_dev":{"confidence_interval":{"confidence_level":0.95,"lower_bound":27875.35050511363,"upper_bound":44269.34385572873},"point_estimate":37405.03273074271,"standard_error":4126.318915948799},"slope":{"confidence_interval":{"confidence_level":0.95,"lower_bound":425935.07482413773,"upper_bound":443577.47972506564},"point_estimate":434306.37124575145,"standard_error":4489.29615400936},"std_dev":{"confidence_interval":{"confidence_level":0.95,"lower_bound":32082.100571959494,"upper_bound":50371.69943828567},"point_estimate":41278.578743565304,"standard_error":4716.565383231298}}