{"mean":{"confidence_interval":{"confidence_level":0.95,"lower_bound":213169.39284842808,"upper_bound":213348.80030448025},"point_estimate":213255.4960847259,"standard_error":45.75395123888594},"median":{"confidence_interval":{"confidence_level":0.95,"lower_bound":213101.21212121213,"upper_bound":213248.33055555556},"point_estimate":213170.30615384615,"standard_error":36.17939477253202},"median_abs_dev":{"confidence_interval":{"confidence_level":0.95,"lower_bound":266.83806086265287,"upper_bound":481.4347859192396},"point_estimate":378.082148326446,"standard_error":56.330081374029724},"slope":{"confidence_interval":{"confidence_level":0.95,"lower_bound":213258.89832924824,"upper_bound":213442.60881056782},"point_estimate":213353.72145470665,"standard_error":46.94531285786046},"std_dev":{"confidence_interval":{"confidence_level":0.95,"lower_bound":345.3380372459233,"upper_bound":572.4770508404056},"point_estimate":459.8951943113346,"standard_error":58.61926088474187}}