{"mean":{"confidence_interval":{"confidence_level":0.95,"lower_bound":181972.3527312253,"upper_bound":188714.13813596874},"point_estimate":184877.618051046,"standard_error":1738.7912191291095},"median":{"confidence_interval":{"confidence_level":0.95,"lower_bound":181561.74137931035,"upper_bound":184325.10263157895},"point_estimate":183110.8827370304,"standard_error":735.0277909112555},"median_abs_dev":{"confidence_interval":{"confidence_level":0.95,"lower_bound":4186.361788567177,"upper_bound":7646.473893757298},"point_estimate":6006.382259286639,"standard_error":879.0098120697779},"slope":{"confidence_interval":{"confidence_level":0.95,"lower_bound":183591.09022878052,"upper_bound":185667.42588390858},"point_estimate":184671.93976414955,"standard_error":529.2479394978062},"std_dev":{"confidence_interval":{"confidence_level":0.95,"lower_bound":6298.140501469776,"upper_bound":26392.951670350423},"point_estimate":17429.774413400002,"standard_error":5408.816099032088}}