{"mean":{"confidence_interval":{"confidence_level":0.95,"lower_bound":12721929.433199998,"upper_bound":13015425.582100004},"point_estimate":12867204.943999998,"standard_error":74966.34542278593},"median":{"confidence_interval":{"confidence_level":0.95,"lower_bound":12687609.2,"upper_bound":13136875.4},"point_estimate":12939752.7,"standard_error":100113.59951670266},"median_abs_dev":{"confidence_interval":{"confidence_level":0.95,"lower_bound":523824.36492026015,"upper_bound":852699.1388815644},"point_estimate":692902.141558526,"standard_error":83593.26604401493},"slope":null,"std_dev":{"confidence_interval":{"confidence_level":0.95,"lower_bound":621952.878829266,"upper_bound":879718.1752150783},"point_estimate":751189.3302532911,"standard_error":65697.07448689698}}