{"mean":{"confidence_interval":{"confidence_level":0.95,"lower_bound":8243744.483124996,"upper_bound":8496076.43325},"point_estimate":8358916.891666671,"standard_error":64651.435549356494},"median":{"confidence_interval":{"confidence_level":0.95,"lower_bound":8110323.5,"upper_bound":8260392.666666667},"point_estimate":8193724.916666667,"standard_error":39425.36011204143},"median_abs_dev":{"confidence_interval":{"confidence_level":0.95,"lower_bound":225433.27959775832,"upper_bound":407710.2978616956},"point_estimate":321223.3225971465,"standard_error":50375.229900845356},"slope":null,"std_dev":{"confidence_interval":{"confidence_level":0.95,"lower_bound":402786.4136479924,"upper_bound":914016.3689041516},"point_estimate":652517.4204966417,"standard_error":140527.44099715125}}