{"mean":{"confidence_interval":{"confidence_level":0.95,"lower_bound":36833677.371625,"upper_bound":37692135.611125},"point_estimate":37253303.245,"standard_error":219612.84351850522},"median":{"confidence_interval":{"confidence_level":0.95,"lower_bound":36244191.0,"upper_bound":37568349.5},"point_estimate":36780901.0,"standard_error":295022.1102224726},"median_abs_dev":{"confidence_interval":{"confidence_level":0.95,"lower_bound":1647911.3533437252,"upper_bound":2733490.0869483473},"point_estimate":2292856.4265936613,"standard_error":286934.75667464326},"slope":null,"std_dev":{"confidence_interval":{"confidence_level":0.95,"lower_bound":1848600.6902670434,"upper_bound":2557750.4621445057},"point_estimate":2211264.2410927624,"standard_error":181691.13354939132}}