{"mean":{"confidence_interval":{"confidence_level":0.95,"lower_bound":8839928.540416665,"upper_bound":9041030.94783333},"point_estimate":8929025.915,"standard_error":51648.356753183056},"median":{"confidence_interval":{"confidence_level":0.95,"lower_bound":8788468.5,"upper_bound":8879729.083333332},"point_estimate":8823977.75,"standard_error":24572.475186887317},"median_abs_dev":{"confidence_interval":{"confidence_level":0.95,"lower_bound":178063.71623873664,"upper_bound":309610.1170033207},"point_estimate":249316.35902374936,"standard_error":33528.14958782495},"slope":null,"std_dev":{"confidence_interval":{"confidence_level":0.95,"lower_bound":245387.67036352342,"upper_bound":764319.225255269},"point_estimate":519417.9695064277,"standard_error":138220.05428459766}}