{"mean":{"confidence_interval":{"confidence_level":0.95,"lower_bound":8108272.347642865,"upper_bound":8282501.6949999975},"point_estimate":8182527.165714282,"standard_error":44905.16747767983},"median":{"confidence_interval":{"confidence_level":0.95,"lower_bound":8101515.428571428,"upper_bound":8176427.642857144},"point_estimate":8135833.142857143,"standard_error":18174.27511456448},"median_abs_dev":{"confidence_interval":{"confidence_level":0.95,"lower_bound":129344.1397036826,"upper_bound":188745.9399465894},"point_estimate":159060.2086761173,"standard_error":14821.198272865175},"slope":null,"std_dev":{"confidence_interval":{"confidence_level":0.95,"lower_bound":183114.65687618818,"upper_bound":706730.0985277534},"point_estimate":450912.8972519389,"standard_error":155125.02767602145}}