{"mean":{"confidence_interval":{"confidence_level":0.95,"lower_bound":8379506.247375,"upper_bound":8636683.200916663},"point_estimate":8499421.409999996,"standard_error":65590.59760883289},"median":{"confidence_interval":{"confidence_level":0.95,"lower_bound":8249631.333333333,"upper_bound":8434932.833333334},"point_estimate":8343565.583333334,"standard_error":44811.06645064154},"median_abs_dev":{"confidence_interval":{"confidence_level":0.95,"lower_bound":248793.56647428157,"upper_bound":422383.8369011886},"point_estimate":336787.5335708256,"standard_error":43898.858333377044},"slope":null,"std_dev":{"confidence_interval":{"confidence_level":0.95,"lower_bound":441857.9981063325,"upper_bound":851263.3729972889},"point_estimate":660707.0744465684,"standard_error":104169.25209763895}}