{"mean":{"confidence_interval":{"confidence_level":0.95,"lower_bound":9134710.836916666,"upper_bound":9509925.107625002},"point_estimate":9310037.488333337,"standard_error":96006.84539915987},"median":{"confidence_interval":{"confidence_level":0.95,"lower_bound":9000388.666666666,"upper_bound":9223683.416666666},"point_estimate":9107898.583333334,"standard_error":59690.82201315466},"median_abs_dev":{"confidence_interval":{"confidence_level":0.95,"lower_bound":332860.24979054835,"upper_bound":545256.4564010126},"point_estimate":417841.27413183544,"standard_error":53664.513400637974},"slope":null,"std_dev":{"confidence_interval":{"confidence_level":0.95,"lower_bound":635252.6992812533,"upper_bound":1225116.3848425855},"point_estimate":961956.3494873804,"standard_error":150603.83638531898}}