{"mean":{"confidence_interval":{"confidence_level":0.95,"lower_bound":8622909.244583335,"upper_bound":8763379.967083335},"point_estimate":8691908.891666666,"standard_error":35927.86711635139},"median":{"confidence_interval":{"confidence_level":0.95,"lower_bound":8516021.833333334,"upper_bound":8723659.333333334},"point_estimate":8629232.25,"standard_error":55691.10821350453},"median_abs_dev":{"confidence_interval":{"confidence_level":0.95,"lower_bound":260741.29295341807,"upper_bound":442997.5362852216},"point_estimate":368952.41644978453,"standard_error":48947.48882261471},"slope":null,"std_dev":{"confidence_interval":{"confidence_level":0.95,"lower_bound":305869.1175746734,"upper_bound":410098.692247506},"point_estimate":360859.9856088054,"standard_error":26547.03896805038}}