{"mean":{"confidence_interval":{"confidence_level":0.95,"lower_bound":7121455.87803125,"upper_bound":7260910.31759375},"point_estimate":7183917.09125,"standard_error":35707.94930794561},"median":{"confidence_interval":{"confidence_level":0.95,"lower_bound":7173887.0,"upper_bound":7229750.0},"point_estimate":7204237.25,"standard_error":17639.625636596775},"median_abs_dev":{"confidence_interval":{"confidence_level":0.95,"lower_bound":107776.67846158147,"upper_bound":194286.75757572055},"point_estimate":146157.48528018594,"standard_error":22154.38639651273},"slope":null,"std_dev":{"confidence_interval":{"confidence_level":0.95,"lower_bound":194623.72965897585,"upper_bound":530933.8993451976},"point_estimate":357123.43431302736,"standard_error":98217.03409505289}}