{"mean":{"confidence_interval":{"confidence_level":0.95,"lower_bound":7558379.87867857,"upper_bound":7683512.270142855},"point_estimate":7611496.422857143,"standard_error":32347.962271315984},"median":{"confidence_interval":{"confidence_level":0.95,"lower_bound":7544334.214285715,"upper_bound":7593652.571428571},"point_estimate":7559392.428571429,"standard_error":12766.397815113694},"median_abs_dev":{"confidence_interval":{"confidence_level":0.95,"lower_bound":94077.0046297992,"upper_bound":177330.95532174647},"point_estimate":137890.58725195282,"standard_error":21241.174075077866},"slope":null,"std_dev":{"confidence_interval":{"confidence_level":0.95,"lower_bound":128332.46797672778,"upper_bound":510273.6764887068},"point_estimate":325124.91403622786,"standard_error":111201.0216372695}}