{"mean":{"confidence_interval":{"confidence_level":0.95,"lower_bound":8370231.704416664,"upper_bound":8592222.820833333},"point_estimate":8471280.603333332,"standard_error":57136.06111285485},"median":{"confidence_interval":{"confidence_level":0.95,"lower_bound":8322599.583333334,"upper_bound":8402317.0},"point_estimate":8360541.5,"standard_error":21176.812447852175},"median_abs_dev":{"confidence_interval":{"confidence_level":0.95,"lower_bound":154006.30776584242,"upper_bound":261730.29215335823},"point_estimate":213483.77090990497,"standard_error":27413.924715390793},"slope":null,"std_dev":{"confidence_interval":{"confidence_level":0.95,"lower_bound":295430.0449997417,"upper_bound":804904.5092259553},"point_estimate":573305.2176146767,"standard_error":132188.47594963457}}