{"mean":{"confidence_interval":{"confidence_level":0.95,"lower_bound":8562957.667541672,"upper_bound":8745255.505500006},"point_estimate":8640452.006666668,"standard_error":47340.0377340527},"median":{"confidence_interval":{"confidence_level":0.95,"lower_bound":8536320.916666668,"upper_bound":8596737.916666666},"point_estimate":8569812.5,"standard_error":15368.50459101858},"median_abs_dev":{"confidence_interval":{"confidence_level":0.95,"lower_bound":114778.19506228062,"upper_bound":181212.1408328391},"point_estimate":152770.43713778257,"standard_error":16646.374970372995},"slope":null,"std_dev":{"confidence_interval":{"confidence_level":0.95,"lower_bound":159016.85393199185,"upper_bound":744750.4829770187},"point_estimate":474787.50254942663,"standard_error":162644.22451658556}}