{"mean":{"confidence_interval":{"confidence_level":0.95,"lower_bound":11291615.666799998,"upper_bound":11633898.578149993},"point_estimate":11444775.348000007,"standard_error":87715.19799234513},"median":{"confidence_interval":{"confidence_level":0.95,"lower_bound":11122589.600000001,"upper_bound":11273879.2},"point_estimate":11179333.3,"standard_error":37019.26952584365},"median_abs_dev":{"confidence_interval":{"confidence_level":0.95,"lower_bound":219750.07853865542,"upper_bound":407208.15854761034},"point_estimate":290726.58707857184,"standard_error":49582.88318526722},"slope":null,"std_dev":{"confidence_interval":{"confidence_level":0.95,"lower_bound":422627.3500554008,"upper_bound":1260074.4399748999},"point_estimate":882214.9773509947,"standard_error":217172.22929265478}}