{"mean":{"confidence_interval":{"confidence_level":0.95,"lower_bound":10416559.07955,"upper_bound":10668037.226599997},"point_estimate":10535491.7,"standard_error":64019.31954937652},"median":{"confidence_interval":{"confidence_level":0.95,"lower_bound":10256686.0,"upper_bound":10490697.399999999},"point_estimate":10380776.8,"standard_error":61719.90965874343},"median_abs_dev":{"confidence_interval":{"confidence_level":0.95,"lower_bound":351229.712884425,"upper_bound":657492.4650871776},"point_estimate":529944.0928316136,"standard_error":77032.79280990662},"slope":null,"std_dev":{"confidence_interval":{"confidence_level":0.95,"lower_bound":466436.75517024775,"upper_bound":834716.8094417397},"point_estimate":642576.988722157,"standard_error":98121.39199644416}}