{"mean":{"confidence_interval":{"confidence_level":0.95,"lower_bound":7505883.911642858,"upper_bound":7544905.717821425},"point_estimate":7525200.418571426,"standard_error":9931.885539262266},"median":{"confidence_interval":{"confidence_level":0.95,"lower_bound":7496031.0,"upper_bound":7546795.714285715},"point_estimate":7528309.928571429,"standard_error":13581.97679453669},"median_abs_dev":{"confidence_interval":{"confidence_level":0.95,"lower_bound":84762.72914516096,"upper_bound":140477.40650602788},"point_estimate":115506.08104935812,"standard_error":14224.155953871983},"slope":null,"std_dev":{"confidence_interval":{"confidence_level":0.95,"lower_bound":87613.88262410629,"upper_bound":110343.69263470637},"point_estimate":99701.30986375271,"standard_error":5781.565159702591}}