{"mean":{"confidence_interval":{"confidence_level":0.95,"lower_bound":10365512.5415,"upper_bound":10507603.392000005},"point_estimate":10435605.134000003,"standard_error":36225.445313307304},"median":{"confidence_interval":{"confidence_level":0.95,"lower_bound":10325671.399999999,"upper_bound":10483413.399999999},"point_estimate":10396902.2,"standard_error":38031.392461736585},"median_abs_dev":{"confidence_interval":{"confidence_level":0.95,"lower_bound":283135.67521333747,"upper_bound":442089.4845728422},"point_estimate":362026.0058927539,"standard_error":39147.44875637146},"slope":null,"std_dev":{"confidence_interval":{"confidence_level":0.95,"lower_bound":308948.74690881226,"upper_bound":413202.09555751976},"point_estimate":362878.6626355561,"standard_error":26735.118106366503}}