{"mean":{"confidence_interval":{"confidence_level":0.95,"lower_bound":9716485.124916669,"upper_bound":10154361.614499994},"point_estimate":9930570.556666669,"standard_error":111783.23907483587},"median":{"confidence_interval":{"confidence_level":0.95,"lower_bound":9459281.833333332,"upper_bound":9928860.0},"point_estimate":9602305.25,"standard_error":113063.61655028322},"median_abs_dev":{"confidence_interval":{"confidence_level":0.95,"lower_bound":728627.9577642675,"upper_bound":1291923.7794637685},"point_estimate":1054525.3003284344,"standard_error":138316.4499050295},"slope":null,"std_dev":{"confidence_interval":{"confidence_level":0.95,"lower_bound":923515.9886016138,"upper_bound":1303626.6570028656},"point_estimate":1120203.108537869,"standard_error":96959.0387819243}}