{"mean":{"confidence_interval":{"confidence_level":0.95,"lower_bound":8661199.788321432,"upper_bound":9024068.727178568},"point_estimate":8827835.461428573,"standard_error":93237.21049899963},"median":{"confidence_interval":{"confidence_level":0.95,"lower_bound":8559910.0,"upper_bound":8701258.42857143},"point_estimate":8653750.214285715,"standard_error":36036.317330185455},"median_abs_dev":{"confidence_interval":{"confidence_level":0.95,"lower_bound":277419.23567482445,"upper_bound":467019.2035087515},"point_estimate":352068.56794953346,"standard_error":47249.13071239117},"slope":null,"std_dev":{"confidence_interval":{"confidence_level":0.95,"lower_bound":534605.2158454894,"upper_bound":1252186.2360760595},"point_estimate":933440.4294487727,"standard_error":181770.84042521275}}