{"mean":{"confidence_interval":{"confidence_level":0.95,"lower_bound":8168583.301333332,"upper_bound":8260924.236749998},"point_estimate":8213542.311666667,"standard_error":23434.908278933362},"median":{"confidence_interval":{"confidence_level":0.95,"lower_bound":8155423.0,"upper_bound":8259563.25},"point_estimate":8226027.583333334,"standard_error":29067.266578201168},"median_abs_dev":{"confidence_interval":{"confidence_level":0.95,"lower_bound":173118.95189527466,"upper_bound":276546.68587781396},"point_estimate":225246.1013510835,"standard_error":26332.498703217607},"slope":null,"std_dev":{"confidence_interval":{"confidence_level":0.95,"lower_bound":187967.79389381982,"upper_bound":283021.43733066303},"point_estimate":236491.90214865902,"standard_error":24494.076834969528}}