{"mean":{"confidence_interval":{"confidence_level":0.95,"lower_bound":9682866.14,"upper_bound":9991113.536874998},"point_estimate":9828226.311666666,"standard_error":78829.37300145734},"median":{"confidence_interval":{"confidence_level":0.95,"lower_bound":9532830.916666666,"upper_bound":9804414.5},"point_estimate":9704844.666666668,"standard_error":75852.03419988582},"median_abs_dev":{"confidence_interval":{"confidence_level":0.95,"lower_bound":450181.2273576851,"upper_bound":810662.314657867},"point_estimate":691111.3831803203,"standard_error":100170.17063678066},"slope":null,"std_dev":{"confidence_interval":{"confidence_level":0.95,"lower_bound":568417.3637244195,"upper_bound":1054889.7051510187},"point_estimate":799665.0458233275,"standard_error":131118.9203435697}}