{"mean":{"confidence_interval":{"confidence_level":0.95,"lower_bound":8212978.030857144,"upper_bound":8321748.6495},"point_estimate":8266881.398571428,"standard_error":27692.558048582046},"median":{"confidence_interval":{"confidence_level":0.95,"lower_bound":8180124.0,"upper_bound":8354186.0},"point_estimate":8253333.214285715,"standard_error":51636.16568617167},"median_abs_dev":{"confidence_interval":{"confidence_level":0.95,"lower_bound":233090.7116643112,"upper_bound":362309.30956772494},"point_estimate":292948.6231991221,"standard_error":32735.238485851463},"slope":null,"std_dev":{"confidence_interval":{"confidence_level":0.95,"lower_bound":238564.2383664658,"upper_bound":314992.663521792},"point_estimate":277529.53046607564,"standard_error":19514.36065377167}}