{"mean":{"confidence_interval":{"confidence_level":0.95,"lower_bound":10638251.871249989,"upper_bound":11066712.584949993},"point_estimate":10843509.121999994,"standard_error":109563.54786518661},"median":{"confidence_interval":{"confidence_level":0.95,"lower_bound":10331621.0,"upper_bound":10628001.0},"point_estimate":10428920.8,"standard_error":77395.10846310253},"median_abs_dev":{"confidence_interval":{"confidence_level":0.95,"lower_bound":436536.88450992055,"upper_bound":882176.4880782372},"point_estimate":579444.5477128029,"standard_error":112451.18862210173},"slope":null,"std_dev":{"confidence_interval":{"confidence_level":0.95,"lower_bound":859472.6804769015,"upper_bound":1314173.421295354},"point_estimate":1103114.9633205202,"standard_error":115843.76221735367}}