{"mean":{"confidence_interval":{"confidence_level":0.95,"lower_bound":10885586.29515,"upper_bound":11170528.30575},"point_estimate":11015296.810000004,"standard_error":72960.87263126431},"median":{"confidence_interval":{"confidence_level":0.95,"lower_bound":10734547.4,"upper_bound":10916152.899999999},"point_estimate":10833296.9,"standard_error":51373.18010873129},"median_abs_dev":{"confidence_interval":{"confidence_level":0.95,"lower_bound":279359.64134037495,"upper_bound":499519.06573176384},"point_estimate":387090.0997477786,"standard_error":60401.38161139107},"slope":null,"std_dev":{"confidence_interval":{"confidence_level":0.95,"lower_bound":441424.44744478975,"upper_bound":1052436.4629828087},"point_estimate":737215.4831012038,"standard_error":174189.4545075883}}