{"mean":{"confidence_interval":{"confidence_level":0.95,"lower_bound":8049374.795392857,"upper_bound":8244112.987964288},"point_estimate":8133384.531428572,"standard_error":50091.59458439774},"median":{"confidence_interval":{"confidence_level":0.95,"lower_bound":8053258.857142857,"upper_bound":8172803.285714285},"point_estimate":8124774.142857143,"standard_error":31502.60780017417},"median_abs_dev":{"confidence_interval":{"confidence_level":0.95,"lower_bound":171729.66085118896,"upper_bound":314643.29681396554},"point_estimate":259786.56828786625,"standard_error":35894.304286872495},"slope":null,"std_dev":{"confidence_interval":{"confidence_level":0.95,"lower_bound":251059.02789662092,"upper_bound":771428.8707937035},"point_estimate":502205.41143963876,"standard_error":162162.19224981667}}