{"mean":{"confidence_interval":{"confidence_level":0.95,"lower_bound":8476953.416666664,"upper_bound":8613503.926875},"point_estimate":8545002.628333332,"standard_error":34772.9874164947},"median":{"confidence_interval":{"confidence_level":0.95,"lower_bound":8438850.416666666,"upper_bound":8655718.0},"point_estimate":8518475.916666668,"standard_error":57693.01472270137},"median_abs_dev":{"confidence_interval":{"confidence_level":0.95,"lower_bound":330237.26171586546,"upper_bound":486270.3052669773},"point_estimate":419219.59790736507,"standard_error":39612.24414967784},"slope":null,"std_dev":{"confidence_interval":{"confidence_level":0.95,"lower_bound":310388.66395363223,"upper_bound":384897.18673325225},"point_estimate":349972.73920819146,"standard_error":19036.45296821348}}