{"mean":{"confidence_interval":{"confidence_level":0.95,"lower_bound":1192328.3382099003,"upper_bound":1217552.969996287},"point_estimate":1204168.683827207,"standard_error":6450.974976461723},"median":{"confidence_interval":{"confidence_level":0.95,"lower_bound":1184478.6923076923,"upper_bound":1208038.054054054},"point_estimate":1198311.2532169118,"standard_error":5975.495575303325},"median_abs_dev":{"confidence_interval":{"confidence_level":0.95,"lower_bound":32226.921787381463,"upper_bound":53126.07480688112},"point_estimate":41047.34517458593,"standard_error":5232.893617014593},"slope":{"confidence_interval":{"confidence_level":0.95,"lower_bound":1197036.8909106723,"upper_bound":1219470.14140007},"point_estimate":1207837.2764060884,"standard_error":5680.635997941835},"std_dev":{"confidence_interval":{"confidence_level":0.95,"lower_bound":43172.26922176174,"upper_bound":85082.66058035662},"point_estimate":65025.450052403045,"standard_error":10830.019827706788}}