{"mean":{"confidence_interval":{"confidence_level":0.95,"lower_bound":589702.1759044921,"upper_bound":618441.8936350947},"point_estimate":602969.4212175638,"standard_error":7358.433498624511},"median":{"confidence_interval":{"confidence_level":0.95,"lower_bound":573942.6818181818,"upper_bound":593888.3245614035},"point_estimate":583718.1070200126,"standard_error":5094.681588557239},"median_abs_dev":{"confidence_interval":{"confidence_level":0.95,"lower_bound":28364.858680488418,"upper_bound":54640.795782432},"point_estimate":41316.014741637475,"standard_error":6851.559084060168},"slope":{"confidence_interval":{"confidence_level":0.95,"lower_bound":589652.8136107444,"upper_bound":610014.438865636},"point_estimate":599616.993038274,"standard_error":5197.234098490849},"std_dev":{"confidence_interval":{"confidence_level":0.95,"lower_bound":47558.907149712984,"upper_bound":102712.94173690332},"point_estimate":74263.58102442678,"standard_error":15336.099459688545}}