{"mean":{"confidence_interval":{"confidence_level":0.95,"lower_bound":432152.1459182744,"upper_bound":438929.7715922626},"point_estimate":435600.25715106557,"standard_error":1723.638658522777},"median":{"confidence_interval":{"confidence_level":0.95,"lower_bound":435859.72685185185,"upper_bound":439029.32034632034},"point_estimate":436791.83193041524,"standard_error":842.6966883133338},"median_abs_dev":{"confidence_interval":{"confidence_level":0.95,"lower_bound":4634.056526453243,"upper_bound":7828.308088502249},"point_estimate":6213.91447703725,"standard_error":798.6766451716466},"slope":{"confidence_interval":{"confidence_level":0.95,"lower_bound":430054.93441472313,"upper_bound":438725.0591365744},"point_estimate":434600.7695640609,"standard_error":2216.8872285064385},"std_dev":{"confidence_interval":{"confidence_level":0.95,"lower_bound":12934.727165122196,"upper_bound":21045.06706548511},"point_estimate":17312.65460030437,"standard_error":2064.1365075398826}}