{"mean":{"confidence_interval":{"confidence_level":0.95,"lower_bound":526276.6845589543,"upper_bound":539415.7566081149},"point_estimate":532063.0651600639,"standard_error":3369.133590392892},"median":{"confidence_interval":{"confidence_level":0.95,"lower_bound":519101.1948198198,"upper_bound":525558.4230769231},"point_estimate":522105.07589285716,"standard_error":1662.015986914581},"median_abs_dev":{"confidence_interval":{"confidence_level":0.95,"lower_bound":7605.533192609261,"upper_bound":15444.053602159058},"point_estimate":10472.929169181993,"standard_error":2024.571130141458},"slope":{"confidence_interval":{"confidence_level":0.95,"lower_bound":525794.3414395935,"upper_bound":534719.6094306244},"point_estimate":530025.1899157676,"standard_error":2280.5397019357047},"std_dev":{"confidence_interval":{"confidence_level":0.95,"lower_bound":17353.637590435974,"upper_bound":50384.04841126489},"point_estimate":33935.122526445135,"standard_error":9359.382410025439}}