{"mean":{"confidence_interval":{"confidence_level":0.95,"lower_bound":502147.2888029191,"upper_bound":529459.7853220806},"point_estimate":512297.3878569518,"standard_error":7657.802936841105},"median":{"confidence_interval":{"confidence_level":0.95,"lower_bound":496652.0,"upper_bound":500724.55889976956},"point_estimate":498693.0127708978,"standard_error":1165.831040898525},"median_abs_dev":{"confidence_interval":{"confidence_level":0.95,"lower_bound":5157.582701983001,"upper_bound":10321.041925408766},"point_estimate":6863.208957286788,"standard_error":1365.4315241793254},"slope":{"confidence_interval":{"confidence_level":0.95,"lower_bound":504805.32815177663,"upper_bound":517728.94784294534},"point_estimate":510976.4949534506,"standard_error":3302.2271084071},"std_dev":{"confidence_interval":{"confidence_level":0.95,"lower_bound":14366.17362947943,"upper_bound":128871.9389186895},"point_estimate":76595.49020508905,"standard_error":39319.110100536425}}