{"mean":{"confidence_interval":{"confidence_level":0.95,"lower_bound":526542.5040661271,"upper_bound":543148.8387973615},"point_estimate":534244.2035963536,"standard_error":4252.651170949537},"median":{"confidence_interval":{"confidence_level":0.95,"lower_bound":517240.6702226345,"upper_bound":524980.2264038231},"point_estimate":520240.4078125,"standard_error":1930.912418311962},"median_abs_dev":{"confidence_interval":{"confidence_level":0.95,"lower_bound":15837.5981711211,"upper_bound":27412.124553269077},"point_estimate":21407.6907719808,"standard_error":3016.9750837020583},"slope":{"confidence_interval":{"confidence_level":0.95,"lower_bound":530898.7366137931,"upper_bound":561995.4357029212},"point_estimate":544108.6367031181,"standard_error":8121.560351705244},"std_dev":{"confidence_interval":{"confidence_level":0.95,"lower_bound":28331.059821233506,"upper_bound":57492.61592565603},"point_estimate":42670.65134982665,"standard_error":7706.622257094646}}