{"mean":{"confidence_interval":{"confidence_level":0.95,"lower_bound":121371.38014285036,"upper_bound":123935.16455889787},"point_estimate":122588.6402365667,"standard_error":653.7847818921244},"median":{"confidence_interval":{"confidence_level":0.95,"lower_bound":120181.97752808989,"upper_bound":123426.5975308642},"point_estimate":121517.56837606838,"standard_error":810.681237300437},"median_abs_dev":{"confidence_interval":{"confidence_level":0.95,"lower_bound":4085.2820207723926,"upper_bound":6047.607822400422},"point_estimate":5319.5066574608545,"standard_error":476.07517836546185},"slope":{"confidence_interval":{"confidence_level":0.95,"lower_bound":120684.42499566384,"upper_bound":123479.113899481},"point_estimate":121998.90286751064,"standard_error":710.3307410681664},"std_dev":{"confidence_interval":{"confidence_level":0.95,"lower_bound":4606.937982221207,"upper_bound":8421.480828338455},"point_estimate":6587.2213504221745,"standard_error":981.9982536231636}}