{"mean":{"confidence_interval":{"confidence_level":0.95,"lower_bound":841630.5644934179,"upper_bound":881165.1939761244},"point_estimate":860095.3700661033,"standard_error":10132.648498734437},"median":{"confidence_interval":{"confidence_level":0.95,"lower_bound":819063.0,"upper_bound":855261.873493976},"point_estimate":838146.1481660232,"standard_error":9415.163612925173},"median_abs_dev":{"confidence_interval":{"confidence_level":0.95,"lower_bound":49577.75989145657,"upper_bound":95564.9269324156},"point_estimate":73108.66583362332,"standard_error":12678.973209227523},"slope":{"confidence_interval":{"confidence_level":0.95,"lower_bound":845826.9146409252,"upper_bound":876128.9752762382},"point_estimate":860661.6133619033,"standard_error":7715.668686205575},"std_dev":{"confidence_interval":{"confidence_level":0.95,"lower_bound":66727.950401945,"upper_bound":140775.22578911882},"point_estimate":101648.36373941234,"standard_error":20284.05221789117}}