{"mean":{"confidence_interval":{"confidence_level":0.95,"lower_bound":149455.01036442933,"upper_bound":154105.72698063042},"point_estimate":151630.8581264706,"standard_error":1190.3151981858223},"median":{"confidence_interval":{"confidence_level":0.95,"lower_bound":147074.84615384616,"upper_bound":152337.5588826056},"point_estimate":150164.8071830883,"standard_error":1470.2949668262731},"median_abs_dev":{"confidence_interval":{"confidence_level":0.95,"lower_bound":6076.116422972666,"upper_bound":9765.531820934584},"point_estimate":8074.442428261004,"standard_error":871.4621383981163},"slope":{"confidence_interval":{"confidence_level":0.95,"lower_bound":149820.01015870235,"upper_bound":153704.98755330377},"point_estimate":151771.4823162828,"standard_error":991.0933187531898},"std_dev":{"confidence_interval":{"confidence_level":0.95,"lower_bound":7664.938411161268,"upper_bound":15965.193343965626},"point_estimate":11993.732501544153,"standard_error":2157.223776035605}}