{"mean":{"confidence_interval":{"confidence_level":0.95,"lower_bound":119749.92805532755,"upper_bound":121383.30464551193},"point_estimate":120543.55857647644,"standard_error":415.6279911605747},"median":{"confidence_interval":{"confidence_level":0.95,"lower_bound":119589.2125,"upper_bound":121022.92361111111},"point_estimate":120364.60714285714,"standard_error":395.432080740489},"median_abs_dev":{"confidence_interval":{"confidence_level":0.95,"lower_bound":3058.8215025700606,"upper_bound":5123.563061639785},"point_estimate":4278.163303728885,"standard_error":522.5904970184281},"slope":{"confidence_interval":{"confidence_level":0.95,"lower_bound":118276.08319595041,"upper_bound":119678.40146958461},"point_estimate":118946.48218117334,"standard_error":357.38140272271704},"std_dev":{"confidence_interval":{"confidence_level":0.95,"lower_bound":3305.5169939796137,"upper_bound":5173.532567860828},"point_estimate":4174.306581088003,"standard_error":494.524133520052}}