{"mean":{"confidence_interval":{"confidence_level":0.95,"lower_bound":150076.12678938362,"upper_bound":154783.66327494293},"point_estimate":152167.44947734877,"standard_error":1208.5694797608226},"median":{"confidence_interval":{"confidence_level":0.95,"lower_bound":147211.39047619049,"upper_bound":152869.42226852215},"point_estimate":149526.61785714288,"standard_error":1543.095736652743},"median_abs_dev":{"confidence_interval":{"confidence_level":0.95,"lower_bound":5952.865220478019,"upper_bound":10291.014690259084},"point_estimate":8098.156572680624,"standard_error":1159.440572191582},"slope":{"confidence_interval":{"confidence_level":0.95,"lower_bound":150669.9348164992,"upper_bound":155356.54964550093},"point_estimate":152872.56201481982,"standard_error":1201.8947795638564},"std_dev":{"confidence_interval":{"confidence_level":0.95,"lower_bound":6801.814101980121,"upper_bound":17944.459140232128},"point_estimate":12119.745391122013,"standard_error":3370.362030635266}}