{"mean":{"confidence_interval":{"confidence_level":0.95,"lower_bound":145979.5251833327,"upper_bound":149298.38807913952},"point_estimate":147579.51444055318,"standard_error":849.1223146635484},"median":{"confidence_interval":{"confidence_level":0.95,"lower_bound":144978.8298022599,"upper_bound":148704.60793650793},"point_estimate":146933.83544973546,"standard_error":860.0740133958523},"median_abs_dev":{"confidence_interval":{"confidence_level":0.95,"lower_bound":5457.697735813266,"upper_bound":8613.778340371593},"point_estimate":6860.094602884298,"standard_error":791.7790305732007},"slope":{"confidence_interval":{"confidence_level":0.95,"lower_bound":145324.59613308057,"upper_bound":149707.61776742607},"point_estimate":147451.9357119635,"standard_error":1119.431968213741},"std_dev":{"confidence_interval":{"confidence_level":0.95,"lower_bound":6431.8592354228595,"upper_bound":10553.177733119328},"point_estimate":8534.536556345804,"standard_error":1059.460723316003}}