{"mean":{"confidence_interval":{"confidence_level":0.95,"lower_bound":122389.80462510804,"upper_bound":124191.10454338483},"point_estimate":123281.07722112555,"standard_error":459.8320513346401},"median":{"confidence_interval":{"confidence_level":0.95,"lower_bound":122097.18352650257,"upper_bound":124335.89015151515},"point_estimate":123361.65885416666,"standard_error":523.748655121266},"median_abs_dev":{"confidence_interval":{"confidence_level":0.95,"lower_bound":2958.4366890245874,"upper_bound":5332.400226301372},"point_estimate":4194.339631917166,"standard_error":606.8519829059417},"slope":{"confidence_interval":{"confidence_level":0.95,"lower_bound":120641.86368518042,"upper_bound":122583.4989614613},"point_estimate":121576.8161777745,"standard_error":494.1643463010079},"std_dev":{"confidence_interval":{"confidence_level":0.95,"lower_bound":3715.6839819594866,"upper_bound":5688.178862995629},"point_estimate":4641.878259412216,"standard_error":517.738274519403}}