{"mean":{"confidence_interval":{"confidence_level":0.95,"lower_bound":132364.25438301748,"upper_bound":135716.9881406327},"point_estimate":133914.68319639447,"standard_error":856.3274463104725},"median":{"confidence_interval":{"confidence_level":0.95,"lower_bound":131026.63149350649,"upper_bound":134670.31464885396},"point_estimate":132094.45925297114,"standard_error":1039.3506898138285},"median_abs_dev":{"confidence_interval":{"confidence_level":0.95,"lower_bound":5397.55427337095,"upper_bound":7923.608865799282},"point_estimate":6922.068806510853,"standard_error":635.9135312090331},"slope":{"confidence_interval":{"confidence_level":0.95,"lower_bound":131321.17499866764,"upper_bound":134715.37964772532},"point_estimate":132986.67060187043,"standard_error":863.3542221018708},"std_dev":{"confidence_interval":{"confidence_level":0.95,"lower_bound":5656.400474067964,"upper_bound":11939.403617810294},"point_estimate":8615.272800197883,"standard_error":1789.4028520860222}}