{"mean":{"confidence_interval":{"confidence_level":0.95,"lower_bound":121721.31603082549,"upper_bound":135936.77097128186},"point_estimate":128046.38657151879,"standard_error":3658.686440120262},"median":{"confidence_interval":{"confidence_level":0.95,"lower_bound":117095.68103448275,"upper_bound":119510.0872206341},"point_estimate":118227.87559216193,"standard_error":599.0582519513075},"median_abs_dev":{"confidence_interval":{"confidence_level":0.95,"lower_bound":4423.716291230768,"upper_bound":8138.431949122024},"point_estimate":6019.3342969047835,"standard_error":932.3809318126406},"slope":{"confidence_interval":{"confidence_level":0.95,"lower_bound":114993.20093548969,"upper_bound":116650.32045852847},"point_estimate":115784.27580611792,"standard_error":422.6193266213299},"std_dev":{"confidence_interval":{"confidence_level":0.95,"lower_bound":14840.321085214317,"upper_bound":51691.25107362605},"point_estimate":36709.76382401784,"standard_error":8990.847181026456}}