{"mean":{"confidence_interval":{"confidence_level":0.95,"lower_bound":120465.114849082,"upper_bound":122570.63106182723},"point_estimate":121480.15756182812,"standard_error":537.8084406531444},"median":{"confidence_interval":{"confidence_level":0.95,"lower_bound":120405.8725,"upper_bound":122141.92410714286},"point_estimate":121337.21450407608,"standard_error":515.7667141505424},"median_abs_dev":{"confidence_interval":{"confidence_level":0.95,"lower_bound":3305.908370995894,"upper_bound":5608.07253685516},"point_estimate":4868.603283368122,"standard_error":573.9532799170986},"slope":{"confidence_interval":{"confidence_level":0.95,"lower_bound":118813.29225205786,"upper_bound":120824.13002198287},"point_estimate":119760.5663665583,"standard_error":512.3879534388419},"std_dev":{"confidence_interval":{"confidence_level":0.95,"lower_bound":3995.345765052778,"upper_bound":6767.305418269825},"point_estimate":5396.163140048324,"standard_error":715.6433426288877}}