{"mean":{"confidence_interval":{"confidence_level":0.95,"lower_bound":3500847.0638333345,"upper_bound":3620324.052166667},"point_estimate":3545397.003333333,"standard_error":33038.04400408204},"median":{"confidence_interval":{"confidence_level":0.95,"lower_bound":3493953.0,"upper_bound":3543126.933333333},"point_estimate":3518556.6666666665,"standard_error":11966.280737359153},"median_abs_dev":{"confidence_interval":{"confidence_level":0.95,"lower_bound":60846.69363975541,"upper_bound":96177.59463250624},"point_estimate":71709.35770690448,"standard_error":9062.25976695095},"slope":null,"std_dev":{"confidence_interval":{"confidence_level":0.95,"lower_bound":71104.16376524478,"upper_bound":557342.9749608514},"point_estimate":331268.44331677794,"standard_error":167150.66295273026}}