{"mean":{"confidence_interval":{"confidence_level":0.95,"lower_bound":92690.80323741776,"upper_bound":94620.70699805315},"point_estimate":93577.52389275527,"standard_error":492.36306445197783},"median":{"confidence_interval":{"confidence_level":0.95,"lower_bound":92454.27929901423,"upper_bound":93626.3498059867},"point_estimate":93001.10013282172,"standard_error":273.55778821503355},"median_abs_dev":{"confidence_interval":{"confidence_level":0.95,"lower_bound":2024.2422840437666,"upper_bound":3750.7101668661335},"point_estimate":3075.2659509647424,"standard_error":448.6027329763257},"slope":{"confidence_interval":{"confidence_level":0.95,"lower_bound":92736.35081999251,"upper_bound":94524.30777971854},"point_estimate":93510.58467509437,"standard_error":460.62372641848566},"std_dev":{"confidence_interval":{"confidence_level":0.95,"lower_bound":2857.7492325608673,"upper_bound":7090.841824792924},"point_estimate":4934.266314896854,"standard_error":1154.9269830486514}}