{"mean":{"confidence_interval":{"confidence_level":0.95,"lower_bound":116614.55929879598,"upper_bound":119428.06442148678},"point_estimate":117839.64394488055,"standard_error":723.7403387260679},"median":{"confidence_interval":{"confidence_level":0.95,"lower_bound":116218.31791666667,"upper_bound":117023.80645161291},"point_estimate":116702.05758498225,"standard_error":201.37749271553088},"median_abs_dev":{"confidence_interval":{"confidence_level":0.95,"lower_bound":1175.1489149587178,"upper_bound":2041.5000807423967},"point_estimate":1474.3931393408986,"standard_error":230.50879082598462},"slope":{"confidence_interval":{"confidence_level":0.95,"lower_bound":116324.85218158072,"upper_bound":119623.09459524199},"point_estimate":117633.8867310313,"standard_error":870.4171577610483},"std_dev":{"confidence_interval":{"confidence_level":0.95,"lower_bound":2326.378364114241,"upper_bound":10823.638488052295},"point_estimate":7272.998851051525,"standard_error":2136.0632997917032}}