{"mean":{"confidence_interval":{"confidence_level":0.95,"lower_bound":39176539.000625,"upper_bound":40949078.539875},"point_estimate":40017941.39,"standard_error":453073.3624377598},"median":{"confidence_interval":{"confidence_level":0.95,"lower_bound":38306592.0,"upper_bound":40053781.5},"point_estimate":39358160.75,"standard_error":498682.13776099845},"median_abs_dev":{"confidence_interval":{"confidence_level":0.95,"lower_bound":2649907.457079739,"upper_bound":4388451.814739406},"point_estimate":3729798.992782831,"standard_error":464503.92776446196},"slope":null,"std_dev":{"confidence_interval":{"confidence_level":0.95,"lower_bound":3241556.730508097,"upper_bound":5685818.576566083},"point_estimate":4542826.774166978,"standard_error":626368.3530655848}}