{"mean":{"confidence_interval":{"confidence_level":0.95,"lower_bound":36014633.34075,"upper_bound":36653385.199},"point_estimate":36340064.895,"standard_error":162799.58384063156},"median":{"confidence_interval":{"confidence_level":0.95,"lower_bound":36115829.75,"upper_bound":36951940.0},"point_estimate":36537334.75,"standard_error":200284.68575184201},"median_abs_dev":{"confidence_interval":{"confidence_level":0.95,"lower_bound":1255777.0037055016,"upper_bound":1998309.031122923},"point_estimate":1586178.4849897027,"standard_error":187999.0811590602},"slope":null,"std_dev":{"confidence_interval":{"confidence_level":0.95,"lower_bound":1420732.9844492956,"upper_bound":1826842.8757966051},"point_estimate":1637199.08369031,"standard_error":103318.80293770223}}