{"mean":{"confidence_interval":{"confidence_level":0.95,"lower_bound":43936673.897875,"upper_bound":45085209.31475},"point_estimate":44498795.545,"standard_error":292879.27710179274},"median":{"confidence_interval":{"confidence_level":0.95,"lower_bound":43694737.75,"upper_bound":44892538.0},"point_estimate":44057515.0,"standard_error":286165.7976216046},"median_abs_dev":{"confidence_interval":{"confidence_level":0.95,"lower_bound":1632668.0017143488,"upper_bound":3009558.9679196477},"point_estimate":2183492.8101852536,"standard_error":358467.5494609971},"slope":null,"std_dev":{"confidence_interval":{"confidence_level":0.95,"lower_bound":2244857.0802852754,"upper_bound":3743488.325732399},"point_estimate":2950581.264608481,"standard_error":397358.7203630288}}