{"mean":{"confidence_interval":{"confidence_level":0.95,"lower_bound":40707741.229125,"upper_bound":41795621.059999995},"point_estimate":41187038.585,"standard_error":278401.42071240477},"median":{"confidence_interval":{"confidence_level":0.95,"lower_bound":40360946.0,"upper_bound":41140119.5},"point_estimate":40692979.75,"standard_error":176108.60296246788},"median_abs_dev":{"confidence_interval":{"confidence_level":0.95,"lower_bound":1170139.6385333687,"upper_bound":2028202.5368659568},"point_estimate":1575451.1328801513,"standard_error":211248.02554419593},"slope":null,"std_dev":{"confidence_interval":{"confidence_level":0.95,"lower_bound":1534152.8627644375,"upper_bound":4196506.517419994},"point_estimate":2796175.852010652,"standard_error":824398.0657393463}}