{"mean":{"confidence_interval":{"confidence_level":0.95,"lower_bound":31690336.84125,"upper_bound":32157421.6265},"point_estimate":31924975.335,"standard_error":119159.08136303823},"median":{"confidence_interval":{"confidence_level":0.95,"lower_bound":31612238.5,"upper_bound":32279596.5},"point_estimate":31950314.75,"standard_error":145960.3718808918},"median_abs_dev":{"confidence_interval":{"confidence_level":0.95,"lower_bound":1002416.8748747931,"upper_bound":1572233.8909372687},"point_estimate":1238600.7123604417,"standard_error":144594.88711109955},"slope":null,"std_dev":{"confidence_interval":{"confidence_level":0.95,"lower_bound":1049705.813514549,"upper_bound":1326030.800176814},"point_estimate":1196952.365510804,"standard_error":70513.09254473726}}