{"mean":{"confidence_interval":{"confidence_level":0.95,"lower_bound":32595976.54975,"upper_bound":33087064.928},"point_estimate":32837827.12,"standard_error":125476.75871908238},"median":{"confidence_interval":{"confidence_level":0.95,"lower_bound":32307755.25,"upper_bound":33040240.5},"point_estimate":32732936.0,"standard_error":167698.024957573},"median_abs_dev":{"confidence_interval":{"confidence_level":0.95,"lower_bound":1027901.017101109,"upper_bound":1659768.4466332197},"point_estimate":1423265.581431985,"standard_error":161236.207105545},"slope":null,"std_dev":{"confidence_interval":{"confidence_level":0.95,"lower_bound":1076572.44082898,"upper_bound":1448633.1094526902},"point_estimate":1263361.3655023233,"standard_error":94579.1514443169}}