{"mean":{"confidence_interval":{"confidence_level":0.95,"lower_bound":36226155.809875004,"upper_bound":37226971.65275},"point_estimate":36682864.59,"standard_error":255771.25377231647},"median":{"confidence_interval":{"confidence_level":0.95,"lower_bound":36320396.0,"upper_bound":36889201.0},"point_estimate":36712949.25,"standard_error":165249.08579108003},"median_abs_dev":{"confidence_interval":{"confidence_level":0.95,"lower_bound":1014033.1475973129,"upper_bound":1851672.480726242},"point_estimate":1415450.796970725,"standard_error":220740.6426890948},"slope":null,"std_dev":{"confidence_interval":{"confidence_level":0.95,"lower_bound":1408506.3767113278,"upper_bound":3582804.314169353},"point_estimate":2562730.558616949,"standard_error":578315.9346083866}}