{"mean":{"confidence_interval":{"confidence_level":0.95,"lower_bound":37666532.9675,"upper_bound":38553455.03725},"point_estimate":38093604.36,"standard_error":225979.0986372861},"median":{"confidence_interval":{"confidence_level":0.95,"lower_bound":37690827.0,"upper_bound":38853334.0},"point_estimate":38397306.25,"standard_error":289324.91286721727},"median_abs_dev":{"confidence_interval":{"confidence_level":0.95,"lower_bound":1241536.6309583187,"upper_bound":2319875.32851398},"point_estimate":1710819.9234768748,"standard_error":285576.8353011896},"slope":null,"std_dev":{"confidence_interval":{"confidence_level":0.95,"lower_bound":1675323.7933027549,"upper_bound":2916341.610155471},"point_estimate":2274207.507491727,"standard_error":326654.0484046382}}