{"mean":{"confidence_interval":{"confidence_level":0.95,"lower_bound":40844551.819749996,"upper_bound":41839112.57},"point_estimate":41341422.415,"standard_error":253813.79292212232},"median":{"confidence_interval":{"confidence_level":0.95,"lower_bound":40627221.25,"upper_bound":41920273.5},"point_estimate":41355890.25,"standard_error":400212.1324044523},"median_abs_dev":{"confidence_interval":{"confidence_level":0.95,"lower_bound":1924530.7792827487,"upper_bound":3035827.3036032915},"point_estimate":2438796.5256527066,"standard_error":278651.94597728556},"slope":null,"std_dev":{"confidence_interval":{"confidence_level":0.95,"lower_bound":2157042.256099054,"upper_bound":2905521.5693804016},"point_estimate":2550743.1578384144,"standard_error":191340.31358118996}}