{"mean":{"confidence_interval":{"confidence_level":0.95,"lower_bound":31546829.484875,"upper_bound":32153096.865250003},"point_estimate":31846969.915,"standard_error":154691.4678701336},"median":{"confidence_interval":{"confidence_level":0.95,"lower_bound":31360726.75,"upper_bound":32007806.25},"point_estimate":31768253.25,"standard_error":153224.650141357},"median_abs_dev":{"confidence_interval":{"confidence_level":0.95,"lower_bound":1166961.1109822989,"upper_bound":1852075.7479190826},"point_estimate":1506331.2101572752,"standard_error":173059.49458243581},"slope":null,"std_dev":{"confidence_interval":{"confidence_level":0.95,"lower_bound":1331644.7992171764,"upper_bound":1756820.1547015894},"point_estimate":1557151.0175071447,"standard_error":108591.70145129366}}