{"mean":{"confidence_interval":{"confidence_level":0.95,"lower_bound":36737483.416875,"upper_bound":37341620.8015},"point_estimate":37041175.77,"standard_error":153916.1411273179},"median":{"confidence_interval":{"confidence_level":0.95,"lower_bound":36799907.5,"upper_bound":37384623.0},"point_estimate":37135091.5,"standard_error":136223.6935028096},"median_abs_dev":{"confidence_interval":{"confidence_level":0.95,"lower_bound":1200630.9563845405,"upper_bound":2066615.7477602363},"point_estimate":1546060.4416519403,"standard_error":221384.13719009035},"slope":null,"std_dev":{"confidence_interval":{"confidence_level":0.95,"lower_bound":1323008.2389414941,"upper_bound":1769595.2585890638},"point_estimate":1552521.583308639,"standard_error":114517.65865297179}}