{"mean":{"confidence_interval":{"confidence_level":0.95,"lower_bound":44207077.318375,"upper_bound":45925526.220374994},"point_estimate":44954572.215,"standard_error":440038.44114155014},"median":{"confidence_interval":{"confidence_level":0.95,"lower_bound":43574737.25,"upper_bound":44997261.25},"point_estimate":44305086.5,"standard_error":382625.09699665784},"median_abs_dev":{"confidence_interval":{"confidence_level":0.95,"lower_bound":2090723.564632237,"upper_bound":3336775.0924266498},"point_estimate":2709782.442341745,"standard_error":311891.6830427319},"slope":null,"std_dev":{"confidence_interval":{"confidence_level":0.95,"lower_bound":2367706.2006796976,"upper_bound":6700683.346221453},"point_estimate":4437657.621633987,"standard_error":1356787.7160022405}}