{"mean":{"confidence_interval":{"confidence_level":0.95,"lower_bound":35344172.6415,"upper_bound":36205858.065000005},"point_estimate":35743540.525,"standard_error":219602.8842095396},"median":{"confidence_interval":{"confidence_level":0.95,"lower_bound":35311394.5,"upper_bound":36155700.5},"point_estimate":35768372.5,"standard_error":244241.02007792247},"median_abs_dev":{"confidence_interval":{"confidence_level":0.95,"lower_bound":1303437.4037593603,"upper_bound":2270468.796341121},"point_estimate":1825352.624693513,"standard_error":250258.43008263895},"slope":null,"std_dev":{"confidence_interval":{"confidence_level":0.95,"lower_bound":1447377.937166343,"upper_bound":3150731.954479535},"point_estimate":2216158.8542126436,"standard_error":513155.19663502235}}