{"mean":{"confidence_interval":{"confidence_level":0.95,"lower_bound":32227737.989875,"upper_bound":32744529.803875},"point_estimate":32485135.555,"standard_error":131505.29055543995},"median":{"confidence_interval":{"confidence_level":0.95,"lower_bound":32118211.0,"upper_bound":32591467.0},"point_estimate":32392189.5,"standard_error":129530.1504270841},"median_abs_dev":{"confidence_interval":{"confidence_level":0.95,"lower_bound":742864.5004615189,"upper_bound":1561086.9630351663},"point_estimate":988870.0901940465,"standard_error":207826.56247818534},"slope":null,"std_dev":{"confidence_interval":{"confidence_level":0.95,"lower_bound":1120320.948232145,"upper_bound":1504982.0108419692},"point_estimate":1323275.1209748976,"standard_error":98725.06931416411}}