{"mean":{"confidence_interval":{"confidence_level":0.95,"lower_bound":33388617.875625,"upper_bound":34278969.04175},"point_estimate":33796270.03,"standard_error":227441.8958176614},"median":{"confidence_interval":{"confidence_level":0.95,"lower_bound":33060527.5,"upper_bound":33772773.5},"point_estimate":33332105.0,"standard_error":196492.86117629672},"median_abs_dev":{"confidence_interval":{"confidence_level":0.95,"lower_bound":1047120.7018598914,"upper_bound":1856141.4076969028},"point_estimate":1314557.2742119431,"standard_error":209980.533772858},"slope":null,"std_dev":{"confidence_interval":{"confidence_level":0.95,"lower_bound":1434692.3334482717,"upper_bound":3263691.0768714882},"point_estimate":2286301.1432556626,"standard_error":546590.7301978878}}