{"mean":{"confidence_interval":{"confidence_level":0.95,"lower_bound":34513985.835,"upper_bound":35666059.144875},"point_estimate":35028307.635,"standard_error":297046.8489105897},"median":{"confidence_interval":{"confidence_level":0.95,"lower_bound":34380871.0,"upper_bound":34901152.5},"point_estimate":34641999.75,"standard_error":125051.22402164855},"median_abs_dev":{"confidence_interval":{"confidence_level":0.95,"lower_bound":1022672.9989439249,"upper_bound":1938004.2771935463},"point_estimate":1394328.5657957196,"standard_error":234629.10420631396},"slope":null,"std_dev":{"confidence_interval":{"confidence_level":0.95,"lower_bound":1412198.9008893275,"upper_bound":4352673.380858583},"point_estimate":2987126.5079568704,"standard_error":784201.2151803541}}