{"mean":{"confidence_interval":{"confidence_level":0.95,"lower_bound":37065672.9345,"upper_bound":37666204.307000004},"point_estimate":37367875.08,"standard_error":153440.41081174233},"median":{"confidence_interval":{"confidence_level":0.95,"lower_bound":37067392.0,"upper_bound":37996299.0},"point_estimate":37531796.5,"standard_error":251933.41420098188},"median_abs_dev":{"confidence_interval":{"confidence_level":0.95,"lower_bound":1370005.401277542,"upper_bound":2165128.956261277},"point_estimate":1809821.6486692429,"standard_error":202826.60536268668},"slope":null,"std_dev":{"confidence_interval":{"confidence_level":0.95,"lower_bound":1369584.4554050886,"upper_bound":1693912.888085475},"point_estimate":1543820.9442735547,"standard_error":82504.61109806942}}