{"mean":{"confidence_interval":{"confidence_level":0.95,"lower_bound":33739176.693500005,"upper_bound":34622126.13275},"point_estimate":34129006.44,"standard_error":226264.3062976147},"median":{"confidence_interval":{"confidence_level":0.95,"lower_bound":33774200.0,"upper_bound":34413422.0},"point_estimate":34054798.75,"standard_error":162763.2639121816},"median_abs_dev":{"confidence_interval":{"confidence_level":0.95,"lower_bound":1137483.3170056343,"upper_bound":1780966.5466815233},"point_estimate":1450236.6695031524,"standard_error":164707.10049317448},"slope":null,"std_dev":{"confidence_interval":{"confidence_level":0.95,"lower_bound":1239071.849227418,"upper_bound":3424879.7593813054},"point_estimate":2262641.4421765655,"standard_error":688782.8915221315}}