{"mean":{"confidence_interval":{"confidence_level":0.95,"lower_bound":36573781.9265,"upper_bound":37474997.953375},"point_estimate":36982405.09,"standard_error":230360.29116406073},"median":{"confidence_interval":{"confidence_level":0.95,"lower_bound":36337113.5,"upper_bound":37616673.0},"point_estimate":37012581.25,"standard_error":332204.9274480185},"median_abs_dev":{"confidence_interval":{"confidence_level":0.95,"lower_bound":1487243.1061461568,"upper_bound":2195835.454966128},"point_estimate":1984493.7939181924,"standard_error":184489.77396074947},"slope":null,"std_dev":{"confidence_interval":{"confidence_level":0.95,"lower_bound":1424248.8621083712,"upper_bound":3374152.4610448047},"point_estimate":2313089.586309502,"standard_error":604359.6264181748}}