{"mean":{"confidence_interval":{"confidence_level":0.95,"lower_bound":36771113.379375,"upper_bound":37715598.341625005},"point_estimate":37202725.055,"standard_error":241229.5767121583},"median":{"confidence_interval":{"confidence_level":0.95,"lower_bound":36896553.0,"upper_bound":37686783.5},"point_estimate":37352105.75,"standard_error":237185.48236780145},"median_abs_dev":{"confidence_interval":{"confidence_level":0.95,"lower_bound":1287901.229368933,"upper_bound":2240074.38493073},"point_estimate":1839178.2400980592,"standard_error":239542.2860168104},"slope":null,"std_dev":{"confidence_interval":{"confidence_level":0.95,"lower_bound":1490705.4267897292,"upper_bound":3519932.14907541},"point_estimate":2419795.110843745,"standard_error":617188.131663546}}