{"mean":{"confidence_interval":{"confidence_level":0.95,"lower_bound":34360507.427125,"upper_bound":35033686.256},"point_estimate":34693996.985,"standard_error":171067.0496056331},"median":{"confidence_interval":{"confidence_level":0.95,"lower_bound":34108607.5,"upper_bound":35067872.0},"point_estimate":34571828.0,"standard_error":272763.45799335995},"median_abs_dev":{"confidence_interval":{"confidence_level":0.95,"lower_bound":1390359.886588678,"upper_bound":2277742.802461982},"point_estimate":1955067.8909406066,"standard_error":230280.64501787978},"slope":null,"std_dev":{"confidence_interval":{"confidence_level":0.95,"lower_bound":1483934.120691205,"upper_bound":1933324.8111960562},"point_estimate":1719754.1453391467,"standard_error":114972.94016621214}}