{"mean":{"confidence_interval":{"confidence_level":0.95,"lower_bound":32950958.766125,"upper_bound":33868720.05375},"point_estimate":33377678.425,"standard_error":234043.99403610558},"median":{"confidence_interval":{"confidence_level":0.95,"lower_bound":32590884.0,"upper_bound":33548445.0},"point_estimate":33004983.25,"standard_error":254255.70830957612},"median_abs_dev":{"confidence_interval":{"confidence_level":0.95,"lower_bound":1141367.7289366722,"upper_bound":2347933.533015847},"point_estimate":1826955.3152650595,"standard_error":327678.28509716893},"slope":null,"std_dev":{"confidence_interval":{"confidence_level":0.95,"lower_bound":1601193.1233328737,"upper_bound":3242250.49955426},"point_estimate":2351646.4374307487,"standard_error":481942.30472783087}}