{"mean":{"confidence_interval":{"confidence_level":0.95,"lower_bound":13051243.3118125,"upper_bound":13184241.534625001},"point_estimate":13109874.1775,"standard_error":34171.87535565548},"median":{"confidence_interval":{"confidence_level":0.95,"lower_bound":13013816.5,"upper_bound":13038702.375},"point_estimate":13029639.125,"standard_error":6603.158925964724},"median_abs_dev":{"confidence_interval":{"confidence_level":0.95,"lower_bound":37049.24671724439,"upper_bound":73227.4659499526},"point_estimate":50375.22593066096,"standard_error":8996.982753929089},"slope":null,"std_dev":{"confidence_interval":{"confidence_level":0.95,"lower_bound":147947.99701726876,"upper_bound":501044.39138613053},"point_estimate":341738.30717520363,"standard_error":90443.88458760227}}