{"mean":{"confidence_interval":{"confidence_level":0.95,"lower_bound":63764.787647667195,"upper_bound":63858.77168384247},"point_estimate":63811.453143392595,"standard_error":23.93129521141145},"median":{"confidence_interval":{"confidence_level":0.95,"lower_bound":63746.6806640625,"upper_bound":63834.01582278481},"point_estimate":63793.84522681954,"standard_error":20.284203618377234},"median_abs_dev":{"confidence_interval":{"confidence_level":0.95,"lower_bound":133.3474762408542,"upper_bound":243.44637137070296},"point_estimate":199.28464780861998,"standard_error":28.51383340559905},"slope":{"confidence_interval":{"confidence_level":0.95,"lower_bound":63787.178010222124,"upper_bound":63865.40568218257},"point_estimate":63824.999965087925,"standard_error":20.028560390926454},"std_dev":{"confidence_interval":{"confidence_level":0.95,"lower_bound":193.5871666594863,"upper_bound":282.64902718193224},"point_estimate":239.64118588947025,"standard_error":22.74156379579096}}