{"mean":{"confidence_interval":{"confidence_level":0.95,"lower_bound":62474.43777535702,"upper_bound":62618.36621872324},"point_estimate":62539.52097752976,"standard_error":36.727869131459364},"median":{"confidence_interval":{"confidence_level":0.95,"lower_bound":62451.688214285714,"upper_bound":62511.708125},"point_estimate":62482.924278846156,"standard_error":15.36977330975224},"median_abs_dev":{"confidence_interval":{"confidence_level":0.95,"lower_bound":117.6126542104119,"upper_bound":192.38432977638215},"point_estimate":163.31770250835635,"standard_error":19.120901448940522},"slope":{"confidence_interval":{"confidence_level":0.95,"lower_bound":62393.246870234114,"upper_bound":62587.945777508445},"point_estimate":62471.45253602039,"standard_error":50.94022212127064},"std_dev":{"confidence_interval":{"confidence_level":0.95,"lower_bound":185.30739764837378,"upper_bound":529.6053064310873},"point_estimate":368.2021321380076,"standard_error":90.01288994016971}}