{"mean":{"confidence_interval":{"confidence_level":0.95,"lower_bound":4261812.973604168,"upper_bound":4304850.540499999},"point_estimate":4282098.016666666,"standard_error":11009.737472073875},"median":{"confidence_interval":{"confidence_level":0.95,"lower_bound":4247261.041666666,"upper_bound":4271269.75},"point_estimate":4261377.916666667,"standard_error":6321.634042479951},"median_abs_dev":{"confidence_interval":{"confidence_level":0.95,"lower_bound":40116.902044657174,"upper_bound":79993.37270483283},"point_estimate":58452.245262265205,"standard_error":10422.898785495188},"slope":null,"std_dev":{"confidence_interval":{"confidence_level":0.95,"lower_bound":74266.33561441315,"upper_bound":144996.64057181438},"point_estimate":110732.67150926398,"standard_error":18169.438316417756}}