{"mean":{"confidence_interval":{"confidence_level":0.95,"lower_bound":5838815.538388887,"upper_bound":6155068.31672222},"point_estimate":5990939.393333332,"standard_error":80786.04173468496},"median":{"confidence_interval":{"confidence_level":0.95,"lower_bound":5696668.555555556,"upper_bound":6012593.055555556},"point_estimate":5883084.277777778,"standard_error":87236.81220220558},"median_abs_dev":{"confidence_interval":{"confidence_level":0.95,"lower_bound":419487.49548594095,"upper_bound":685488.7463301416},"point_estimate":545420.8551168437,"standard_error":67761.43094715204},"slope":null,"std_dev":{"confidence_interval":{"confidence_level":0.95,"lower_bound":627587.8235721893,"upper_bound":963603.0568173252},"point_estimate":809557.9751236083,"standard_error":85736.14684104444}}