{"mean":{"confidence_interval":{"confidence_level":0.95,"lower_bound":4305016.129562501,"upper_bound":4449679.672479167},"point_estimate":4371543.6225000005,"standard_error":37123.204799550585},"median":{"confidence_interval":{"confidence_level":0.95,"lower_bound":4252884.416666667,"upper_bound":4324588.583333333},"point_estimate":4280898.541666666,"standard_error":20843.95956313916},"median_abs_dev":{"confidence_interval":{"confidence_level":0.95,"lower_bound":130797.88700224787,"upper_bound":245712.34535710912},"point_estimate":173350.59269741212,"standard_error":29043.38040923814},"slope":null,"std_dev":{"confidence_interval":{"confidence_level":0.95,"lower_bound":232099.13723365476,"upper_bound":517002.2300817343},"point_estimate":373568.3575153514,"standard_error":75904.67963474075}}