{"mean":{"confidence_interval":{"confidence_level":0.95,"lower_bound":3958420.4118846157,"upper_bound":4002828.861865384},"point_estimate":3980361.6061538463,"standard_error":11339.04877862191},"median":{"confidence_interval":{"confidence_level":0.95,"lower_bound":3932540.5384615385,"upper_bound":3989741.153846154},"point_estimate":3959883.153846154,"standard_error":16960.04907905985},"median_abs_dev":{"confidence_interval":{"confidence_level":0.95,"lower_bound":86978.15303275213,"upper_bound":151717.07836802158},"point_estimate":118632.06163232175,"standard_error":16625.05747390764},"slope":null,"std_dev":{"confidence_interval":{"confidence_level":0.95,"lower_bound":100513.30147361758,"upper_bound":125895.01257232553},"point_estimate":114252.84914134523,"standard_error":6468.447077064323}}