{"mean":{"confidence_interval":{"confidence_level":0.95,"lower_bound":4761327.704645834,"upper_bound":4835767.5260833325},"point_estimate":4798593.509166665,"standard_error":18912.407252973484},"median":{"confidence_interval":{"confidence_level":0.95,"lower_bound":4760040.791666666,"upper_bound":4843775.333333333},"point_estimate":4810272.833333334,"standard_error":19931.728443998658},"median_abs_dev":{"confidence_interval":{"confidence_level":0.95,"lower_bound":132688.37339431,"upper_bound":259733.0307644416},"point_estimate":197884.28641185234,"standard_error":31018.745812926754},"slope":null,"std_dev":{"confidence_interval":{"confidence_level":0.95,"lower_bound":162551.53047376976,"upper_bound":217066.8010975725},"point_estimate":190520.75715708587,"standard_error":13958.159449300572}}