{"mean":{"confidence_interval":{"confidence_level":0.95,"lower_bound":4269401.413208335,"upper_bound":4437932.108041668},"point_estimate":4336792.760833335,"standard_error":44216.6488325138},"median":{"confidence_interval":{"confidence_level":0.95,"lower_bound":4232123.583333333,"upper_bound":4353616.916666667},"point_estimate":4295482.75,"standard_error":26697.728411609653},"median_abs_dev":{"confidence_interval":{"confidence_level":0.95,"lower_bound":162192.4835205077,"upper_bound":248995.56917631975},"point_estimate":224351.2904919684,"standard_error":22448.404549832663},"slope":null,"std_dev":{"confidence_interval":{"confidence_level":0.95,"lower_bound":163459.14786361196,"upper_bound":723845.5355572976},"point_estimate":444563.48265015485,"standard_error":188546.20990031588}}