{"mean":{"confidence_interval":{"confidence_level":0.95,"lower_bound":3662974.5532678575,"upper_bound":3788908.599589284},"point_estimate":3716494.795714286,"standard_error":32674.882494952202},"median":{"confidence_interval":{"confidence_level":0.95,"lower_bound":3639073.214285714,"upper_bound":3687194.9285714286},"point_estimate":3674344.8928571427,"standard_error":11721.961428486598},"median_abs_dev":{"confidence_interval":{"confidence_level":0.95,"lower_bound":68798.35737858519,"upper_bound":104936.9964869955},"point_estimate":89920.27085359622,"standard_error":8828.250754569637},"slope":null,"std_dev":{"confidence_interval":{"confidence_level":0.95,"lower_bound":91492.70606742609,"upper_bound":499881.24952608004},"point_estimate":329396.89847266854,"standard_error":108448.72914120989}}