{"mean":{"confidence_interval":{"confidence_level":0.95,"lower_bound":5853903.936638887,"upper_bound":6079203.813166665},"point_estimate":5963673.724444445,"standard_error":57267.82398139039},"median":{"confidence_interval":{"confidence_level":0.95,"lower_bound":5686374.222222222,"upper_bound":5933831.277777778},"point_estimate":5787119.333333334,"standard_error":68658.26709344593},"median_abs_dev":{"confidence_interval":{"confidence_level":0.95,"lower_bound":360389.33083514404,"upper_bound":634708.4802641703},"point_estimate":488956.28221929073,"standard_error":66188.10016980031},"slope":null,"std_dev":{"confidence_interval":{"confidence_level":0.95,"lower_bound":477213.73372391285,"upper_bound":662143.7630200223},"point_estimate":574276.2839876772,"standard_error":47191.49897093037}}