{"mean":{"confidence_interval":{"confidence_level":0.95,"lower_bound":3852306.081285714,"upper_bound":3939822.765125002},"point_estimate":3887659.160714286,"standard_error":22945.221920037395},"median":{"confidence_interval":{"confidence_level":0.95,"lower_bound":3852903.5357142854,"upper_bound":3892071.714285714},"point_estimate":3869335.8214285714,"standard_error":10068.920670689746},"median_abs_dev":{"confidence_interval":{"confidence_level":0.95,"lower_bound":59939.425410862714,"upper_bound":104831.2553388729},"point_estimate":84514.07594957527,"standard_error":10990.572789756594},"slope":null,"std_dev":{"confidence_interval":{"confidence_level":0.95,"lower_bound":83616.00453964116,"upper_bound":372984.6075136839},"point_estimate":230187.39906712447,"standard_error":95023.44328410972}}