{"mean":{"confidence_interval":{"confidence_level":0.95,"lower_bound":3799935.8433214296,"upper_bound":3907019.907196428},"point_estimate":3842099.004285716,"standard_error":28344.11652808636},"median":{"confidence_interval":{"confidence_level":0.95,"lower_bound":3778630.5714285714,"upper_bound":3862330.0},"point_estimate":3816233.8928571427,"standard_error":19123.026255839395},"median_abs_dev":{"confidence_interval":{"confidence_level":0.95,"lower_bound":97724.0417150515,"upper_bound":144219.64768959003},"point_estimate":123431.372158655,"standard_error":12068.34294306966},"slope":null,"std_dev":{"confidence_interval":{"confidence_level":0.95,"lower_bound":96872.25491380224,"upper_bound":467583.71225677466},"point_estimate":284871.75666661235,"standard_error":125643.23534264519}}