{"mean":{"confidence_interval":{"confidence_level":0.95,"lower_bound":3665683.318660714,"upper_bound":3704403.8874999983},"point_estimate":3684534.5742857154,"standard_error":9886.18349463746},"median":{"confidence_interval":{"confidence_level":0.95,"lower_bound":3631940.9285714286,"upper_bound":3704706.214285714},"point_estimate":3667484.285714286,"standard_error":18369.645252754533},"median_abs_dev":{"confidence_interval":{"confidence_level":0.95,"lower_bound":73050.8247530888,"upper_bound":119096.72638561025},"point_estimate":91265.83622970791,"standard_error":11359.712531713052},"slope":null,"std_dev":{"confidence_interval":{"confidence_level":0.95,"lower_bound":82172.72368580643,"upper_bound":114979.88061979992},"point_estimate":98975.14888300441,"standard_error":8422.551883918792}}