{"mean":{"confidence_interval":{"confidence_level":0.95,"lower_bound":4750970.570113639,"upper_bound":4974937.392250002},"point_estimate":4852569.278181822,"standard_error":56971.230921497714},"median":{"confidence_interval":{"confidence_level":0.95,"lower_bound":4673995.636363637,"upper_bound":4788916.5},"point_estimate":4748087.181818182,"standard_error":26570.100616013824},"median_abs_dev":{"confidence_interval":{"confidence_level":0.95,"lower_bound":240247.9531692902,"upper_bound":459704.31517498015},"point_estimate":365524.8474833638,"standard_error":59520.40436937902},"slope":null,"std_dev":{"confidence_interval":{"confidence_level":0.95,"lower_bound":343857.99261715554,"upper_bound":824594.376913124},"point_estimate":572650.2063921764,"standard_error":139703.59558154145}}