{"mean":{"confidence_interval":{"confidence_level":0.95,"lower_bound":1481875.5934241829,"upper_bound":1516743.4701526952},"point_estimate":1498333.8961988718,"standard_error":8907.985711098927},"median":{"confidence_interval":{"confidence_level":0.95,"lower_bound":1462314.4906725576,"upper_bound":1484365.857142857},"point_estimate":1471855.745614035,"standard_error":5272.941783172668},"median_abs_dev":{"confidence_interval":{"confidence_level":0.95,"lower_bound":35220.49051028237,"upper_bound":69775.44210537749},"point_estimate":49992.87356271635,"standard_error":8399.423150370121},"slope":{"confidence_interval":{"confidence_level":0.95,"lower_bound":1485291.8946146134,"upper_bound":1537819.2484874409},"point_estimate":1508634.1079060144,"standard_error":13513.193370983716},"std_dev":{"confidence_interval":{"confidence_level":0.95,"lower_bound":64188.7234851736,"upper_bound":111575.8003211291},"point_estimate":89325.76429457113,"standard_error":12110.041512446178}}