{"mean":{"confidence_interval":{"confidence_level":0.95,"lower_bound":1135481.3200928227,"upper_bound":1153151.2828874928},"point_estimate":1143097.7275773985,"standard_error":4572.446263336629},"median":{"confidence_interval":{"confidence_level":0.95,"lower_bound":1130236.0,"upper_bound":1140788.8040438397},"point_estimate":1137164.5452889754,"standard_error":2698.00654021207},"median_abs_dev":{"confidence_interval":{"confidence_level":0.95,"lower_bound":14900.591695136078,"upper_bound":24816.763015993394},"point_estimate":20785.220719308905,"standard_error":2446.5176987728455},"slope":{"confidence_interval":{"confidence_level":0.95,"lower_bound":1140183.7546479616,"upper_bound":1157733.6107061242},"point_estimate":1147908.5891384662,"standard_error":4498.361016236681},"std_dev":{"confidence_interval":{"confidence_level":0.95,"lower_bound":16467.6366776109,"upper_bound":70043.43359919147},"point_estimate":45801.803098342396,"standard_error":14482.930374716188}}