{"mean":{"confidence_interval":{"confidence_level":0.95,"lower_bound":414853.50444526115,"upper_bound":426500.66889113234},"point_estimate":419799.46205474774,"standard_error":3007.0323591844103},"median":{"confidence_interval":{"confidence_level":0.95,"lower_bound":412988.99275362317,"upper_bound":415944.7824561404},"point_estimate":414086.5962984384,"standard_error":909.5304868543881},"median_abs_dev":{"confidence_interval":{"confidence_level":0.95,"lower_bound":4380.80966964505,"upper_bound":8673.689747063358},"point_estimate":6222.955546042181,"standard_error":1156.6555489788377},"slope":{"confidence_interval":{"confidence_level":0.95,"lower_bound":412401.7400262583,"upper_bound":418189.8762944673},"point_estimate":414748.1346593764,"standard_error":1495.9831237590265},"std_dev":{"confidence_interval":{"confidence_level":0.95,"lower_bound":7935.714624157202,"upper_bound":46358.246335919066},"point_estimate":30075.658067624685,"standard_error":9914.981990222765}}