{"mean":{"confidence_interval":{"confidence_level":0.95,"lower_bound":15101052.03525,"upper_bound":15413699.4694375},"point_estimate":15240575.125,"standard_error":80266.2691908873},"median":{"confidence_interval":{"confidence_level":0.95,"lower_bound":14944209.75,"upper_bound":15227489.75},"point_estimate":15065111.75,"standard_error":75262.08174286135},"median_abs_dev":{"confidence_interval":{"confidence_level":0.95,"lower_bound":307531.63539022225,"upper_bound":501831.92169070244},"point_estimate":406813.75730261207,"standard_error":48706.79131302021},"slope":null,"std_dev":{"confidence_interval":{"confidence_level":0.95,"lower_bound":387718.2609460763,"upper_bound":1149924.591098352},"point_estimate":804633.0057141534,"standard_error":201125.75704219344}}