{"mean":{"confidence_interval":{"confidence_level":0.95,"lower_bound":17622367.240500003,"upper_bound":17893762.44966666},"point_estimate":17751039.89666666,"standard_error":69083.79344065637},"median":{"confidence_interval":{"confidence_level":0.95,"lower_bound":17434311.333333336,"upper_bound":18000532.0},"point_estimate":17669212.833333336,"standard_error":151058.63587715075},"median_abs_dev":{"confidence_interval":{"confidence_level":0.95,"lower_bound":497091.92602484894,"upper_bound":772143.9966917038},"point_estimate":670782.8371912222,"standard_error":67004.31954755065},"slope":null,"std_dev":{"confidence_interval":{"confidence_level":0.95,"lower_bound":500094.12967070786,"upper_bound":904916.2548909859},"point_estimate":694957.5927935719,"standard_error":107441.94057992804}}