{"mean":{"confidence_interval":{"confidence_level":0.95,"lower_bound":17561232.61741666,"upper_bound":17883397.387583338},"point_estimate":17702008.143333327,"standard_error":82906.53563206922},"median":{"confidence_interval":{"confidence_level":0.95,"lower_bound":17463462.333333332,"upper_bound":17589345.833333336},"point_estimate":17538811.5,"standard_error":35865.280913292205},"median_abs_dev":{"confidence_interval":{"confidence_level":0.95,"lower_bound":206998.7118325402,"upper_bound":418543.9029693576},"point_estimate":314589.1819149256,"standard_error":52449.233328605595},"slope":null,"std_dev":{"confidence_interval":{"confidence_level":0.95,"lower_bound":415654.7230363516,"upper_bound":1259363.5093733268},"point_estimate":831930.720782642,"standard_error":252830.58899279078}}