{"mean":{"confidence_interval":{"confidence_level":0.95,"lower_bound":18151836.17891667,"upper_bound":18293229.55333334},"point_estimate":18222405.27666668,"standard_error":36107.47491232546},"median":{"confidence_interval":{"confidence_level":0.95,"lower_bound":18109527.0,"upper_bound":18267167.666666668},"point_estimate":18185578.5,"standard_error":42275.535877376846},"median_abs_dev":{"confidence_interval":{"confidence_level":0.95,"lower_bound":256659.5531433876,"upper_bound":413666.3961559525},"point_estimate":329048.97945821285,"standard_error":38376.346164793584},"slope":null,"std_dev":{"confidence_interval":{"confidence_level":0.95,"lower_bound":305793.10396768595,"upper_bound":413134.23210831836},"point_estimate":362114.2315374865,"standard_error":27343.389327884335}}