{"mean":{"confidence_interval":{"confidence_level":0.95,"lower_bound":16452176.169812499,"upper_bound":16743035.9728125},"point_estimate":16595194.3025,"standard_error":74236.18301503337},"median":{"confidence_interval":{"confidence_level":0.95,"lower_bound":16307926.0,"upper_bound":16713926.375},"point_estimate":16466071.5,"standard_error":102746.9337637961},"median_abs_dev":{"confidence_interval":{"confidence_level":0.95,"lower_bound":539713.6482931674,"upper_bound":892197.1589103341},"point_estimate":741291.4618894458,"standard_error":91975.31817267425},"slope":null,"std_dev":{"confidence_interval":{"confidence_level":0.95,"lower_bound":621009.9501321034,"upper_bound":859354.7195915577},"point_estimate":743604.8956842776,"standard_error":61249.440600468966}}