{"mean":{"confidence_interval":{"confidence_level":0.95,"lower_bound":16193855.208937502,"upper_bound":16521577.9879375},"point_estimate":16351766.1225,"standard_error":83532.58070778761},"median":{"confidence_interval":{"confidence_level":0.95,"lower_bound":16013324.375,"upper_bound":16375239.375},"point_estimate":16195238.125,"standard_error":83950.65181371449},"median_abs_dev":{"confidence_interval":{"confidence_level":0.95,"lower_bound":516430.7129815221,"upper_bound":881858.2479938865},"point_estimate":703053.7259683013,"standard_error":93518.47213147531},"slope":null,"std_dev":{"confidence_interval":{"confidence_level":0.95,"lower_bound":646519.4273899886,"upper_bound":1031976.9566933179},"point_estimate":841743.9929495493,"standard_error":99429.95459830458}}