{"mean":{"confidence_interval":{"confidence_level":0.95,"lower_bound":20579047.790833335,"upper_bound":21060225.552999996},"point_estimate":20808173.333333336,"standard_error":122803.88108305572},"median":{"confidence_interval":{"confidence_level":0.95,"lower_bound":20470605.0,"upper_bound":21004273.666666668},"point_estimate":20775322.833333336,"standard_error":140744.41962299155},"median_abs_dev":{"confidence_interval":{"confidence_level":0.95,"lower_bound":870855.6203117205,"upper_bound":1336272.909848917},"point_estimate":1110397.4509865027,"standard_error":117624.82789335598},"slope":null,"std_dev":{"confidence_interval":{"confidence_level":0.95,"lower_bound":897730.8172128616,"upper_bound":1631897.8896972577},"point_estimate":1230469.9888718524,"standard_error":205979.5699466729}}