{"mean":{"confidence_interval":{"confidence_level":0.95,"lower_bound":17616604.836666666,"upper_bound":17836199.970000003},"point_estimate":17714669.78333333,"standard_error":56284.83875073379},"median":{"confidence_interval":{"confidence_level":0.95,"lower_bound":17560721.666666668,"upper_bound":17725039.5},"point_estimate":17639839.0,"standard_error":38883.694779900565},"median_abs_dev":{"confidence_interval":{"confidence_level":0.95,"lower_bound":250560.8781516552,"upper_bound":387603.5241186619},"point_estimate":312509.83545184135,"standard_error":34375.04673346315},"slope":null,"std_dev":{"confidence_interval":{"confidence_level":0.95,"lower_bound":298696.49156534456,"upper_bound":842763.4012875716},"point_estimate":567379.5035533597,"standard_error":155949.6503143809}}