{"mean":{"confidence_interval":{"confidence_level":0.95,"lower_bound":16232612.264937501,"upper_bound":16363229.167875},"point_estimate":16290184.745,"standard_error":33458.89327480026},"median":{"confidence_interval":{"confidence_level":0.95,"lower_bound":16223252.5,"upper_bound":16309229.25},"point_estimate":16270690.875,"standard_error":23236.690988058817},"median_abs_dev":{"confidence_interval":{"confidence_level":0.95,"lower_bound":144629.58261106166,"upper_bound":231012.24152371287},"point_estimate":187552.41784527898,"standard_error":21896.01630886455},"slope":null,"std_dev":{"confidence_interval":{"confidence_level":0.95,"lower_bound":179318.28648166286,"upper_bound":506103.7793990336},"point_estimate":335755.21247700654,"standard_error":100824.6060732067}}