{"mean":{"confidence_interval":{"confidence_level":0.95,"lower_bound":15204979.4310625,"upper_bound":15316827.78575},"point_estimate":15260249.6375,"standard_error":28612.228992247332},"median":{"confidence_interval":{"confidence_level":0.95,"lower_bound":15189860.75,"upper_bound":15276461.75},"point_estimate":15229711.625,"standard_error":22381.509826343623},"median_abs_dev":{"confidence_interval":{"confidence_level":0.95,"lower_bound":133341.71968208635,"upper_bound":277989.3483147025},"point_estimate":199597.06003144383,"standard_error":39012.541084174176},"slope":null,"std_dev":{"confidence_interval":{"confidence_level":0.95,"lower_bound":236609.63414217997,"upper_bound":332713.01272422634},"point_estimate":286968.7352778393,"standard_error":24574.80209564195}}