{"mean":{"confidence_interval":{"confidence_level":0.95,"lower_bound":14528721.496,"upper_bound":14722282.842125},"point_estimate":14602886.7775,"standard_error":51899.8916849509},"median":{"confidence_interval":{"confidence_level":0.95,"lower_bound":14523082.75,"upper_bound":14582159.0},"point_estimate":14551196.125,"standard_error":14138.258349480664},"median_abs_dev":{"confidence_interval":{"confidence_level":0.95,"lower_bound":119740.14366606259,"upper_bound":214426.6643394156},"point_estimate":181029.53393608332,"standard_error":23518.09754564487},"slope":null,"std_dev":{"confidence_interval":{"confidence_level":0.95,"lower_bound":150371.57140824903,"upper_bound":864110.2410954492},"point_estimate":520010.6842426897,"standard_error":244457.53234623963}}