{"mean":{"confidence_interval":{"confidence_level":0.95,"lower_bound":10893803.307650002,"upper_bound":11059078.946750002},"point_estimate":10963545.362000003,"standard_error":42700.30596591864},"median":{"confidence_interval":{"confidence_level":0.95,"lower_bound":10874509.4,"upper_bound":10935998.6},"point_estimate":10890589.399999999,"standard_error":14282.218280835328},"median_abs_dev":{"confidence_interval":{"confidence_level":0.95,"lower_bound":101689.75307464572,"upper_bound":161586.19897127207},"point_estimate":128257.7963429706,"standard_error":14932.020146884137},"slope":null,"std_dev":{"confidence_interval":{"confidence_level":0.95,"lower_bound":117785.14235938327,"upper_bound":673100.3557960199},"point_estimate":429646.0497914338,"standard_error":144965.65687708155}}