{"mean":{"confidence_interval":{"confidence_level":0.95,"lower_bound":21721344.11499999,"upper_bound":22137858.996499997},"point_estimate":21917017.699999996,"standard_error":106188.61580222961},"median":{"confidence_interval":{"confidence_level":0.95,"lower_bound":21543678.5,"upper_bound":22066129.0},"point_estimate":21748625.833333332,"standard_error":128129.14121498163},"median_abs_dev":{"confidence_interval":{"confidence_level":0.95,"lower_bound":705722.0352709293,"upper_bound":1087485.8451932631},"point_estimate":886337.5531643629,"standard_error":97384.63914853301},"slope":null,"std_dev":{"confidence_interval":{"confidence_level":0.95,"lower_bound":712309.5038096232,"upper_bound":1441687.801251864},"point_estimate":1066954.38653556,"standard_error":194481.28662645307}}