{"mean":{"confidence_interval":{"confidence_level":0.95,"lower_bound":98106.74954993991,"upper_bound":99568.61982666983},"point_estimate":98829.13592946483,"standard_error":371.73607619790056},"median":{"confidence_interval":{"confidence_level":0.95,"lower_bound":97437.95076923077,"upper_bound":99561.33499999999},"point_estimate":98614.89665286404,"standard_error":496.10690035820073},"median_abs_dev":{"confidence_interval":{"confidence_level":0.95,"lower_bound":2583.6548413947176,"upper_bound":3925.17549222672},"point_estimate":3375.0460269102273,"standard_error":342.52548635840355},"slope":{"confidence_interval":{"confidence_level":0.95,"lower_bound":98131.81700430454,"upper_bound":100022.24563346663},"point_estimate":99031.59805585931,"standard_error":482.6741802134658},"std_dev":{"confidence_interval":{"confidence_level":0.95,"lower_bound":3066.965519090155,"upper_bound":4340.5094520980065},"point_estimate":3737.0305260150108,"standard_error":324.9271032283102}}