{"mean":{"confidence_interval":{"confidence_level":0.95,"lower_bound":41128526.729625,"upper_bound":42402815.775249995},"point_estimate":41668363.805,"standard_error":327709.39910267043},"median":{"confidence_interval":{"confidence_level":0.95,"lower_bound":41077048.75,"upper_bound":42015353.5},"point_estimate":41513656.5,"standard_error":239497.70111854599},"median_abs_dev":{"confidence_interval":{"confidence_level":0.95,"lower_bound":1367022.7807804942,"upper_bound":2167914.214903078},"point_estimate":1868624.1581752896,"standard_error":206195.97374475608},"slope":null,"std_dev":{"confidence_interval":{"confidence_level":0.95,"lower_bound":1549255.715452444,"upper_bound":5149871.18840378},"point_estimate":3282867.334421865,"standard_error":1161271.010353852}}