{"mean":{"confidence_interval":{"confidence_level":0.95,"lower_bound":2375022.2074736846,"upper_bound":2476646.1977236858},"point_estimate":2425130.1821052628,"standard_error":25936.80477825888},"median":{"confidence_interval":{"confidence_level":0.95,"lower_bound":2355251.7894736845,"upper_bound":2465949.210526316},"point_estimate":2393793.8947368423,"standard_error":29636.907059471137},"median_abs_dev":{"confidence_interval":{"confidence_level":0.95,"lower_bound":195114.17516234666,"upper_bound":320125.46284387354},"point_estimate":246240.50379677833,"standard_error":32703.95983200001},"slope":null,"std_dev":{"confidence_interval":{"confidence_level":0.95,"lower_bound":226017.8493664829,"upper_bound":291401.8227665943},"point_estimate":260608.51597941006,"standard_error":16626.37728339358}}