{"mean":{"confidence_interval":{"confidence_level":0.95,"lower_bound":84338.44263334299,"upper_bound":85866.74629253594},"point_estimate":84997.08222702473,"standard_error":396.8167293937409},"median":{"confidence_interval":{"confidence_level":0.95,"lower_bound":84217.01695736434,"upper_bound":84735.85658914728},"point_estimate":84502.53613008015,"standard_error":127.95557808484651},"median_abs_dev":{"confidence_interval":{"confidence_level":0.95,"lower_bound":732.7419683671745,"upper_bound":1135.6560112636046},"point_estimate":920.9892826696934,"standard_error":105.28464951747162},"slope":{"confidence_interval":{"confidence_level":0.95,"lower_bound":84411.38378898491,"upper_bound":85187.76900865746},"point_estimate":84704.99720161568,"standard_error":205.53585066513529},"std_dev":{"confidence_interval":{"confidence_level":0.95,"lower_bound":1160.2725841613365,"upper_bound":6038.4472093795775},"point_estimate":3998.0158193155758,"standard_error":1269.193762973082}}