{"mean":{"confidence_interval":{"confidence_level":0.95,"lower_bound":100160.24057735332,"upper_bound":104692.51685698458},"point_estimate":102244.17718943888,"standard_error":1160.0441896595967},"median":{"confidence_interval":{"confidence_level":0.95,"lower_bound":97723.31902224282,"upper_bound":99374.21194029851},"point_estimate":98400.5667816092,"standard_error":405.65762741334413},"median_abs_dev":{"confidence_interval":{"confidence_level":0.95,"lower_bound":2813.9099735459445,"upper_bound":4981.162927844452},"point_estimate":3754.571091285114,"standard_error":557.2677999215072},"slope":{"confidence_interval":{"confidence_level":0.95,"lower_bound":98705.31576372402,"upper_bound":101484.78601808415},"point_estimate":99934.62205911039,"standard_error":711.7971112111317},"std_dev":{"confidence_interval":{"confidence_level":0.95,"lower_bound":7106.470675821342,"upper_bound":15629.204288940466},"point_estimate":11634.926636982182,"standard_error":2199.8217873035733}}