{"mean":{"confidence_interval":{"confidence_level":0.95,"lower_bound":68282.14753600679,"upper_bound":68385.64323831095},"point_estimate":68334.65094331527,"standard_error":26.38727368111257},"median":{"confidence_interval":{"confidence_level":0.95,"lower_bound":68274.97222222222,"upper_bound":68350.84614035088},"point_estimate":68300.9391111111,"standard_error":21.527153307709252},"median_abs_dev":{"confidence_interval":{"confidence_level":0.95,"lower_bound":149.48997194608782,"upper_bound":245.45232499789253},"point_estimate":194.86778824253548,"standard_error":24.80703816751677},"slope":{"confidence_interval":{"confidence_level":0.95,"lower_bound":68249.58689093454,"upper_bound":68319.59564824043},"point_estimate":68284.13821033447,"standard_error":17.811116310954148},"std_dev":{"confidence_interval":{"confidence_level":0.95,"lower_bound":193.42415680272256,"upper_bound":340.6015431472187},"point_estimate":265.23053283640326,"standard_error":38.36529387049605}}