{"mean":{"confidence_interval":{"confidence_level":0.95,"lower_bound":76361.13747551803,"upper_bound":76837.07425894773},"point_estimate":76582.40351587797,"standard_error":120.96268679122572},"median":{"confidence_interval":{"confidence_level":0.95,"lower_bound":76494.75401521556,"upper_bound":76849.66107537947},"point_estimate":76660.93528693529,"standard_error":83.71629213696059},"median_abs_dev":{"confidence_interval":{"confidence_level":0.95,"lower_bound":564.2596542025273,"upper_bound":900.9601444614933},"point_estimate":783.6089485364599,"standard_error":90.03096461706465},"slope":{"confidence_interval":{"confidence_level":0.95,"lower_bound":76694.04283818358,"upper_bound":77559.15038142931},"point_estimate":77044.65122665424,"standard_error":230.8476217891507},"std_dev":{"confidence_interval":{"confidence_level":0.95,"lower_bound":714.9135337275223,"upper_bound":1761.929151023083},"point_estimate":1215.2724856588056,"standard_error":293.1907400186857}}