{"mean":{"confidence_interval":{"confidence_level":0.95,"lower_bound":4271998.014229168,"upper_bound":4317672.436791667},"point_estimate":4293787.153333334,"standard_error":11674.643259780089},"median":{"confidence_interval":{"confidence_level":0.95,"lower_bound":4245842.666666667,"upper_bound":4289009.666666667},"point_estimate":4266463.208333334,"standard_error":9988.362092876732},"median_abs_dev":{"confidence_interval":{"confidence_level":0.95,"lower_bound":59891.293861716986,"upper_bound":102139.52448666142},"point_estimate":79943.6438307173,"standard_error":10710.852876923002},"slope":null,"std_dev":{"confidence_interval":{"confidence_level":0.95,"lower_bound":88027.15439703854,"upper_bound":148188.925671682},"point_estimate":117702.55877995542,"standard_error":15611.670314867986}}