{"mean":{"confidence_interval":{"confidence_level":0.95,"lower_bound":2608227.884710527,"upper_bound":2638439.9206052627},"point_estimate":2623182.318421053,"standard_error":7696.556561216047},"median":{"confidence_interval":{"confidence_level":0.95,"lower_bound":2592437.5263157897,"upper_bound":2629793.5},"point_estimate":2613969.5,"standard_error":9850.157228380916},"median_abs_dev":{"confidence_interval":{"confidence_level":0.95,"lower_bound":52765.889126376576,"upper_bound":90089.09495849338},"point_estimate":70229.70732685775,"standard_error":9986.520838616374},"slope":null,"std_dev":{"confidence_interval":{"confidence_level":0.95,"lower_bound":66668.39087041476,"upper_bound":86741.24984760853},"point_estimate":77408.80271393589,"standard_error":5127.746583665008}}