{"mean":{"confidence_interval":{"confidence_level":0.95,"lower_bound":4070482.969980768,"upper_bound":4100587.024038462},"point_estimate":4085374.6884615384,"standard_error":7712.049027037169},"median":{"confidence_interval":{"confidence_level":0.95,"lower_bound":4057839.769230769,"upper_bound":4090332.3076923075},"point_estimate":4070332.1153846155,"standard_error":8673.416155342637},"median_abs_dev":{"confidence_interval":{"confidence_level":0.95,"lower_bound":43628.75454081896,"upper_bound":90086.39536603149},"point_estimate":63912.0907345645,"standard_error":11570.925870698076},"slope":null,"std_dev":{"confidence_interval":{"confidence_level":0.95,"lower_bound":66505.74814725094,"upper_bound":86964.31902580931},"point_estimate":77479.97415461151,"standard_error":5220.280031791878}}