{"mean":{"confidence_interval":{"confidence_level":0.95,"lower_bound":2806132.895069445,"upper_bound":2842275.9376944453},"point_estimate":2821639.495555556,"standard_error":9357.446684782437},"median":{"confidence_interval":{"confidence_level":0.95,"lower_bound":2794248.388888889,"upper_bound":2813109.388888889},"point_estimate":2803634.4444444445,"standard_error":5061.1523633701745},"median_abs_dev":{"confidence_interval":{"confidence_level":0.95,"lower_bound":23663.9429132149,"upper_bound":41265.53453405702},"point_estimate":30632.039239505888,"standard_error":4534.518633865952},"slope":null,"std_dev":{"confidence_interval":{"confidence_level":0.95,"lower_bound":32072.506437413085,"upper_bound":143409.68505697575},"point_estimate":94024.72958824756,"standard_error":30105.708967624327}}