{"mean":{"confidence_interval":{"confidence_level":0.95,"lower_bound":2453554.728511905,"upper_bound":2519397.8590714284},"point_estimate":2482408.244761904,"standard_error":16986.768543385017},"median":{"confidence_interval":{"confidence_level":0.95,"lower_bound":2440178.880952381,"upper_bound":2460481.476190476},"point_estimate":2447740.8571428573,"standard_error":4419.911703808288},"median_abs_dev":{"confidence_interval":{"confidence_level":0.95,"lower_bound":34297.832391092,"upper_bound":61373.03781041105},"point_estimate":46017.502783026524,"standard_error":6925.566829375244},"slope":null,"std_dev":{"confidence_interval":{"confidence_level":0.95,"lower_bound":63665.99073301229,"upper_bound":253777.13252446355},"point_estimate":170932.64782449478,"standard_error":49385.10265121878}}