{"mean":{"confidence_interval":{"confidence_level":0.95,"lower_bound":2497239.0652624997,"upper_bound":2538601.693287499},"point_estimate":2516453.9994999995,"standard_error":10542.570288707038},"median":{"confidence_interval":{"confidence_level":0.95,"lower_bound":2486808.825,"upper_bound":2518684.375},"point_estimate":2503889.125,"standard_error":8787.735532682085},"median_abs_dev":{"confidence_interval":{"confidence_level":0.95,"lower_bound":63300.71782618761,"upper_bound":101748.94587859524},"point_estimate":84606.12422794111,"standard_error":9770.356823087684},"slope":null,"std_dev":{"confidence_interval":{"confidence_level":0.95,"lower_bound":72500.40676093016,"upper_bound":145173.6857661595},"point_estimate":106076.61756787801,"standard_error":20798.153472648635}}