{"mean":{"confidence_interval":{"confidence_level":0.95,"lower_bound":2413065.0885681813,"upper_bound":2433533.195795454},"point_estimate":2423146.23,"standard_error":5213.388328461356},"median":{"confidence_interval":{"confidence_level":0.95,"lower_bound":2405656.3636363633,"upper_bound":2429092.9318181816},"point_estimate":2416765.5454545454,"standard_error":5894.620217216681},"median_abs_dev":{"confidence_interval":{"confidence_level":0.95,"lower_bound":36057.74113712004,"upper_bound":64918.13331110886},"point_estimate":54182.62690170254,"standard_error":7316.411144873215},"slope":null,"std_dev":{"confidence_interval":{"confidence_level":0.95,"lower_bound":44308.54058252882,"upper_bound":59549.26142034793},"point_estimate":52263.93946352223,"standard_error":3895.046879592058}}