{"mean":{"confidence_interval":{"confidence_level":0.95,"lower_bound":3424425.8828666685,"upper_bound":3495030.4559833338},"point_estimate":3459327.3140000002,"standard_error":18057.513076346637},"median":{"confidence_interval":{"confidence_level":0.95,"lower_bound":3388415.166666667,"upper_bound":3485344.9000000004},"point_estimate":3449380.5666666664,"standard_error":30033.341827402455},"median_abs_dev":{"confidence_interval":{"confidence_level":0.95,"lower_bound":131077.15787291515,"upper_bound":229774.33232068992},"point_estimate":169675.85746765177,"standard_error":24643.00379225407},"slope":null,"std_dev":{"confidence_interval":{"confidence_level":0.95,"lower_bound":156042.62304932316,"upper_bound":202928.16783217358},"point_estimate":180890.3592188272,"standard_error":11954.668937240496}}