{"mean":{"confidence_interval":{"confidence_level":0.95,"lower_bound":2781671.835361111,"upper_bound":2844085.738902777},"point_estimate":2812237.0483333324,"standard_error":15880.781513379627},"median":{"confidence_interval":{"confidence_level":0.95,"lower_bound":2736226.6666666665,"upper_bound":2816899.5},"point_estimate":2764576.888888889,"standard_error":16446.22904595337},"median_abs_dev":{"confidence_interval":{"confidence_level":0.95,"lower_bound":103445.11849681567,"upper_bound":184226.84314598632},"point_estimate":145621.29888137185,"standard_error":19567.813431688468},"slope":null,"std_dev":{"confidence_interval":{"confidence_level":0.95,"lower_bound":137027.39173510394,"upper_bound":179094.1228429543},"point_estimate":159541.75241460558,"standard_error":10715.603252329587}}