{"mean":{"confidence_interval":{"confidence_level":0.95,"lower_bound":3920643.079846152,"upper_bound":3937945.617673074},"point_estimate":3929142.681538459,"standard_error":4408.3245112229215},"median":{"confidence_interval":{"confidence_level":0.95,"lower_bound":3910981.3846153845,"upper_bound":3931835.4615384615},"point_estimate":3920116.076923077,"standard_error":5753.008558695202},"median_abs_dev":{"confidence_interval":{"confidence_level":0.95,"lower_bound":30610.1582180992,"upper_bound":54976.289623975754},"point_estimate":38821.59519539403,"standard_error":6289.975866599449},"slope":null,"std_dev":{"confidence_interval":{"confidence_level":0.95,"lower_bound":37796.77012024895,"upper_bound":50027.12081589551},"point_estimate":44248.158387235584,"standard_error":3118.576961438448}}