{"mean":{"confidence_interval":{"confidence_level":0.95,"lower_bound":4638808.1593958335,"upper_bound":4752511.956249999},"point_estimate":4694045.494166667,"standard_error":28935.192056637825},"median":{"confidence_interval":{"confidence_level":0.95,"lower_bound":4660824.541666667,"upper_bound":4758401.958333334},"point_estimate":4711196.625,"standard_error":23662.14605382183},"median_abs_dev":{"confidence_interval":{"confidence_level":0.95,"lower_bound":164523.25422912952,"upper_bound":380036.8280529971},"point_estimate":219566.13730192208,"standard_error":51212.20854942921},"slope":null,"std_dev":{"confidence_interval":{"confidence_level":0.95,"lower_bound":230076.80916588716,"upper_bound":347763.31409924605},"point_estimate":289688.8311802106,"standard_error":30256.938587258694}}