{"mean":{"confidence_interval":{"confidence_level":0.95,"lower_bound":2229255.096228262,"upper_bound":2259993.767336957},"point_estimate":2244389.53,"standard_error":7820.232351938621},"median":{"confidence_interval":{"confidence_level":0.95,"lower_bound":2207667.0,"upper_bound":2253228.0},"point_estimate":2226973.304347826,"standard_error":10728.590721565606},"median_abs_dev":{"confidence_interval":{"confidence_level":0.95,"lower_bound":57756.035652885934,"upper_bound":96275.07880381923},"point_estimate":74846.06224078208,"standard_error":9321.242010455944},"slope":null,"std_dev":{"confidence_interval":{"confidence_level":0.95,"lower_bound":67033.28904517977,"upper_bound":88131.9784682408},"point_estimate":78370.79466362308,"standard_error":5378.682682766611}}