{"mean":{"confidence_interval":{"confidence_level":0.95,"lower_bound":2628080.6938874996,"upper_bound":2678973.0646},"point_estimate":2651843.0080000004,"standard_error":12976.720014463079},"median":{"confidence_interval":{"confidence_level":0.95,"lower_bound":2607936.5,"upper_bound":2665211.85},"point_estimate":2628584.7,"standard_error":14602.244970347158},"median_abs_dev":{"confidence_interval":{"confidence_level":0.95,"lower_bound":81734.58753392113,"upper_bound":132348.06728035217},"point_estimate":105887.1789251272,"standard_error":12769.012332305283},"slope":null,"std_dev":{"confidence_interval":{"confidence_level":0.95,"lower_bound":88615.80401715652,"upper_bound":180747.85066242304},"point_estimate":130377.31221737103,"standard_error":27429.037839201435}}