{"mean":{"confidence_interval":{"confidence_level":0.95,"lower_bound":3768224.6908571436,"upper_bound":3894858.107517857},"point_estimate":3828811.503571429,"standard_error":32286.690497814765},"median":{"confidence_interval":{"confidence_level":0.95,"lower_bound":3694825.9285714286,"upper_bound":3830448.0},"point_estimate":3770567.7857142854,"standard_error":40075.12466653086},"median_abs_dev":{"confidence_interval":{"confidence_level":0.95,"lower_bound":161618.11723070426,"upper_bound":296278.1972412601},"point_estimate":228454.0417441298,"standard_error":35302.21704206959},"slope":null,"std_dev":{"confidence_interval":{"confidence_level":0.95,"lower_bound":241929.62617482926,"upper_bound":401890.71292156284},"point_estimate":323966.4760336049,"standard_error":41124.71967817096}}