{"mean":{"confidence_interval":{"confidence_level":0.95,"lower_bound":2380467.2800454544,"upper_bound":2409850.630375001},"point_estimate":2393617.4450000003,"standard_error":7525.295654044049},"median":{"confidence_interval":{"confidence_level":0.95,"lower_bound":2377704.8181818184,"upper_bound":2390748.1136363633},"point_estimate":2380827.590909091,"standard_error":3951.859676914901},"median_abs_dev":{"confidence_interval":{"confidence_level":0.95,"lower_bound":33031.923068111966,"upper_bound":50236.95663538865},"point_estimate":45047.82303205933,"standard_error":4050.003214229543},"slope":null,"std_dev":{"confidence_interval":{"confidence_level":0.95,"lower_bound":36221.36038963951,"upper_bound":110165.69354846598},"point_estimate":75877.1685656413,"standard_error":19836.773266400713}}