{"mean":{"confidence_interval":{"confidence_level":0.95,"lower_bound":2660245.4433157896,"upper_bound":2709066.990026315},"point_estimate":2684031.1557894736,"standard_error":12494.594134521956},"median":{"confidence_interval":{"confidence_level":0.95,"lower_bound":2626546.5263157897,"upper_bound":2676468.0},"point_estimate":2650665.157894737,"standard_error":12626.910918821137},"median_abs_dev":{"confidence_interval":{"confidence_level":0.95,"lower_bound":72756.40979950037,"upper_bound":139864.89206426972},"point_estimate":100064.57380244613,"standard_error":18304.043665035246},"slope":null,"std_dev":{"confidence_interval":{"confidence_level":0.95,"lower_bound":103185.33819184032,"upper_bound":146132.63233915766},"point_estimate":125354.99498379794,"standard_error":10999.802925546126}}