{"mean":{"confidence_interval":{"confidence_level":0.95,"lower_bound":247962.62955877098,"upper_bound":258695.23611282837},"point_estimate":253097.37477671524,"standard_error":2749.6582140712662},"median":{"confidence_interval":{"confidence_level":0.95,"lower_bound":238237.54166666666,"upper_bound":250431.35637918743},"point_estimate":244970.28532608697,"standard_error":3210.051241024469},"median_abs_dev":{"confidence_interval":{"confidence_level":0.95,"lower_bound":12187.984411259755,"upper_bound":24038.475338843506},"point_estimate":18875.326324460486,"standard_error":2988.8946646474274},"slope":{"confidence_interval":{"confidence_level":0.95,"lower_bound":242029.27685451135,"upper_bound":252318.25386035765},"point_estimate":246623.73120215753,"standard_error":2633.8841338751135},"std_dev":{"confidence_interval":{"confidence_level":0.95,"lower_bound":21072.87150497328,"upper_bound":33289.74471888346},"point_estimate":27592.180056557492,"standard_error":3136.9318343718837}}