{"mean":{"confidence_interval":{"confidence_level":0.95,"lower_bound":2341440.7303625,"upper_bound":2377745.5675249994},"point_estimate":2356991.7829999994,"standard_error":9373.01853023436},"median":{"confidence_interval":{"confidence_level":0.95,"lower_bound":2333989.85,"upper_bound":2353175.0},"point_estimate":2344864.95,"standard_error":4895.927212047187},"median_abs_dev":{"confidence_interval":{"confidence_level":0.95,"lower_bound":31909.406193494935,"upper_bound":54156.041188538074},"point_estimate":42473.04220095249,"standard_error":5678.067378689962},"slope":null,"std_dev":{"confidence_interval":{"confidence_level":0.95,"lower_bound":43000.34378535436,"upper_bound":147129.69136209783},"point_estimate":94638.7375388577,"standard_error":32363.660177679038}}