{"mean":{"confidence_interval":{"confidence_level":0.95,"lower_bound":4379108.349333333,"upper_bound":4413386.787625002},"point_estimate":4395935.518333333,"standard_error":8733.71944882609},"median":{"confidence_interval":{"confidence_level":0.95,"lower_bound":4359969.291666666,"upper_bound":4393017.166666667},"point_estimate":4376211.916666667,"standard_error":8367.260671772736},"median_abs_dev":{"confidence_interval":{"confidence_level":0.95,"lower_bound":52357.89452046133,"upper_bound":98501.22415125347},"point_estimate":76717.44451299333,"standard_error":11848.13171956223},"slope":null,"std_dev":{"confidence_interval":{"confidence_level":0.95,"lower_bound":73903.50321441081,"upper_bound":101337.69492682071},"point_estimate":88146.67554186835,"standard_error":7004.763825191693}}