{"mean":{"confidence_interval":{"confidence_level":0.95,"lower_bound":4523495.84375,"upper_bound":4617798.440583334},"point_estimate":4568921.050000001,"standard_error":24040.318576438414},"median":{"confidence_interval":{"confidence_level":0.95,"lower_bound":4481931.0,"upper_bound":4548127.166666667},"point_estimate":4516168.708333334,"standard_error":18825.034022694083},"median_abs_dev":{"confidence_interval":{"confidence_level":0.95,"lower_bound":156662.32384368684,"upper_bound":250042.3388108611},"point_estimate":213971.54630124522,"standard_error":23999.938890634738},"slope":null,"std_dev":{"confidence_interval":{"confidence_level":0.95,"lower_bound":192220.93497603838,"upper_bound":285222.9073517133},"point_estimate":241887.42281498166,"standard_error":23767.849290567538}}