{"mean":{"confidence_interval":{"confidence_level":0.95,"lower_bound":3684987.3258749996,"upper_bound":3771953.7296428573},"point_estimate":3721334.9707142855,"standard_error":22563.0807437852},"median":{"confidence_interval":{"confidence_level":0.95,"lower_bound":3645975.714285714,"upper_bound":3707068.9285714286},"point_estimate":3681711.7142857146,"standard_error":15720.727942406602},"median_abs_dev":{"confidence_interval":{"confidence_level":0.95,"lower_bound":74294.67318100648,"upper_bound":126805.4519987534},"point_estimate":103089.14741980188,"standard_error":13487.714446329297},"slope":null,"std_dev":{"confidence_interval":{"confidence_level":0.95,"lower_bound":91794.3206418825,"upper_bound":358138.8991032262},"point_estimate":226571.8641566188,"standard_error":83533.17123790452}}