{"mean":{"confidence_interval":{"confidence_level":0.95,"lower_bound":3673616.273732142,"upper_bound":3785077.0593928597},"point_estimate":3718635.1828571423,"standard_error":29189.807972577193},"median":{"confidence_interval":{"confidence_level":0.95,"lower_bound":3653353.714285714,"upper_bound":3719519.0714285714},"point_estimate":3689750.7142857146,"standard_error":16426.386974414632},"median_abs_dev":{"confidence_interval":{"confidence_level":0.95,"lower_bound":85441.05834561794,"upper_bound":144396.50068644952},"point_estimate":115316.09645273053,"standard_error":15127.583346226731},"slope":null,"std_dev":{"confidence_interval":{"confidence_level":0.95,"lower_bound":110025.7847256787,"upper_bound":475684.2749907422},"point_estimate":293554.09441516444,"standard_error":121859.46378373892}}