{"mean":{"confidence_interval":{"confidence_level":0.95,"lower_bound":859730.574742184,"upper_bound":870223.523104579},"point_estimate":864098.7975656402,"standard_error":2732.595209113187},"median":{"confidence_interval":{"confidence_level":0.95,"lower_bound":857479.1027173912,"upper_bound":861044.9941558442},"point_estimate":859117.3417553192,"standard_error":893.8280349150683},"median_abs_dev":{"confidence_interval":{"confidence_level":0.95,"lower_bound":4383.304862221818,"upper_bound":7392.416553094846},"point_estimate":6027.437738802767,"standard_error":784.7434383217998},"slope":{"confidence_interval":{"confidence_level":0.95,"lower_bound":859750.7452195502,"upper_bound":866832.8327034814},"point_estimate":862697.0559317275,"standard_error":1830.037109437355},"std_dev":{"confidence_interval":{"confidence_level":0.95,"lower_bound":7556.349948685976,"upper_bound":43597.88885328595},"point_estimate":27455.0565700122,"standard_error":10104.959326370226}}