{"mean":{"confidence_interval":{"confidence_level":0.95,"lower_bound":873199.9698611323,"upper_bound":886059.5981284451},"point_estimate":878511.2341170438,"standard_error":3349.2972751531447},"median":{"confidence_interval":{"confidence_level":0.95,"lower_bound":870805.655075337,"upper_bound":874119.9848484849},"point_estimate":872147.3415625,"standard_error":885.8944654599657},"median_abs_dev":{"confidence_interval":{"confidence_level":0.95,"lower_bound":4789.550844674986,"upper_bound":8658.12500835203},"point_estimate":6922.614544391502,"standard_error":1003.645628933897},"slope":{"confidence_interval":{"confidence_level":0.95,"lower_bound":871889.8683327542,"upper_bound":886966.0745588134},"point_estimate":877166.4074759864,"standard_error":4219.147925197011},"std_dev":{"confidence_interval":{"confidence_level":0.95,"lower_bound":8964.097922807305,"upper_bound":53767.918762805195},"point_estimate":33590.45481820637,"standard_error":12626.322538924667}}