{"mean":{"confidence_interval":{"confidence_level":0.95,"lower_bound":870892.6158734197,"upper_bound":885305.744411396},"point_estimate":876347.6848837,"standard_error":3922.4763590125235},"median":{"confidence_interval":{"confidence_level":0.95,"lower_bound":867104.2533333333,"upper_bound":872760.328125},"point_estimate":869882.5684027778,"standard_error":1534.5611753351911},"median_abs_dev":{"confidence_interval":{"confidence_level":0.95,"lower_bound":6900.450648592201,"upper_bound":12259.77509025592},"point_estimate":8825.650582766973,"standard_error":1453.226713892358},"slope":{"confidence_interval":{"confidence_level":0.95,"lower_bound":868059.1914301633,"upper_bound":880623.737629174},"point_estimate":872607.0553923452,"standard_error":3384.595632664801},"std_dev":{"confidence_interval":{"confidence_level":0.95,"lower_bound":9346.123158411998,"upper_bound":65789.90954281067},"point_estimate":39379.19636466498,"standard_error":19222.29412279936}}