{"mean":{"confidence_interval":{"confidence_level":0.95,"lower_bound":873797.2823766096,"upper_bound":886196.5619402824},"point_estimate":878824.848951502,"standard_error":3236.1586822909308},"median":{"confidence_interval":{"confidence_level":0.95,"lower_bound":871745.2216494846,"upper_bound":873168.0418875928},"point_estimate":872431.4423590256,"standard_error":332.8404913388493},"median_abs_dev":{"confidence_interval":{"confidence_level":0.95,"lower_bound":2076.0434502353405,"upper_bound":3845.4139588019207},"point_estimate":2837.4770927289933,"standard_error":450.3836825050445},"slope":{"confidence_interval":{"confidence_level":0.95,"lower_bound":873192.0442860298,"upper_bound":890041.265268406},"point_estimate":879223.8074124428,"standard_error":4643.103897732612},"std_dev":{"confidence_interval":{"confidence_level":0.95,"lower_bound":5657.4494533127845,"upper_bound":52567.27935709078},"point_estimate":32556.489056016104,"standard_error":12947.174643684413}}