{"mean":{"confidence_interval":{"confidence_level":0.95,"lower_bound":1258558.137742895,"upper_bound":1289752.755481338},"point_estimate":1273500.4035391049,"standard_error":7971.249881940243},"median":{"confidence_interval":{"confidence_level":0.95,"lower_bound":1232130.989361702,"upper_bound":1264073.007936508},"point_estimate":1254776.6898734178,"standard_error":9044.105342021297},"median_abs_dev":{"confidence_interval":{"confidence_level":0.95,"lower_bound":42306.43893048958,"upper_bound":76475.60747869972},"point_estimate":64664.72655830098,"standard_error":9033.40561607089},"slope":{"confidence_interval":{"confidence_level":0.95,"lower_bound":1267089.2584447432,"upper_bound":1301030.8004480337},"point_estimate":1283257.6958622728,"standard_error":8643.058255132946},"std_dev":{"confidence_interval":{"confidence_level":0.95,"lower_bound":61950.66645861489,"upper_bound":97114.72660163135},"point_estimate":80213.59560638368,"standard_error":9018.589297467262}}