{"mean":{"confidence_interval":{"confidence_level":0.95,"lower_bound":1345783.012945161,"upper_bound":1400443.664599927},"point_estimate":1372764.5597277712,"standard_error":13950.965282945715},"median":{"confidence_interval":{"confidence_level":0.95,"lower_bound":1316031.5057471264,"upper_bound":1389572.4210526317},"point_estimate":1359284.0678733033,"standard_error":19116.741744202052},"median_abs_dev":{"confidence_interval":{"confidence_level":0.95,"lower_bound":114877.19775799089,"upper_bound":189357.3952999578},"point_estimate":157905.00838246685,"standard_error":20265.915490473195},"slope":{"confidence_interval":{"confidence_level":0.95,"lower_bound":1336496.062980266,"upper_bound":1397766.3581668434},"point_estimate":1366007.9031742278,"standard_error":15622.523412420132},"std_dev":{"confidence_interval":{"confidence_level":0.95,"lower_bound":119481.33087363502,"upper_bound":160153.80846817474},"point_estimate":140194.45455624783,"standard_error":10438.914087478726}}