{"mean":{"confidence_interval":{"confidence_level":0.95,"lower_bound":875821.410536771,"upper_bound":894645.7396424101},"point_estimate":884046.7531634511,"standard_error":4849.715412860737},"median":{"confidence_interval":{"confidence_level":0.95,"lower_bound":871578.5510432192,"upper_bound":872831.0},"point_estimate":871962.7118298368,"standard_error":343.0252433637129},"median_abs_dev":{"confidence_interval":{"confidence_level":0.95,"lower_bound":1672.8199036347721,"upper_bound":3082.9102662672644},"point_estimate":2214.6491544321466,"standard_error":368.3873278798906},"slope":{"confidence_interval":{"confidence_level":0.95,"lower_bound":872640.2099955122,"upper_bound":884045.6577131994},"point_estimate":877261.3487143491,"standard_error":2962.5352579674254},"std_dev":{"confidence_interval":{"confidence_level":0.95,"lower_bound":16739.03992494079,"upper_bound":70984.5076760111},"point_estimate":48667.29302094725,"standard_error":13641.135725299018}}