{"mean":{"confidence_interval":{"confidence_level":0.95,"lower_bound":848109.9899665117,"upper_bound":860660.255477473},"point_estimate":853187.5220788313,"standard_error":3305.3857638276295},"median":{"confidence_interval":{"confidence_level":0.95,"lower_bound":845982.8245791246,"upper_bound":849203.1649484537},"point_estimate":847837.9248721227,"standard_error":927.296102693221},"median_abs_dev":{"confidence_interval":{"confidence_level":0.95,"lower_bound":5001.830900328661,"upper_bound":8427.991247853051},"point_estimate":6179.30063202924,"standard_error":806.2595415498961},"slope":{"confidence_interval":{"confidence_level":0.95,"lower_bound":847038.5086887658,"upper_bound":861212.0058577975},"point_estimate":852020.7382636323,"standard_error":4044.23595680371},"std_dev":{"confidence_interval":{"confidence_level":0.95,"lower_bound":6135.622779216624,"upper_bound":53671.155980475734},"point_estimate":33189.93055608178,"standard_error":13375.176018475964}}