{"mean":{"confidence_interval":{"confidence_level":0.95,"lower_bound":1262890.8214961283,"upper_bound":1315336.2246563658},"point_estimate":1287667.591414157,"standard_error":13410.8622016542},"median":{"confidence_interval":{"confidence_level":0.95,"lower_bound":1231978.0,"upper_bound":1262068.095890411},"point_estimate":1247244.6717325228,"standard_error":7020.422170808986},"median_abs_dev":{"confidence_interval":{"confidence_level":0.95,"lower_bound":51562.395050353705,"upper_bound":103152.06416171674},"point_estimate":73505.58724949945,"standard_error":13255.982553631771},"slope":{"confidence_interval":{"confidence_level":0.95,"lower_bound":1249834.978431999,"upper_bound":1313911.1122261586},"point_estimate":1279831.7700635437,"standard_error":16395.932857953634},"std_dev":{"confidence_interval":{"confidence_level":0.95,"lower_bound":95012.08147084682,"upper_bound":177066.07397153607},"point_estimate":135129.92815778404,"standard_error":21637.282080667155}}