{"mean":{"confidence_interval":{"confidence_level":0.95,"lower_bound":907172.0625625468,"upper_bound":918463.1449274073},"point_estimate":912013.1664850886,"standard_error":2910.022143782311},"median":{"confidence_interval":{"confidence_level":0.95,"lower_bound":903469.1114354396,"upper_bound":904810.2354166666},"point_estimate":903944.9060800311,"standard_error":419.37171094552735},"median_abs_dev":{"confidence_interval":{"confidence_level":0.95,"lower_bound":2182.0463109230086,"upper_bound":4098.608444005071},"point_estimate":2893.8258321482426,"standard_error":498.87204646711467},"slope":{"confidence_interval":{"confidence_level":0.95,"lower_bound":907034.2826676769,"upper_bound":923284.5225348392},"point_estimate":913909.4003221516,"standard_error":4209.050629555772},"std_dev":{"confidence_interval":{"confidence_level":0.95,"lower_bound":11372.144276271993,"upper_bound":44653.896916187296},"point_estimate":29165.187446459728,"standard_error":8803.284024460498}}