{"mean":{"confidence_interval":{"confidence_level":0.95,"lower_bound":1247431.2457641424,"upper_bound":1275684.7901649869},"point_estimate":1261420.7108521974,"standard_error":7201.562616512768},"median":{"confidence_interval":{"confidence_level":0.95,"lower_bound":1249246.79743833,"upper_bound":1275046.1},"point_estimate":1261635.906680265,"standard_error":5381.6580013660005},"median_abs_dev":{"confidence_interval":{"confidence_level":0.95,"lower_bound":37667.88129639296,"upper_bound":73046.27894548577},"point_estimate":50186.81110594456,"standard_error":9838.83638919129},"slope":{"confidence_interval":{"confidence_level":0.95,"lower_bound":1273347.6314165613,"upper_bound":1306672.6068880963},"point_estimate":1289363.0341303383,"standard_error":8515.82492132803},"std_dev":{"confidence_interval":{"confidence_level":0.95,"lower_bound":59010.29159685229,"upper_bound":84442.38628933774},"point_estimate":72256.88523455124,"standard_error":6499.9989965053355}}