{"mean":{"confidence_interval":{"confidence_level":0.95,"lower_bound":92865.83067673756,"upper_bound":94390.32302648095},"point_estimate":93561.65392326146,"standard_error":390.2916659341542},"median":{"confidence_interval":{"confidence_level":0.95,"lower_bound":92406.03296478296,"upper_bound":93285.81433752418},"point_estimate":92919.90251082252,"standard_error":234.85497475777836},"median_abs_dev":{"confidence_interval":{"confidence_level":0.95,"lower_bound":1574.8233870149609,"upper_bound":2701.321220223779},"point_estimate":2021.9103275016566,"standard_error":283.47876194318746},"slope":{"confidence_interval":{"confidence_level":0.95,"lower_bound":93010.42625790002,"upper_bound":94202.62495852626},"point_estimate":93592.03580101294,"standard_error":304.3463810080181},"std_dev":{"confidence_interval":{"confidence_level":0.95,"lower_bound":2355.688652294133,"upper_bound":5605.063605645005},"point_estimate":3924.998859158534,"standard_error":907.4156166447548}}