{"mean":{"confidence_interval":{"confidence_level":0.95,"lower_bound":75941.96630581604,"upper_bound":76985.21336373615},"point_estimate":76387.50788474406,"standard_error":268.21559689336794},"median":{"confidence_interval":{"confidence_level":0.95,"lower_bound":75995.94056273397,"upper_bound":76482.94043366227},"point_estimate":76216.06189213085,"standard_error":119.63888803138327},"median_abs_dev":{"confidence_interval":{"confidence_level":0.95,"lower_bound":783.2181770453245,"upper_bound":1316.1316668146574},"point_estimate":988.0717829710302,"standard_error":136.2169385933536},"slope":{"confidence_interval":{"confidence_level":0.95,"lower_bound":76082.59010854404,"upper_bound":76633.85777991693},"point_estimate":76342.29216514534,"standard_error":140.92527275155263},"std_dev":{"confidence_interval":{"confidence_level":0.95,"lower_bound":1177.217297226907,"upper_bound":4230.563895954374},"point_estimate":2690.7473349685424,"standard_error":941.702828940389}}