{"mean":{"confidence_interval":{"confidence_level":0.95,"lower_bound":97084.24864451739,"upper_bound":99625.60930423308},"point_estimate":98234.98476182383,"standard_error":651.640363982173},"median":{"confidence_interval":{"confidence_level":0.95,"lower_bound":96580.74931312061,"upper_bound":98116.26093663913},"point_estimate":97126.53125,"standard_error":421.03283320403824},"median_abs_dev":{"confidence_interval":{"confidence_level":0.95,"lower_bound":2982.8712621630602,"upper_bound":5178.568229091359},"point_estimate":4510.030063751559,"standard_error":551.94394620634},"slope":{"confidence_interval":{"confidence_level":0.95,"lower_bound":96165.41375283213,"upper_bound":98275.02532566409},"point_estimate":97153.06449400164,"standard_error":538.4303409809569},"std_dev":{"confidence_interval":{"confidence_level":0.95,"lower_bound":3653.701338962543,"upper_bound":9538.627278026632},"point_estimate":6550.033288826607,"standard_error":1619.6283028247396}}