{"mean":{"confidence_interval":{"confidence_level":0.95,"lower_bound":172257.27840833616,"upper_bound":180368.9215768863},"point_estimate":176135.38233654387,"standard_error":2076.4625051596154},"median":{"confidence_interval":{"confidence_level":0.95,"lower_bound":168168.84242424244,"upper_bound":173495.96450906817},"point_estimate":170282.68111111113,"standard_error":1379.3926819534906},"median_abs_dev":{"confidence_interval":{"confidence_level":0.95,"lower_bound":9858.203893909538,"upper_bound":17997.74251648738},"point_estimate":13453.463593992536,"standard_error":2061.0930705688565},"slope":{"confidence_interval":{"confidence_level":0.95,"lower_bound":169410.75505645122,"upper_bound":176276.48349668185},"point_estimate":172503.9137456283,"standard_error":1761.6795935831692},"std_dev":{"confidence_interval":{"confidence_level":0.95,"lower_bound":15462.087283476565,"upper_bound":25500.629573000122},"point_estimate":20839.919777127056,"standard_error":2572.2239652265825}}