{"mean":{"confidence_interval":{"confidence_level":0.95,"lower_bound":209258.3139213581,"upper_bound":220644.9076151618},"point_estimate":214595.21654401533,"standard_error":2911.561040046775},"median":{"confidence_interval":{"confidence_level":0.95,"lower_bound":201184.984375,"upper_bound":206690.0765064836},"point_estimate":202720.22098377813,"standard_error":1573.9416059845507},"median_abs_dev":{"confidence_interval":{"confidence_level":0.95,"lower_bound":10617.108906607187,"upper_bound":20329.336169232774},"point_estimate":14179.32815181605,"standard_error":2542.8175872718166},"slope":{"confidence_interval":{"confidence_level":0.95,"lower_bound":213037.8713012275,"upper_bound":231337.36980148454},"point_estimate":221663.18624974138,"standard_error":4674.380168188659},"std_dev":{"confidence_interval":{"confidence_level":0.95,"lower_bound":20013.019503986,"upper_bound":38942.810596952055},"point_estimate":29166.656292984724,"standard_error":5056.138367825942}}