{"mean":{"confidence_interval":{"confidence_level":0.95,"lower_bound":155992.09017975285,"upper_bound":162018.32752885978},"point_estimate":158889.83199444556,"standard_error":1538.0479215176265},"median":{"confidence_interval":{"confidence_level":0.95,"lower_bound":153190.43714285715,"upper_bound":157498.5357142857},"point_estimate":155952.93702553486,"standard_error":951.9505915478042},"median_abs_dev":{"confidence_interval":{"confidence_level":0.95,"lower_bound":6585.309869166112,"upper_bound":12036.407923702522},"point_estimate":9601.59615664242,"standard_error":1421.2072202825643},"slope":{"confidence_interval":{"confidence_level":0.95,"lower_bound":154418.8585154537,"upper_bound":160366.04400024},"point_estimate":157277.78229263864,"standard_error":1518.5178477655281},"std_dev":{"confidence_interval":{"confidence_level":0.95,"lower_bound":11337.28905917034,"upper_bound":19240.647332767683},"point_estimate":15489.946893107113,"standard_error":2023.380527351384}}