{"mean":{"confidence_interval":{"confidence_level":0.95,"lower_bound":25993.92703142027,"upper_bound":26455.19163394232},"point_estimate":26218.06180095738,"standard_error":117.72242133576499},"median":{"confidence_interval":{"confidence_level":0.95,"lower_bound":25899.33675213675,"upper_bound":26405.034188034188},"point_estimate":26211.408644596144,"standard_error":135.29524921890416},"median_abs_dev":{"confidence_interval":{"confidence_level":0.95,"lower_bound":751.8313528884584,"upper_bound":1192.7016979425885},"point_estimate":1015.7589866206567,"standard_error":109.797597770929},"slope":{"confidence_interval":{"confidence_level":0.95,"lower_bound":25817.454737950582,"upper_bound":26228.609167764607},"point_estimate":26024.27129357023,"standard_error":104.81669967512141},"std_dev":{"confidence_interval":{"confidence_level":0.95,"lower_bound":893.2596780692891,"upper_bound":1463.7491654670473},"point_estimate":1179.8867871135838,"standard_error":147.79294279401623}}