{"mean":{"confidence_interval":{"confidence_level":0.95,"lower_bound":188334.73465270715,"upper_bound":196411.9437306425},"point_estimate":191814.72989269305,"standard_error":2084.981786168431},"median":{"confidence_interval":{"confidence_level":0.95,"lower_bound":186993.64,"upper_bound":190100.90943223442},"point_estimate":188345.6642136249,"standard_error":799.830711644047},"median_abs_dev":{"confidence_interval":{"confidence_level":0.95,"lower_bound":4216.6203797052585,"upper_bound":6446.195716876884},"point_estimate":5475.773492515299,"standard_error":592.020149755843},"slope":{"confidence_interval":{"confidence_level":0.95,"lower_bound":189859.35783527925,"upper_bound":194340.20683747553},"point_estimate":191910.64582119108,"standard_error":1151.3973110749778},"std_dev":{"confidence_interval":{"confidence_level":0.95,"lower_bound":7204.300541823206,"upper_bound":32484.594957869384},"point_estimate":20976.729322442327,"standard_error":6692.686965168972}}