{"mean":{"confidence_interval":{"confidence_level":0.95,"lower_bound":166232.19165457386,"upper_bound":177678.27828587612},"point_estimate":171608.60640969276,"standard_error":2934.318170866529},"median":{"confidence_interval":{"confidence_level":0.95,"lower_bound":159241.87666666668,"upper_bound":166177.62592592594},"point_estimate":161413.24779411766,"standard_error":1713.101747350776},"median_abs_dev":{"confidence_interval":{"confidence_level":0.95,"lower_bound":8346.747683422742,"upper_bound":16261.087370183304},"point_estimate":11747.919259065598,"standard_error":2154.8360292815964},"slope":{"confidence_interval":{"confidence_level":0.95,"lower_bound":166119.35794039845,"upper_bound":183665.76988215742},"point_estimate":174229.95244914043,"standard_error":4514.954070356433},"std_dev":{"confidence_interval":{"confidence_level":0.95,"lower_bound":19675.646333367575,"upper_bound":38416.82984782681},"point_estimate":29527.26398572456,"standard_error":4806.542589856219}}