{"mean":{"confidence_interval":{"confidence_level":0.95,"lower_bound":92457.0866378013,"upper_bound":94491.01265013313},"point_estimate":93326.7183240966,"standard_error":523.8429253641482},"median":{"confidence_interval":{"confidence_level":0.95,"lower_bound":92369.65377176016,"upper_bound":93145.34760150916},"point_estimate":92736.49345665962,"standard_error":249.12535764164932},"median_abs_dev":{"confidence_interval":{"confidence_level":0.95,"lower_bound":1548.7432920745564,"upper_bound":2480.9934384753547},"point_estimate":1955.076326708848,"standard_error":232.55409577884373},"slope":{"confidence_interval":{"confidence_level":0.95,"lower_bound":92868.65290838458,"upper_bound":94542.40414697395},"point_estimate":93597.35258460174,"standard_error":432.8203178594396},"std_dev":{"confidence_interval":{"confidence_level":0.95,"lower_bound":2169.853693489086,"upper_bound":8233.34151861924},"point_estimate":5271.677090827042,"standard_error":1771.16867815643}}