{"mean":{"confidence_interval":{"confidence_level":0.95,"lower_bound":157611.65798626028,"upper_bound":160974.5775855648},"point_estimate":159172.72287023105,"standard_error":860.8333024537956},"median":{"confidence_interval":{"confidence_level":0.95,"lower_bound":155340.35941558442,"upper_bound":156976.2635189669},"point_estimate":156077.10910746813,"standard_error":397.20393633807345},"median_abs_dev":{"confidence_interval":{"confidence_level":0.95,"lower_bound":1949.8780824040512,"upper_bound":3752.143648001529},"point_estimate":2942.144510673343,"standard_error":483.7224116940102},"slope":{"confidence_interval":{"confidence_level":0.95,"lower_bound":156378.6261758212,"upper_bound":159096.0856235801},"point_estimate":157561.02657096414,"standard_error":698.4913031059906},"std_dev":{"confidence_interval":{"confidence_level":0.95,"lower_bound":5667.135382788135,"upper_bound":11225.302868321382},"point_estimate":8650.190816993809,"standard_error":1416.9342114816827}}