{"mean":{"confidence_interval":{"confidence_level":0.95,"lower_bound":95607.38671107567,"upper_bound":98278.7069240084},"point_estimate":96789.4024907282,"standard_error":687.1570051156698},"median":{"confidence_interval":{"confidence_level":0.95,"lower_bound":94859.06493506493,"upper_bound":96265.36269915651},"point_estimate":95414.7636282213,"standard_error":400.591965718267},"median_abs_dev":{"confidence_interval":{"confidence_level":0.95,"lower_bound":1973.8253106225993,"upper_bound":3037.9845693046464},"point_estimate":2647.011915835543,"standard_error":276.528719575847},"slope":{"confidence_interval":{"confidence_level":0.95,"lower_bound":95122.8204761589,"upper_bound":97107.53277652011},"point_estimate":95990.851323401,"standard_error":509.3635647713054},"std_dev":{"confidence_interval":{"confidence_level":0.95,"lower_bound":2735.8920313716444,"upper_bound":9958.606344405285},"point_estimate":6893.271644064423,"standard_error":1805.9722010823095}}