{"mean":{"confidence_interval":{"confidence_level":0.95,"lower_bound":13118454.7825,"upper_bound":13349647.1003125},"point_estimate":13227947.83,"standard_error":59197.767263759306},"median":{"confidence_interval":{"confidence_level":0.95,"lower_bound":13044709.25,"upper_bound":13187708.75},"point_estimate":13105966.0,"standard_error":36751.880022368445},"median_abs_dev":{"confidence_interval":{"confidence_level":0.95,"lower_bound":296360.98588854074,"upper_bound":508853.52443229395},"point_estimate":401508.64394679666,"standard_error":55238.47772402101},"slope":null,"std_dev":{"confidence_interval":{"confidence_level":0.95,"lower_bound":423626.14903519355,"upper_bound":746370.1997902186},"point_estimate":596837.6714798958,"standard_error":82761.43803322739}}