{"mean":{"confidence_interval":{"confidence_level":0.95,"lower_bound":12570455.797849996,"upper_bound":12801231.977800006},"point_estimate":12679711.476,"standard_error":59097.4364364529},"median":{"confidence_interval":{"confidence_level":0.95,"lower_bound":12478259.2,"upper_bound":12665737.2},"point_estimate":12562108.3,"standard_error":46361.89000114219},"median_abs_dev":{"confidence_interval":{"confidence_level":0.95,"lower_bound":341572.3531758777,"upper_bound":529222.9562044144},"point_estimate":447740.15121102415,"standard_error":46478.385410597075},"slope":null,"std_dev":{"confidence_interval":{"confidence_level":0.95,"lower_bound":425290.97389901587,"upper_bound":782676.3479268318},"point_estimate":592255.9813940228,"standard_error":97086.4991514418}}