{"mean":{"confidence_interval":{"confidence_level":0.95,"lower_bound":14636656.18775,"upper_bound":14970414.5035625},"point_estimate":14794998.3575,"standard_error":85237.93927319466},"median":{"confidence_interval":{"confidence_level":0.95,"lower_bound":14498380.5,"upper_bound":14723719.125},"point_estimate":14592268.5,"standard_error":48403.17177717293},"median_abs_dev":{"confidence_interval":{"confidence_level":0.95,"lower_bound":383606.4345896244,"upper_bound":655535.0995369256},"point_estimate":510962.513628602,"standard_error":71798.22635324113},"slope":null,"std_dev":{"confidence_interval":{"confidence_level":0.95,"lower_bound":590124.0805165977,"upper_bound":1115720.9675781715},"point_estimate":855137.1964175102,"standard_error":137370.64272040283}}