{"mean":{"confidence_interval":{"confidence_level":0.95,"lower_bound":11027654.264,"upper_bound":11258075.037600001},"point_estimate":11137998.646,"standard_error":58612.502016969105},"median":{"confidence_interval":{"confidence_level":0.95,"lower_bound":10973164.1,"upper_bound":11191777.4},"point_estimate":11070746.2,"standard_error":68445.01436176429},"median_abs_dev":{"confidence_interval":{"confidence_level":0.95,"lower_bound":325344.55516398005,"upper_bound":526566.4409845786},"point_estimate":405777.53111600905,"standard_error":52694.72660112142},"slope":null,"std_dev":{"confidence_interval":{"confidence_level":0.95,"lower_bound":426197.3165904578,"upper_bound":751968.0568643218},"point_estimate":590380.4170780561,"standard_error":84438.19423960726}}