{"mean":{"confidence_interval":{"confidence_level":0.95,"lower_bound":10012461.409999998,"upper_bound":10173491.24279167},"point_estimate":10087822.35,"standard_error":41126.514423053886},"median":{"confidence_interval":{"confidence_level":0.95,"lower_bound":9902634.833333334,"upper_bound":10014436.833333334},"point_estimate":9969869.333333334,"standard_error":29696.73747064351},"median_abs_dev":{"confidence_interval":{"confidence_level":0.95,"lower_bound":139786.69141829107,"upper_bound":258162.96820294272},"point_estimate":199771.32730334904,"standard_error":29506.283581003936},"slope":null,"std_dev":{"confidence_interval":{"confidence_level":0.95,"lower_bound":270935.1498700016,"upper_bound":545338.8610193616},"point_estimate":413720.09760042443,"standard_error":70787.48246311223}}