{"mean":{"confidence_interval":{"confidence_level":0.95,"lower_bound":10360374.0945,"upper_bound":10552068.3886},"point_estimate":10448583.372000003,"standard_error":48791.18687886372},"median":{"confidence_interval":{"confidence_level":0.95,"lower_bound":10319350.0,"upper_bound":10426516.2},"point_estimate":10374933.399999999,"standard_error":27714.8285856908},"median_abs_dev":{"confidence_interval":{"confidence_level":0.95,"lower_bound":222298.66789341028,"upper_bound":373310.3708124194},"point_estimate":303505.5610317022,"standard_error":37441.57450331563},"slope":null,"std_dev":{"confidence_interval":{"confidence_level":0.95,"lower_bound":310261.33815161395,"upper_bound":685411.5468761892},"point_estimate":489942.684308272,"standard_error":104462.07270524684}}