{"mean":{"confidence_interval":{"confidence_level":0.95,"lower_bound":12862637.7020625,"upper_bound":13211007.0211875},"point_estimate":13022963.6425,"standard_error":88978.28048666092},"median":{"confidence_interval":{"confidence_level":0.95,"lower_bound":12819591.25,"upper_bound":13084091.75},"point_estimate":12938029.0,"standard_error":66023.95259459801},"median_abs_dev":{"confidence_interval":{"confidence_level":0.95,"lower_bound":369964.6615818143,"upper_bound":637166.6124880314},"point_estimate":491074.91758167744,"standard_error":71806.24397325526},"slope":null,"std_dev":{"confidence_interval":{"confidence_level":0.95,"lower_bound":556517.117610952,"upper_bound":1259193.1194354743},"point_estimate":892852.6481203072,"standard_error":197113.13005867583}}