{"mean":{"confidence_interval":{"confidence_level":0.95,"lower_bound":10453199.893649999,"upper_bound":10603188.7218},"point_estimate":10525927.139999993,"standard_error":38281.305856183564},"median":{"confidence_interval":{"confidence_level":0.95,"lower_bound":10425003.1,"upper_bound":10540230.7},"point_estimate":10479166.7,"standard_error":29800.271155110244},"median_abs_dev":{"confidence_interval":{"confidence_level":0.95,"lower_bound":290845.93637645297,"upper_bound":439755.093849286},"point_estimate":389148.8380712282,"standard_error":37954.912699961205},"slope":null,"std_dev":{"confidence_interval":{"confidence_level":0.95,"lower_bound":301611.4624994641,"upper_bound":468697.14052656223},"point_estimate":383426.0532120124,"standard_error":43233.91556533145}}