{"mean":{"confidence_interval":{"confidence_level":0.95,"lower_bound":11374603.830849994,"upper_bound":11570589.046899997},"point_estimate":11469093.253999999,"standard_error":50011.78558536301},"median":{"confidence_interval":{"confidence_level":0.95,"lower_bound":11303575.6,"upper_bound":11444458.2},"point_estimate":11371256.8,"standard_error":29583.096965056593},"median_abs_dev":{"confidence_interval":{"confidence_level":0.95,"lower_bound":253083.8259398656,"upper_bound":471624.09548699803},"point_estimate":350537.7834767103,"standard_error":57070.01366035498},"slope":null,"std_dev":{"confidence_interval":{"confidence_level":0.95,"lower_bound":382911.24479298585,"upper_bound":614830.8538142238},"point_estimate":502699.1565563031,"standard_error":59705.62795087932}}