{"mean":{"confidence_interval":{"confidence_level":0.95,"lower_bound":12722214.217449997,"upper_bound":12850249.971999997},"point_estimate":12776029.452000003,"standard_error":33131.92701589247},"median":{"confidence_interval":{"confidence_level":0.95,"lower_bound":12729716.0,"upper_bound":12796786.7},"point_estimate":12752215.4,"standard_error":17563.668900886794},"median_abs_dev":{"confidence_interval":{"confidence_level":0.95,"lower_bound":101455.35401880907,"upper_bound":170057.47870087513},"point_estimate":134354.6922147274,"standard_error":17579.57569690456},"slope":null,"std_dev":{"confidence_interval":{"confidence_level":0.95,"lower_bound":142238.81720342525,"upper_bound":528311.1321565764},"point_estimate":333134.9408190793,"standard_error":122051.23595069785}}