{"mean":{"confidence_interval":{"confidence_level":0.95,"lower_bound":10301644.892649999,"upper_bound":10390916.2749},"point_estimate":10345180.298000002,"standard_error":22810.90575256668},"median":{"confidence_interval":{"confidence_level":0.95,"lower_bound":10267843.0,"upper_bound":10345423.6},"point_estimate":10313353.5,"standard_error":21226.703146748885},"median_abs_dev":{"confidence_interval":{"confidence_level":0.95,"lower_bound":134620.9671700023,"upper_bound":214786.91945376951},"point_estimate":175214.8509693143,"standard_error":19396.055916256628},"slope":null,"std_dev":{"confidence_interval":{"confidence_level":0.95,"lower_bound":180042.11366540284,"upper_bound":276969.4475070327},"point_estimate":229240.68103909545,"standard_error":24916.858673970666}}