{"mean":{"confidence_interval":{"confidence_level":0.95,"lower_bound":10498420.346333336,"upper_bound":10819822.458083332},"point_estimate":10649917.80833334,"standard_error":82037.93462681114},"median":{"confidence_interval":{"confidence_level":0.95,"lower_bound":10295143.666666668,"upper_bound":10554448.166666666},"point_estimate":10443154.583333332,"standard_error":73515.85423602314},"median_abs_dev":{"confidence_interval":{"confidence_level":0.95,"lower_bound":297476.27171874046,"upper_bound":490872.7897852678},"point_estimate":419373.0470046387,"standard_error":48274.10502445992},"slope":null,"std_dev":{"confidence_interval":{"confidence_level":0.95,"lower_bound":580982.5227852552,"upper_bound":1023737.6586846688},"point_estimate":823791.3992504637,"standard_error":112780.37776379261}}