{"mean":{"confidence_interval":{"confidence_level":0.95,"lower_bound":14265418.8030625,"upper_bound":14801063.365625},"point_estimate":14515875.44,"standard_error":136960.17841187137},"median":{"confidence_interval":{"confidence_level":0.95,"lower_bound":14022934.25,"upper_bound":14411962.375},"point_estimate":14223098.375,"standard_error":90577.81466302917},"median_abs_dev":{"confidence_interval":{"confidence_level":0.95,"lower_bound":538984.9504061043,"upper_bound":882103.6182895303},"point_estimate":760783.5743933916,"standard_error":90622.08429590863},"slope":null,"std_dev":{"confidence_interval":{"confidence_level":0.95,"lower_bound":884295.7384246335,"upper_bound":1802752.1897264551},"point_estimate":1371054.2440262574,"standard_error":235799.3619593898}}