{"mean":{"confidence_interval":{"confidence_level":0.95,"lower_bound":14518763.9519375,"upper_bound":14909988.050312499},"point_estimate":14701734.5375,"standard_error":99823.37638258505},"median":{"confidence_interval":{"confidence_level":0.95,"lower_bound":14343092.125,"upper_bound":14571867.0},"point_estimate":14467717.0,"standard_error":64618.07324189185},"median_abs_dev":{"confidence_interval":{"confidence_level":0.95,"lower_bound":381285.9015426972,"upper_bound":697544.5697911084},"point_estimate":507975.4453316331,"standard_error":81666.98638309047},"slope":null,"std_dev":{"confidence_interval":{"confidence_level":0.95,"lower_bound":689711.188264196,"upper_bound":1276764.4268878654},"point_estimate":1005074.9683871504,"standard_error":150556.40201768428}}