{"mean":{"confidence_interval":{"confidence_level":0.95,"lower_bound":12090404.2157,"upper_bound":12429306.220450008},"point_estimate":12253891.872000003,"standard_error":86304.18706752222},"median":{"confidence_interval":{"confidence_level":0.95,"lower_bound":11990883.899999999,"upper_bound":12283231.2},"point_estimate":12158919.600000001,"standard_error":74377.12454131797},"median_abs_dev":{"confidence_interval":{"confidence_level":0.95,"lower_bound":543080.2251183995,"upper_bound":938701.9464147089},"point_estimate":738343.8307517789,"standard_error":101403.57605118316},"slope":null,"std_dev":{"confidence_interval":{"confidence_level":0.95,"lower_bound":677722.8072581053,"upper_bound":1047421.3510249468},"point_estimate":870104.1891473219,"standard_error":94671.64311240304}}