{"mean":{"confidence_interval":{"confidence_level":0.95,"lower_bound":96106.12136146188,"upper_bound":97730.54527068729},"point_estimate":96902.68697851957,"standard_error":414.37187649267224},"median":{"confidence_interval":{"confidence_level":0.95,"lower_bound":96008.16136363636,"upper_bound":97338.25039872408},"point_estimate":96648.01736893553,"standard_error":324.5628034709975},"median_abs_dev":{"confidence_interval":{"confidence_level":0.95,"lower_bound":1872.331415795283,"upper_bound":3072.708648152869},"point_estimate":2430.343270994201,"standard_error":317.2120867100738},"slope":{"confidence_interval":{"confidence_level":0.95,"lower_bound":96284.46732486314,"upper_bound":97055.37218592697},"point_estimate":96664.70412187488,"standard_error":196.9166756003814},"std_dev":{"confidence_interval":{"confidence_level":0.95,"lower_bound":3243.364015572147,"upper_bound":4991.839495270195},"point_estimate":4140.991912521212,"standard_error":446.6852366620625}}