{"mean":{"confidence_interval":{"confidence_level":0.95,"lower_bound":161493.90711166733,"upper_bound":166851.61072775777},"point_estimate":163942.01995185256,"standard_error":1366.3953059008286},"median":{"confidence_interval":{"confidence_level":0.95,"lower_bound":158821.5069124424,"upper_bound":161262.68027210885},"point_estimate":159980.27346143135,"standard_error":605.4874184040011},"median_abs_dev":{"confidence_interval":{"confidence_level":0.95,"lower_bound":3760.2740388372067,"upper_bound":7086.629829958792},"point_estimate":5236.640926663429,"standard_error":859.7954161529618},"slope":{"confidence_interval":{"confidence_level":0.95,"lower_bound":161035.4086200752,"upper_bound":167420.81709058757},"point_estimate":163842.02328315988,"standard_error":1637.4472528072745},"std_dev":{"confidence_interval":{"confidence_level":0.95,"lower_bound":8033.187393661559,"upper_bound":19054.39221288491},"point_estimate":13708.293012386246,"standard_error":2893.300571980015}}