{"mean":{"confidence_interval":{"confidence_level":0.95,"lower_bound":88648.78592405099,"upper_bound":89985.24898900934},"point_estimate":89249.20360969595,"standard_error":343.2784469293623},"median":{"confidence_interval":{"confidence_level":0.95,"lower_bound":88471.75208333334,"upper_bound":89419.08333333333},"point_estimate":88925.73875994695,"standard_error":272.60948588069226},"median_abs_dev":{"confidence_interval":{"confidence_level":0.95,"lower_bound":1304.471592299328,"upper_bound":2287.519267896714},"point_estimate":1666.3640906394933,"standard_error":242.78437100174972},"slope":{"confidence_interval":{"confidence_level":0.95,"lower_bound":89056.93617356161,"upper_bound":90691.57495528262},"point_estimate":89708.20474089947,"standard_error":436.37687321528887},"std_dev":{"confidence_interval":{"confidence_level":0.95,"lower_bound":1822.4568386362018,"upper_bound":5070.011198413496},"point_estimate":3444.9781902683603,"standard_error":886.4905767974998}}