{"mean":{"confidence_interval":{"confidence_level":0.95,"lower_bound":95169.34526965233,"upper_bound":97910.86780184988},"point_estimate":96403.03638159663,"standard_error":700.7806694202874},"median":{"confidence_interval":{"confidence_level":0.95,"lower_bound":94820.97612284623,"upper_bound":96071.48051948052},"point_estimate":95404.18616161616,"standard_error":337.2265650021629},"median_abs_dev":{"confidence_interval":{"confidence_level":0.95,"lower_bound":2540.232882174594,"upper_bound":3962.495559209075},"point_estimate":3302.738747898467,"standard_error":359.1303208673779},"slope":{"confidence_interval":{"confidence_level":0.95,"lower_bound":95572.37138146162,"upper_bound":98280.45095050233},"point_estimate":96745.2496766393,"standard_error":697.5675542651902},"std_dev":{"confidence_interval":{"confidence_level":0.95,"lower_bound":3192.4065949281717,"upper_bound":9915.412820225169},"point_estimate":7058.441060894644,"standard_error":1655.2270749679221}}