{"mean":{"confidence_interval":{"confidence_level":0.95,"lower_bound":104679.62333635462,"upper_bound":106800.31163933115},"point_estimate":105676.8847445565,"standard_error":540.9444927917278},"median":{"confidence_interval":{"confidence_level":0.95,"lower_bound":104445.03125,"upper_bound":106305.95833333333},"point_estimate":105367.49269418321,"standard_error":552.8795908485705},"median_abs_dev":{"confidence_interval":{"confidence_level":0.95,"lower_bound":2553.7403583471237,"upper_bound":4609.2617001957005},"point_estimate":3653.2989289949574,"standard_error":545.8025930224776},"slope":{"confidence_interval":{"confidence_level":0.95,"lower_bound":102916.05889433253,"upper_bound":104749.72376441522},"point_estimate":103823.02419447318,"standard_error":465.74482611530266},"std_dev":{"confidence_interval":{"confidence_level":0.95,"lower_bound":3730.74619364197,"upper_bound":7464.528778719113},"point_estimate":5444.418129169948,"standard_error":1046.8445402923494}}