{"mean":{"confidence_interval":{"confidence_level":0.95,"lower_bound":96014.33243064709,"upper_bound":98146.71521371635},"point_estimate":96990.50297917404,"standard_error":545.3970208527505},"median":{"confidence_interval":{"confidence_level":0.95,"lower_bound":96010.4756871036,"upper_bound":97466.93907156673},"point_estimate":96759.26842105263,"standard_error":334.85339945484986},"median_abs_dev":{"confidence_interval":{"confidence_level":0.95,"lower_bound":2227.109051370001,"upper_bound":3750.0150742707556},"point_estimate":2811.3367048728796,"standard_error":379.70376182223544},"slope":{"confidence_interval":{"confidence_level":0.95,"lower_bound":97356.2725295813,"upper_bound":99200.14649188802},"point_estimate":98167.76955385091,"standard_error":473.9938303054194},"std_dev":{"confidence_interval":{"confidence_level":0.95,"lower_bound":2941.0824193714457,"upper_bound":7724.813641049222},"point_estimate":5476.452541915509,"standard_error":1271.1833832875902}}