{"mean":{"confidence_interval":{"confidence_level":0.95,"lower_bound":97354.54152950611,"upper_bound":100175.65635321576},"point_estimate":98756.31224087294,"standard_error":721.9192115757653},"median":{"confidence_interval":{"confidence_level":0.95,"lower_bound":95192.21630094043,"upper_bound":101102.16594516595},"point_estimate":98347.64432932263,"standard_error":1593.149032098038},"median_abs_dev":{"confidence_interval":{"confidence_level":0.95,"lower_bound":6564.01492992834,"upper_bound":10463.744858307635},"point_estimate":8418.04540509528,"standard_error":1009.1405518166251},"slope":{"confidence_interval":{"confidence_level":0.95,"lower_bound":100472.84176560336,"upper_bound":104796.68570203565},"point_estimate":102716.16552628398,"standard_error":1103.7498747578995},"std_dev":{"confidence_interval":{"confidence_level":0.95,"lower_bound":6383.184243575904,"upper_bound":7964.71266920394},"point_estimate":7241.627860188334,"standard_error":402.70467406384626}}