{"mean":{"confidence_interval":{"confidence_level":0.95,"lower_bound":126219.20489218185,"upper_bound":134659.92553649214},"point_estimate":130252.3051883658,"standard_error":2156.4459833108713},"median":{"confidence_interval":{"confidence_level":0.95,"lower_bound":124800.33116883117,"upper_bound":128683.50238095238},"point_estimate":127493.91722576774,"standard_error":933.1623937191091},"median_abs_dev":{"confidence_interval":{"confidence_level":0.95,"lower_bound":6536.36605657294,"upper_bound":14203.146779843737},"point_estimate":9240.396774585439,"standard_error":2078.9144604108706},"slope":{"confidence_interval":{"confidence_level":0.95,"lower_bound":124687.6036581786,"upper_bound":132447.58195498577},"point_estimate":128656.6884857185,"standard_error":1981.1242833106135},"std_dev":{"confidence_interval":{"confidence_level":0.95,"lower_bound":15021.57371608053,"upper_bound":27758.236689129317},"point_estimate":21801.95748346537,"standard_error":3257.723673937905}}