{"mean":{"confidence_interval":{"confidence_level":0.95,"lower_bound":87068.5995119893,"upper_bound":90626.93716531701},"point_estimate":88571.34174855115,"standard_error":930.8174802949826},"median":{"confidence_interval":{"confidence_level":0.95,"lower_bound":87051.59056473829,"upper_bound":88315.84718548929},"point_estimate":87786.94161010349,"standard_error":327.98107712687437},"median_abs_dev":{"confidence_interval":{"confidence_level":0.95,"lower_bound":2004.7343715398038,"upper_bound":3420.6074333135825},"point_estimate":2513.5800597819307,"standard_error":367.79177895527255},"slope":{"confidence_interval":{"confidence_level":0.95,"lower_bound":88335.31933601215,"upper_bound":89274.58467384121},"point_estimate":88806.32193129761,"standard_error":239.15133941546884},"std_dev":{"confidence_interval":{"confidence_level":0.95,"lower_bound":2619.072886035048,"upper_bound":14516.356706473234},"point_estimate":9332.248516142823,"standard_error":3258.5102471674713}}