{"mean":{"confidence_interval":{"confidence_level":0.95,"lower_bound":181719.01679816277,"upper_bound":197570.04697259693},"point_estimate":188856.43274313436,"standard_error":4070.267090607497},"median":{"confidence_interval":{"confidence_level":0.95,"lower_bound":174353.5648130515,"upper_bound":181268.50438596492},"point_estimate":176865.87268518517,"standard_error":1877.2048744984224},"median_abs_dev":{"confidence_interval":{"confidence_level":0.95,"lower_bound":9973.83677186839,"upper_bound":17847.37907678699},"point_estimate":13805.984563300572,"standard_error":2020.1765785566622},"slope":{"confidence_interval":{"confidence_level":0.95,"lower_bound":180951.14884859568,"upper_bound":196615.0006458383},"point_estimate":188223.96655780505,"standard_error":4022.2264182595914},"std_dev":{"confidence_interval":{"confidence_level":0.95,"lower_bound":21965.551801832982,"upper_bound":59892.456347146705},"point_estimate":40928.966645006476,"standard_error":10689.51205033748}}