{"mean":{"confidence_interval":{"confidence_level":0.95,"lower_bound":5155283.894874999,"upper_bound":5336701.199450001},"point_estimate":5239681.816,"standard_error":46611.0127389699},"median":{"confidence_interval":{"confidence_level":0.95,"lower_bound":5068748.5,"upper_bound":5181264.15},"point_estimate":5124518.699999999,"standard_error":27913.49596514074},"median_abs_dev":{"confidence_interval":{"confidence_level":0.95,"lower_bound":191270.04098577806,"upper_bound":332749.2524725196},"point_estimate":270516.89618736424,"standard_error":36221.84168004001},"slope":null,"std_dev":{"confidence_interval":{"confidence_level":0.95,"lower_bound":307232.9050972199,"upper_bound":614342.8999582921},"point_estimate":468821.18497496523,"standard_error":78834.37631211974}}