{"mean":{"confidence_interval":{"confidence_level":0.95,"lower_bound":1030385.9520166856,"upper_bound":1099624.3903770815},"point_estimate":1063692.7948473864,"standard_error":17676.973532615568},"median":{"confidence_interval":{"confidence_level":0.95,"lower_bound":1017602.4,"upper_bound":1101920.4556034482},"point_estimate":1074811.1384914792,"standard_error":22401.600697585778},"median_abs_dev":{"confidence_interval":{"confidence_level":0.95,"lower_bound":108812.01882584761,"upper_bound":187168.23024220855},"point_estimate":154793.36259771886,"standard_error":19210.235223016367},"slope":{"confidence_interval":{"confidence_level":0.95,"lower_bound":1060886.9944253452,"upper_bound":1108040.6960023688},"point_estimate":1085600.325234225,"standard_error":12016.726865256152},"std_dev":{"confidence_interval":{"confidence_level":0.95,"lower_bound":133632.66580202454,"upper_bound":228762.4050868507},"point_estimate":177290.40497534993,"standard_error":25829.33467954476}}