{"mean":{"confidence_interval":{"confidence_level":0.95,"lower_bound":131221.93943927437,"upper_bound":134835.84797599103},"point_estimate":132879.2019611974,"standard_error":924.6494805005317},"median":{"confidence_interval":{"confidence_level":0.95,"lower_bound":130649.91408475784,"upper_bound":134070.01149425286},"point_estimate":131160.20613386825,"standard_error":920.4424705935932},"median_abs_dev":{"confidence_interval":{"confidence_level":0.95,"lower_bound":5833.659242105241,"upper_bound":8865.523676654388},"point_estimate":7203.385378064051,"standard_error":736.8981080105582},"slope":{"confidence_interval":{"confidence_level":0.95,"lower_bound":131839.04731992297,"upper_bound":135156.71211508682},"point_estimate":133528.32440557115,"standard_error":849.127567163482},"std_dev":{"confidence_interval":{"confidence_level":0.95,"lower_bound":5901.081370494113,"upper_bound":13353.120772586157},"point_estimate":9307.165250120308,"standard_error":2279.636859542544}}