{"mean":{"confidence_interval":{"confidence_level":0.95,"lower_bound":112586.09893472464,"upper_bound":116306.60913803424},"point_estimate":114230.78603369484,"standard_error":958.468516308718},"median":{"confidence_interval":{"confidence_level":0.95,"lower_bound":111945.65034491254,"upper_bound":113194.68505935644},"point_estimate":112656.88693528694,"standard_error":375.1570884738006},"median_abs_dev":{"confidence_interval":{"confidence_level":0.95,"lower_bound":2388.979511267857,"upper_bound":4037.573939627457},"point_estimate":3135.7750287921504,"standard_error":414.56504066129764},"slope":{"confidence_interval":{"confidence_level":0.95,"lower_bound":112664.10788610441,"upper_bound":114937.02941760737},"point_estimate":113688.53634500764,"standard_error":582.6465305799591},"std_dev":{"confidence_interval":{"confidence_level":0.95,"lower_bound":3499.9149166204675,"upper_bound":13853.90711961029},"point_estimate":9615.310176416304,"standard_error":2536.057950400492}}