{"mean":{"confidence_interval":{"confidence_level":0.95,"lower_bound":94615.04347154776,"upper_bound":96926.1124497842},"point_estimate":95682.83315794915,"standard_error":589.5330687490886},"median":{"confidence_interval":{"confidence_level":0.95,"lower_bound":95067.68308763308,"upper_bound":96664.90615835777},"point_estimate":95826.49527744982,"standard_error":422.70090107339234},"median_abs_dev":{"confidence_interval":{"confidence_level":0.95,"lower_bound":1907.8672046478075,"upper_bound":3897.389169680855},"point_estimate":3015.8230511296647,"standard_error":514.8163707075311},"slope":{"confidence_interval":{"confidence_level":0.95,"lower_bound":94266.12692599854,"upper_bound":95696.97627824424},"point_estimate":94986.36668860915,"standard_error":364.86115883087206},"std_dev":{"confidence_interval":{"confidence_level":0.95,"lower_bound":3632.8177696865678,"upper_bound":8468.609218775491},"point_estimate":5934.31980698907,"standard_error":1378.093919855861}}