{"mean":{"confidence_interval":{"confidence_level":0.95,"lower_bound":170407.73090790474,"upper_bound":176228.28014290598},"point_estimate":173163.3799085432,"standard_error":1476.7006802342357},"median":{"confidence_interval":{"confidence_level":0.95,"lower_bound":168011.99404761905,"upper_bound":172889.4787176724},"point_estimate":169155.8495995996,"standard_error":1306.6632285320316},"median_abs_dev":{"confidence_interval":{"confidence_level":0.95,"lower_bound":6443.070877860136,"upper_bound":11220.64161251771},"point_estimate":7874.1974250300345,"standard_error":1230.4485518609524},"slope":{"confidence_interval":{"confidence_level":0.95,"lower_bound":171619.28159824322,"upper_bound":180214.10748770525},"point_estimate":175443.21570119698,"standard_error":2210.4281495481487},"std_dev":{"confidence_interval":{"confidence_level":0.95,"lower_bound":10273.642097144882,"upper_bound":19243.989507854945},"point_estimate":14883.108265787278,"standard_error":2300.7204546704884}}