{"mean":{"confidence_interval":{"confidence_level":0.95,"lower_bound":232353.4350036965,"upper_bound":250306.83569643198},"point_estimate":240769.67941742457,"standard_error":4596.363942496633},"median":{"confidence_interval":{"confidence_level":0.95,"lower_bound":221248.3675,"upper_bound":230495.67645799892},"point_estimate":224297.21764132555,"standard_error":2574.8429703819916},"median_abs_dev":{"confidence_interval":{"confidence_level":0.95,"lower_bound":13045.045703322383,"upper_bound":25722.03671750923},"point_estimate":18322.154796621177,"standard_error":3462.131536415252},"slope":{"confidence_interval":{"confidence_level":0.95,"lower_bound":227757.54287057734,"upper_bound":245176.0646164912},"point_estimate":235663.8309649771,"standard_error":4478.806926844695},"std_dev":{"confidence_interval":{"confidence_level":0.95,"lower_bound":31941.041613337275,"upper_bound":58744.01062152934},"point_estimate":46136.37878141093,"standard_error":6870.366062792573}}