{"mean":{"confidence_interval":{"confidence_level":0.95,"lower_bound":191012.27661960744,"upper_bound":199629.60976163877},"point_estimate":194953.4488924051,"standard_error":2213.8891890943573},"median":{"confidence_interval":{"confidence_level":0.95,"lower_bound":187981.68359734758,"upper_bound":197010.13822751323},"point_estimate":193625.90684315684,"standard_error":2399.2087978248987},"median_abs_dev":{"confidence_interval":{"confidence_level":0.95,"lower_bound":11109.8873881237,"upper_bound":16580.09488786512},"point_estimate":14197.6662613995,"standard_error":1421.2397742402252},"slope":{"confidence_interval":{"confidence_level":0.95,"lower_bound":190824.7761896988,"upper_bound":201510.91227689764},"point_estimate":195423.45115659328,"standard_error":2762.260800640823},"std_dev":{"confidence_interval":{"confidence_level":0.95,"lower_bound":12481.725656209217,"upper_bound":30991.19233819327},"point_estimate":22196.279007391815,"standard_error":4910.7929443494495}}