{"mean":{"confidence_interval":{"confidence_level":0.95,"lower_bound":173870.01872326693,"upper_bound":180668.9297122108},"point_estimate":177170.93420050506,"standard_error":1736.798283049967},"median":{"confidence_interval":{"confidence_level":0.95,"lower_bound":172147.54749103944,"upper_bound":179158.3178694158},"point_estimate":175971.17663043478,"standard_error":1912.1815756447484},"median_abs_dev":{"confidence_interval":{"confidence_level":0.95,"lower_bound":11078.896227220532,"upper_bound":19284.549179098216},"point_estimate":16127.752942612036,"standard_error":2064.332380608343},"slope":{"confidence_interval":{"confidence_level":0.95,"lower_bound":179382.89414342647,"upper_bound":185705.14337419998},"point_estimate":182481.35988030146,"standard_error":1610.9483879291895},"std_dev":{"confidence_interval":{"confidence_level":0.95,"lower_bound":13433.910381050962,"upper_bound":21445.118485695173},"point_estimate":17477.913246106586,"standard_error":2059.7404837952786}}