{"mean":{"confidence_interval":{"confidence_level":0.95,"lower_bound":9971516.288708333,"upper_bound":10160609.612666668},"point_estimate":10059331.03166666,"standard_error":48083.07354605217},"median":{"confidence_interval":{"confidence_level":0.95,"lower_bound":9898869.916666668,"upper_bound":10091674.166666668},"point_estimate":10010618.916666666,"standard_error":53555.55785800043},"median_abs_dev":{"confidence_interval":{"confidence_level":0.95,"lower_bound":273299.1432979689,"upper_bound":442781.6944390526},"point_estimate":353067.22258180333,"standard_error":46027.12524148746},"slope":null,"std_dev":{"confidence_interval":{"confidence_level":0.95,"lower_bound":310459.34042566374,"upper_bound":655502.3016738612},"point_estimate":483032.96460482635,"standard_error":90896.73725488814}}