{"mean":{"confidence_interval":{"confidence_level":0.95,"lower_bound":11036760.581649996,"upper_bound":11214541.4742},"point_estimate":11125747.112000003,"standard_error":45471.05436816437},"median":{"confidence_interval":{"confidence_level":0.95,"lower_bound":10977162.7,"upper_bound":11234977.6},"point_estimate":11106165.1,"standard_error":69410.99810744695},"median_abs_dev":{"confidence_interval":{"confidence_level":0.95,"lower_bound":342413.13562095165,"upper_bound":606439.7280335426},"point_estimate":455344.9995160103,"standard_error":68172.79980498363},"slope":null,"std_dev":{"confidence_interval":{"confidence_level":0.95,"lower_bound":398116.04256685695,"upper_bound":515551.1291161314},"point_estimate":458999.61644325464,"standard_error":30032.300288001446}}