{"mean":{"confidence_interval":{"confidence_level":0.95,"lower_bound":16517006.081125,"upper_bound":17233539.729625},"point_estimate":16874762.4975,"standard_error":183323.81991531342},"median":{"confidence_interval":{"confidence_level":0.95,"lower_bound":16013354.25,"upper_bound":17628977.875},"point_estimate":16947660.125,"standard_error":427028.2575211324},"median_abs_dev":{"confidence_interval":{"confidence_level":0.95,"lower_bound":1887027.3009985685,"upper_bound":2932620.368910581},"point_estimate":2731374.4723834097,"standard_error":290386.06543366297},"slope":null,"std_dev":{"confidence_interval":{"confidence_level":0.95,"lower_bound":1693659.7301429294,"upper_bound":1957300.9348358733},"point_estimate":1838741.0031595028,"standard_error":67321.48444740388}}