{"mean":{"confidence_interval":{"confidence_level":0.95,"lower_bound":13372313.064,"upper_bound":14057895.7124375},"point_estimate":13705066.83,"standard_error":175198.95273872625},"median":{"confidence_interval":{"confidence_level":0.95,"lower_bound":12614618.0,"upper_bound":13121832.875},"point_estimate":12807034.875,"standard_error":126430.50117077061},"median_abs_dev":{"confidence_interval":{"confidence_level":0.95,"lower_bound":491851.9852928817,"upper_bound":1200185.2127024522},"point_estimate":792653.3581025898,"standard_error":181225.16344076386},"slope":null,"std_dev":{"confidence_interval":{"confidence_level":0.95,"lower_bound":1473243.9775429799,"upper_bound":2042823.9178571992},"point_estimate":1764074.2159691222,"standard_error":145791.04155626975}}