{"mean":{"confidence_interval":{"confidence_level":0.95,"lower_bound":21468807.134416673,"upper_bound":21830575.992},"point_estimate":21642433.74000001,"standard_error":92584.70506352841},"median":{"confidence_interval":{"confidence_level":0.95,"lower_bound":21255781.666666668,"upper_bound":21671351.333333332},"point_estimate":21450549.833333336,"standard_error":98816.57559574912},"median_abs_dev":{"confidence_interval":{"confidence_level":0.95,"lower_bound":602681.0900002755,"upper_bound":978893.5514211673},"point_estimate":838539.7655129442,"standard_error":98094.09253842848},"slope":null,"std_dev":{"confidence_interval":{"confidence_level":0.95,"lower_bound":700547.5862461325,"upper_bound":1142254.94952094},"point_estimate":932659.6676712639,"standard_error":113578.03731119024}}