{"mean":{"confidence_interval":{"confidence_level":0.95,"lower_bound":15383513.6415625,"upper_bound":16085114.7598125},"point_estimate":15734037.755,"standard_error":179496.01733241213},"median":{"confidence_interval":{"confidence_level":0.95,"lower_bound":14296835.875,"upper_bound":17417407.75},"point_estimate":15676274.0,"standard_error":961192.1521916046},"median_abs_dev":{"confidence_interval":{"confidence_level":0.95,"lower_bound":627338.2719375193,"upper_bound":2810265.284907818},"point_estimate":2815641.9337123632,"standard_error":588895.7280668862},"slope":null,"std_dev":{"confidence_interval":{"confidence_level":0.95,"lower_bound":1719045.3622672828,"upper_bound":1856313.3297928877},"point_estimate":1801277.5901685841,"standard_error":34985.27551676747}}