{"mean":{"confidence_interval":{"confidence_level":0.95,"lower_bound":16439784.70375,"upper_bound":17150840.219750002},"point_estimate":16797411.770000007,"standard_error":181374.34791863526},"median":{"confidence_interval":{"confidence_level":0.95,"lower_bound":15914569.333333332,"upper_bound":18118471.666666668},"point_estimate":17205647.166666668,"standard_error":554993.3475075047},"median_abs_dev":{"confidence_interval":{"confidence_level":0.95,"lower_bound":1228097.6034969091,"upper_bound":2904017.988443374},"point_estimate":2408059.6336483927,"standard_error":461348.5874570323},"slope":null,"std_dev":{"confidence_interval":{"confidence_level":0.95,"lower_bound":1708512.926310113,"upper_bound":1923287.0575930139},"point_estimate":1830660.4341894214,"standard_error":54616.25842328984}}