{"mean":{"confidence_interval":{"confidence_level":0.95,"lower_bound":36292768.047875,"upper_bound":37180037.602125},"point_estimate":36651508.705,"standard_error":232863.14927075306},"median":{"confidence_interval":{"confidence_level":0.95,"lower_bound":36119430.75,"upper_bound":36531422.5},"point_estimate":36348038.5,"standard_error":102344.65058653048},"median_abs_dev":{"confidence_interval":{"confidence_level":0.95,"lower_bound":599264.6854609251,"upper_bound":935324.880194664},"point_estimate":798091.7201310396,"standard_error":88153.39312976546},"slope":null,"std_dev":{"confidence_interval":{"confidence_level":0.95,"lower_bound":833735.5101436991,"upper_bound":3762487.0424984484},"point_estimate":2331773.3136148,"standard_error":942714.8066963142}}