{"mean":{"confidence_interval":{"confidence_level":0.95,"lower_bound":32251990.769624997,"upper_bound":32790643.513249997},"point_estimate":32519092.915,"standard_error":137372.22940026803},"median":{"confidence_interval":{"confidence_level":0.95,"lower_bound":32134595.0,"upper_bound":33086618.75},"point_estimate":32647046.0,"standard_error":242661.68933001158},"median_abs_dev":{"confidence_interval":{"confidence_level":0.95,"lower_bound":1067822.9865923524,"upper_bound":1733211.8254705889},"point_estimate":1322547.005470097,"standard_error":174811.88217477294},"slope":null,"std_dev":{"confidence_interval":{"confidence_level":0.95,"lower_bound":1186200.1083509882,"upper_bound":1557159.6504620807},"point_estimate":1379672.4211032186,"standard_error":94963.46378542992}}