{"mean":{"confidence_interval":{"confidence_level":0.95,"lower_bound":37115996.929875,"upper_bound":38438126.493875},"point_estimate":37754411.22,"standard_error":336784.0311289371},"median":{"confidence_interval":{"confidence_level":0.95,"lower_bound":36089167.0,"upper_bound":37665628.5},"point_estimate":36805422.25,"standard_error":401807.5249252105},"median_abs_dev":{"confidence_interval":{"confidence_level":0.95,"lower_bound":1950745.74136734,"upper_bound":3480614.338056743},"point_estimate":2821927.04565078,"standard_error":393043.7055609823},"slope":null,"std_dev":{"confidence_interval":{"confidence_level":0.95,"lower_bound":2575749.963850347,"upper_bound":4139142.360115235},"point_estimate":3393663.169529609,"standard_error":400771.52815264487}}