{"mean":{"confidence_interval":{"confidence_level":0.95,"lower_bound":31457995.838375002,"upper_bound":31754672.05675},"point_estimate":31603878.505,"standard_error":75688.52379769385},"median":{"confidence_interval":{"confidence_level":0.95,"lower_bound":31383467.0,"upper_bound":31733908.0},"point_estimate":31510518.5,"standard_error":88506.92553235045},"median_abs_dev":{"confidence_interval":{"confidence_level":0.95,"lower_bound":577958.6118891835,"upper_bound":876374.2774837457},"point_estimate":761201.667585969,"standard_error":73662.41051939286},"slope":null,"std_dev":{"confidence_interval":{"confidence_level":0.95,"lower_bound":615448.7709591837,"upper_bound":919679.3680296129},"point_estimate":761258.1967364138,"standard_error":79282.28949687435}}