{"mean":{"confidence_interval":{"confidence_level":0.95,"lower_bound":40122552.238625005,"upper_bound":41012209.308},"point_estimate":40526889.075,"standard_error":227526.22986834473},"median":{"confidence_interval":{"confidence_level":0.95,"lower_bound":39778628.25,"upper_bound":40490750.0},"point_estimate":40244096.25,"standard_error":223901.12398458523},"median_abs_dev":{"confidence_interval":{"confidence_level":0.95,"lower_bound":969135.2019444108,"upper_bound":1487662.6819387078},"point_estimate":1170789.184114337,"standard_error":132553.5609634877},"slope":null,"std_dev":{"confidence_interval":{"confidence_level":0.95,"lower_bound":1179479.6095517892,"upper_bound":3167570.497690605},"point_estimate":2278689.381317657,"standard_error":498929.9843737439}}