{"mean":{"confidence_interval":{"confidence_level":0.95,"lower_bound":45745111.816375,"upper_bound":46955737.540125},"point_estimate":46306139.485,"standard_error":310255.96955361933},"median":{"confidence_interval":{"confidence_level":0.95,"lower_bound":45135780.75,"upper_bound":45929445.0},"point_estimate":45457351.5,"standard_error":216471.9746392471},"median_abs_dev":{"confidence_interval":{"confidence_level":0.95,"lower_bound":1064013.0753099918,"upper_bound":1825430.0905421376},"point_estimate":1372757.8481286764,"standard_error":205758.47846067874},"slope":null,"std_dev":{"confidence_interval":{"confidence_level":0.95,"lower_bound":1901542.7059358335,"upper_bound":4189674.0103770006},"point_estimate":3115302.9557158854,"standard_error":588536.6261717168}}