{"mean":{"confidence_interval":{"confidence_level":0.95,"lower_bound":35450964.4775,"upper_bound":35899647.446375},"point_estimate":35674781.885,"standard_error":114281.23180845939},"median":{"confidence_interval":{"confidence_level":0.95,"lower_bound":35485443.0,"upper_bound":35950796.75},"point_estimate":35660894.5,"standard_error":111160.9980659425},"median_abs_dev":{"confidence_interval":{"confidence_level":0.95,"lower_bound":945943.26120615,"upper_bound":1526349.6456518765},"point_estimate":1235719.6499615908,"standard_error":149171.41880256095},"slope":null,"std_dev":{"confidence_interval":{"confidence_level":0.95,"lower_bound":1002743.0932066891,"upper_bound":1273508.329284085},"point_estimate":1145929.6937177845,"standard_error":68921.3243116063}}