{"mean":{"confidence_interval":{"confidence_level":0.95,"lower_bound":39846634.552625,"upper_bound":41188645.741875},"point_estimate":40480653.98,"standard_error":343707.8273988475},"median":{"confidence_interval":{"confidence_level":0.95,"lower_bound":39130606.5,"upper_bound":40517173.5},"point_estimate":39704940.25,"standard_error":323732.0278633752},"median_abs_dev":{"confidence_interval":{"confidence_level":0.95,"lower_bound":1735404.0255904198,"upper_bound":2687326.983140409},"point_estimate":2188011.4042550325,"standard_error":249301.26299984116},"slope":null,"std_dev":{"confidence_interval":{"confidence_level":0.95,"lower_bound":2300860.554844659,"upper_bound":4495322.78507489},"point_estimate":3459399.1006893734,"standard_error":563244.2510636627}}