{"mean":{"confidence_interval":{"confidence_level":0.95,"lower_bound":37330746.81475,"upper_bound":38530197.793875},"point_estimate":37872423.245,"standard_error":307029.44805865345},"median":{"confidence_interval":{"confidence_level":0.95,"lower_bound":36771931.0,"upper_bound":37892656.5},"point_estimate":37542606.5,"standard_error":302679.6205890929},"median_abs_dev":{"confidence_interval":{"confidence_level":0.95,"lower_bound":1458487.792402916,"upper_bound":2175929.419082029},"point_estimate":1887538.7979894876,"standard_error":180078.741768977},"slope":null,"std_dev":{"confidence_interval":{"confidence_level":0.95,"lower_bound":1669715.055372072,"upper_bound":4507167.247648475},"point_estimate":3106563.4188414495,"standard_error":766805.8707779971}}