{"mean":{"confidence_interval":{"confidence_level":0.95,"lower_bound":38267190.685125,"upper_bound":38763357.41374999},"point_estimate":38504536.275,"standard_error":126310.17841366092},"median":{"confidence_interval":{"confidence_level":0.95,"lower_bound":37996606.0,"upper_bound":38415785.5},"point_estimate":38284809.0,"standard_error":114103.63788362543},"median_abs_dev":{"confidence_interval":{"confidence_level":0.95,"lower_bound":824668.4366092086,"upper_bound":1426833.087618649},"point_estimate":1198213.5771274567,"standard_error":155186.34376014885},"slope":null,"std_dev":{"confidence_interval":{"confidence_level":0.95,"lower_bound":983448.0644003646,"upper_bound":1590872.2657233465},"point_estimate":1271106.4984231722,"standard_error":159888.55546029823}}