{"mean":{"confidence_interval":{"confidence_level":0.95,"lower_bound":42875650.408625,"upper_bound":44062366.011},"point_estimate":43414899.295,"standard_error":304046.1997146969},"median":{"confidence_interval":{"confidence_level":0.95,"lower_bound":42233955.5,"upper_bound":42878517.5},"point_estimate":42390708.25,"standard_error":172477.1982848853},"median_abs_dev":{"confidence_interval":{"confidence_level":0.95,"lower_bound":815074.9028295279,"upper_bound":1700203.7663653493},"point_estimate":1178318.5680806637,"standard_error":231245.0563932244},"slope":null,"std_dev":{"confidence_interval":{"confidence_level":0.95,"lower_bound":1834374.788544304,"upper_bound":4345386.490977039},"point_estimate":3051991.1763011394,"standard_error":717776.7665166727}}