{"mean":{"confidence_interval":{"confidence_level":0.95,"lower_bound":32671228.3945,"upper_bound":33560974.07875},"point_estimate":33067845.675,"standard_error":227860.5898695947},"median":{"confidence_interval":{"confidence_level":0.95,"lower_bound":32197189.0,"upper_bound":32938393.0},"point_estimate":32621316.5,"standard_error":202234.46666894332},"median_abs_dev":{"confidence_interval":{"confidence_level":0.95,"lower_bound":832892.4186632037,"upper_bound":1451547.6585298777},"point_estimate":1144796.241375804,"standard_error":157883.31679129982},"slope":null,"std_dev":{"confidence_interval":{"confidence_level":0.95,"lower_bound":1117267.5712120596,"upper_bound":3329343.214685113},"point_estimate":2294142.8960201154,"standard_error":592193.3598243432}}