{"mean":{"confidence_interval":{"confidence_level":0.95,"lower_bound":39295553.52875,"upper_bound":40242598.037374996},"point_estimate":39718912.305,"standard_error":242865.28451030378},"median":{"confidence_interval":{"confidence_level":0.95,"lower_bound":38916558.0,"upper_bound":39757214.5},"point_estimate":39294970.25,"standard_error":211427.51895765768},"median_abs_dev":{"confidence_interval":{"confidence_level":0.95,"lower_bound":1182705.5814027786,"upper_bound":1828390.2033183344},"point_estimate":1567797.2105160356,"standard_error":166749.10621620883},"slope":null,"std_dev":{"confidence_interval":{"confidence_level":0.95,"lower_bound":1386595.8484914298,"upper_bound":3586981.4000160336},"point_estimate":2438799.935957105,"standard_error":656321.4400604215}}