{"mean":{"confidence_interval":{"confidence_level":0.95,"lower_bound":138052.62926977745,"upper_bound":140294.61800126793},"point_estimate":139036.14290703292,"standard_error":575.4549794879243},"median":{"confidence_interval":{"confidence_level":0.95,"lower_bound":137152.27443609023,"upper_bound":138735.41428571427},"point_estimate":137878.26196612668,"standard_error":383.0523227284722},"median_abs_dev":{"confidence_interval":{"confidence_level":0.95,"lower_bound":2225.0019727379295,"upper_bound":4069.318656934746},"point_estimate":3241.1229794873752,"standard_error":489.7799596151373},"slope":{"confidence_interval":{"confidence_level":0.95,"lower_bound":137189.18924896093,"upper_bound":138572.35472106168},"point_estimate":137866.92139964955,"standard_error":352.34925322678214},"std_dev":{"confidence_interval":{"confidence_level":0.95,"lower_bound":3018.3115701906218,"upper_bound":8779.743642088395},"point_estimate":5786.660346456511,"standard_error":1799.467049844851}}