{"mean":{"confidence_interval":{"confidence_level":0.95,"lower_bound":181282.24620499887,"upper_bound":183646.6343453227},"point_estimate":182375.46971749022,"standard_error":605.6321491162312},"median":{"confidence_interval":{"confidence_level":0.95,"lower_bound":180602.07936507938,"upper_bound":182014.6831218974},"point_estimate":181129.34481499513,"standard_error":404.2243095374321},"median_abs_dev":{"confidence_interval":{"confidence_level":0.95,"lower_bound":2498.0417099049573,"upper_bound":4723.469085670265},"point_estimate":3294.291094358423,"standard_error":621.8178654277781},"slope":{"confidence_interval":{"confidence_level":0.95,"lower_bound":182965.00841218885,"upper_bound":186178.06381264472},"point_estimate":184432.2067242993,"standard_error":821.5363180284603},"std_dev":{"confidence_interval":{"confidence_level":0.95,"lower_bound":3778.017464169613,"upper_bound":8264.849712245457},"point_estimate":6095.161583336906,"standard_error":1162.1737617061046}}