{"mean":{"confidence_interval":{"confidence_level":0.95,"lower_bound":108538.87596141269,"upper_bound":111932.62907266767},"point_estimate":110123.20907750196,"standard_error":866.938365948062},"median":{"confidence_interval":{"confidence_level":0.95,"lower_bound":107545.97503121098,"upper_bound":110858.25071225071},"point_estimate":109299.3945083014,"standard_error":837.8285161665619},"median_abs_dev":{"confidence_interval":{"confidence_level":0.95,"lower_bound":5263.200659059379,"upper_bound":8032.523136866473},"point_estimate":7007.50670023213,"standard_error":711.3305350184912},"slope":{"confidence_interval":{"confidence_level":0.95,"lower_bound":108439.9385444008,"upper_bound":111345.87549502552},"point_estimate":109817.37805822374,"standard_error":740.7846789471813},"std_dev":{"confidence_interval":{"confidence_level":0.95,"lower_bound":5656.211477974313,"upper_bound":11875.384136085426},"point_estimate":8679.24743084421,"standard_error":1666.887349902088}}