{"mean":{"confidence_interval":{"confidence_level":0.95,"lower_bound":139997.52473723638,"upper_bound":143541.52617079637},"point_estimate":141727.8653968134,"standard_error":901.0172474968109},"median":{"confidence_interval":{"confidence_level":0.95,"lower_bound":141697.3875,"upper_bound":144836.99947161836},"point_estimate":144093.0541294643,"standard_error":835.6164849535955},"median_abs_dev":{"confidence_interval":{"confidence_level":0.95,"lower_bound":4125.9881501426535,"upper_bound":7484.815688652049},"point_estimate":5514.580165759432,"standard_error":917.7408467288678},"slope":{"confidence_interval":{"confidence_level":0.95,"lower_bound":138582.49028937705,"upper_bound":142178.53467682304},"point_estimate":140422.62023089995,"standard_error":917.3600149355061},"std_dev":{"confidence_interval":{"confidence_level":0.95,"lower_bound":6498.37278729273,"upper_bound":11940.476745370628},"point_estimate":9061.487187842673,"standard_error":1449.4046705097248}}