{"mean":{"confidence_interval":{"confidence_level":0.95,"lower_bound":88639.64422455263,"upper_bound":90426.40450046666},"point_estimate":89459.94899003702,"standard_error":456.0474188232419},"median":{"confidence_interval":{"confidence_level":0.95,"lower_bound":88078.96354166667,"upper_bound":89706.625},"point_estimate":88808.43840456806,"standard_error":420.11079378188447},"median_abs_dev":{"confidence_interval":{"confidence_level":0.95,"lower_bound":2277.6502583657034,"upper_bound":3710.647470183442},"point_estimate":3036.7858499845006,"standard_error":385.3260894584485},"slope":{"confidence_interval":{"confidence_level":0.95,"lower_bound":88575.41935329992,"upper_bound":90765.52781689903},"point_estimate":89475.64826584897,"standard_error":569.3072644727924},"std_dev":{"confidence_interval":{"confidence_level":0.95,"lower_bound":2759.153252613288,"upper_bound":6482.967298329374},"point_estimate":4587.412223458628,"standard_error":1008.0101535962654}}