{"mean":{"confidence_interval":{"confidence_level":0.95,"lower_bound":87062.29015325473,"upper_bound":87924.5491336895},"point_estimate":87479.937687654,"standard_error":219.60793159227347},"median":{"confidence_interval":{"confidence_level":0.95,"lower_bound":86888.38242009132,"upper_bound":87452.93956043955},"point_estimate":87130.05770339262,"standard_error":148.67022959975924},"median_abs_dev":{"confidence_interval":{"confidence_level":0.95,"lower_bound":919.8739016239989,"upper_bound":1628.1803402170167},"point_estimate":1178.117652009445,"standard_error":186.8388698611474},"slope":{"confidence_interval":{"confidence_level":0.95,"lower_bound":87030.386304144,"upper_bound":88220.76847854348},"point_estimate":87577.41067558249,"standard_error":305.79634699721464},"std_dev":{"confidence_interval":{"confidence_level":0.95,"lower_bound":1639.83701119108,"upper_bound":2701.8913296033047},"point_estimate":2205.1690492497737,"standard_error":270.633524710887}}