{"mean":{"confidence_interval":{"confidence_level":0.95,"lower_bound":103152.56752503473,"upper_bound":106150.64233754655},"point_estimate":104460.60975770593,"standard_error":774.198182659265},"median":{"confidence_interval":{"confidence_level":0.95,"lower_bound":101953.2376633987,"upper_bound":103794.05624142662},"point_estimate":102926.17087872187,"standard_error":515.9206862328056},"median_abs_dev":{"confidence_interval":{"confidence_level":0.95,"lower_bound":2144.2373056284227,"upper_bound":3593.8034136289284},"point_estimate":2895.665769847688,"standard_error":384.69806350531246},"slope":{"confidence_interval":{"confidence_level":0.95,"lower_bound":102478.42613690777,"upper_bound":103901.25003409378},"point_estimate":103155.53132128138,"standard_error":363.73367871537573},"std_dev":{"confidence_interval":{"confidence_level":0.95,"lower_bound":2892.7774116670275,"upper_bound":11581.575972149843},"point_estimate":7767.351973733795,"standard_error":2248.3171478624727}}