{"mean":{"confidence_interval":{"confidence_level":0.95,"lower_bound":150509.1111252053,"upper_bound":156788.63825342158},"point_estimate":153526.97150982366,"standard_error":1603.1818601836808},"median":{"confidence_interval":{"confidence_level":0.95,"lower_bound":146129.259375,"upper_bound":152064.77398720683},"point_estimate":148190.64718744642,"standard_error":1847.5573243233048},"median_abs_dev":{"confidence_interval":{"confidence_level":0.95,"lower_bound":7294.740304157849,"upper_bound":13660.822423759222},"point_estimate":9751.076389202362,"standard_error":1654.0986207594408},"slope":{"confidence_interval":{"confidence_level":0.95,"lower_bound":153786.84331962065,"upper_bound":160164.4187510594},"point_estimate":156843.7585053516,"standard_error":1627.5972053991081},"std_dev":{"confidence_interval":{"confidence_level":0.95,"lower_bound":12462.2774428217,"upper_bound":19410.766513604067},"point_estimate":16158.706140487877,"standard_error":1774.5636272062532}}