{"mean":{"confidence_interval":{"confidence_level":0.95,"lower_bound":4282.937878862303,"upper_bound":4321.118088601898},"point_estimate":4302.896511606896,"standard_error":9.757122769893362},"median":{"confidence_interval":{"confidence_level":0.95,"lower_bound":4282.836259079903,"upper_bound":4318.100968523002},"point_estimate":4295.944597457627,"standard_error":8.926551994570202},"median_abs_dev":{"confidence_interval":{"confidence_level":0.95,"lower_bound":58.2170726638556,"upper_bound":95.14973804054073},"point_estimate":75.14612556062285,"standard_error":9.726772707209195},"slope":{"confidence_interval":{"confidence_level":0.95,"lower_bound":4276.7568616894305,"upper_bound":4308.772829239212},"point_estimate":4292.360788146864,"standard_error":8.163336442543896},"std_dev":{"confidence_interval":{"confidence_level":0.95,"lower_bound":70.61178297355299,"upper_bound":129.24487645420422},"point_estimate":97.96453529890417,"standard_error":15.784696527282312}}