{"mean":{"confidence_interval":{"confidence_level":0.95,"lower_bound":133084.0161425201,"upper_bound":137482.3663835256},"point_estimate":135073.44783730703,"standard_error":1127.903805792222},"median":{"confidence_interval":{"confidence_level":0.95,"lower_bound":131967.59722222222,"upper_bound":134331.12373737374},"point_estimate":133422.18204532657,"standard_error":530.9586398720978},"median_abs_dev":{"confidence_interval":{"confidence_level":0.95,"lower_bound":3799.8982132074348,"upper_bound":6589.829095575683},"point_estimate":4964.235008501836,"standard_error":752.2872604575513},"slope":{"confidence_interval":{"confidence_level":0.95,"lower_bound":132702.16671693136,"upper_bound":135015.58440963458},"point_estimate":133805.46753916063,"standard_error":590.1350117189289},"std_dev":{"confidence_interval":{"confidence_level":0.95,"lower_bound":6067.404114927762,"upper_bound":16038.738066926233},"point_estimate":11334.964978168153,"standard_error":2564.094733546753}}