{"mean":{"confidence_interval":{"confidence_level":0.95,"lower_bound":97556.81881224854,"upper_bound":99069.00814428738},"point_estimate":98290.48618987594,"standard_error":386.7525248521665},"median":{"confidence_interval":{"confidence_level":0.95,"lower_bound":98063.9696969697,"upper_bound":99411.07636363637},"point_estimate":98910.56073093573,"standard_error":348.1458937714548},"median_abs_dev":{"confidence_interval":{"confidence_level":0.95,"lower_bound":1655.9358197430047,"upper_bound":2865.1534830638384},"point_estimate":1970.456640996822,"standard_error":306.6293151766836},"slope":{"confidence_interval":{"confidence_level":0.95,"lower_bound":96700.88625200675,"upper_bound":98378.83262459541},"point_estimate":97539.3076617811,"standard_error":429.27549710142006},"std_dev":{"confidence_interval":{"confidence_level":0.95,"lower_bound":2842.5000126027485,"upper_bound":4990.756558544313},"point_estimate":3892.511468674278,"standard_error":556.501467109331}}