{"mean":{"confidence_interval":{"confidence_level":0.95,"lower_bound":155774.02357159913,"upper_bound":160292.0199789799},"point_estimate":157879.41521870226,"standard_error":1152.7729997663664},"median":{"confidence_interval":{"confidence_level":0.95,"lower_bound":153987.6063151094,"upper_bound":158581.85357142857},"point_estimate":156113.20723104058,"standard_error":1217.4747967100143},"median_abs_dev":{"confidence_interval":{"confidence_level":0.95,"lower_bound":6496.616030627695,"upper_bound":10608.107658989604},"point_estimate":8898.368201278283,"standard_error":1023.7826035350372},"slope":{"confidence_interval":{"confidence_level":0.95,"lower_bound":157601.3754650931,"upper_bound":162078.5185123244},"point_estimate":159845.52666680742,"standard_error":1135.4526874356102},"std_dev":{"confidence_interval":{"confidence_level":0.95,"lower_bound":7777.076543433815,"upper_bound":15930.40254038432},"point_estimate":11576.35902597875,"standard_error":2292.791308104731}}