{"mean":{"confidence_interval":{"confidence_level":0.95,"lower_bound":97557.94489205851,"upper_bound":100480.40472216421},"point_estimate":98896.94382040389,"standard_error":748.405750597898},"median":{"confidence_interval":{"confidence_level":0.95,"lower_bound":96644.48083202717,"upper_bound":98304.875},"point_estimate":97377.16105015675,"standard_error":448.24401730419476},"median_abs_dev":{"confidence_interval":{"confidence_level":0.95,"lower_bound":2457.1490694849626,"upper_bound":3814.140292336002},"point_estimate":3102.039592655061,"standard_error":365.3685686891399},"slope":{"confidence_interval":{"confidence_level":0.95,"lower_bound":97678.49962487713,"upper_bound":100589.00269387565},"point_estimate":98914.37903085831,"standard_error":756.6852598423966},"std_dev":{"confidence_interval":{"confidence_level":0.95,"lower_bound":3960.723220492234,"upper_bound":10223.890028495185},"point_estimate":7508.230962474002,"standard_error":1545.1776898875103}}