{"mean":{"confidence_interval":{"confidence_level":0.95,"lower_bound":166937.58957372856,"upper_bound":174387.1281628118},"point_estimate":170504.58535376991,"standard_error":1896.0443303293443},"median":{"confidence_interval":{"confidence_level":0.95,"lower_bound":162964.29597839137,"upper_bound":170176.97959183675},"point_estimate":166276.66094470047,"standard_error":1571.3397977739585},"median_abs_dev":{"confidence_interval":{"confidence_level":0.95,"lower_bound":10474.250401513347,"upper_bound":17606.52067742178},"point_estimate":13166.805611916621,"standard_error":1886.3183467245956},"slope":{"confidence_interval":{"confidence_level":0.95,"lower_bound":169656.73991430862,"upper_bound":179941.3628326707},"point_estimate":174388.8588819692,"standard_error":2632.985885908828},"std_dev":{"confidence_interval":{"confidence_level":0.95,"lower_bound":14512.554779001572,"upper_bound":23674.705633548998},"point_estimate":19066.28637474571,"standard_error":2373.6231079291847}}