{"mean":{"confidence_interval":{"confidence_level":0.95,"lower_bound":92561.9688055883,"upper_bound":94144.58530970833},"point_estimate":93302.4970342499,"standard_error":405.82062934224575},"median":{"confidence_interval":{"confidence_level":0.95,"lower_bound":92048.51239669422,"upper_bound":93217.87964148527},"point_estimate":92592.09331797235,"standard_error":303.7554379557405},"median_abs_dev":{"confidence_interval":{"confidence_level":0.95,"lower_bound":2053.9416921119123,"upper_bound":3192.548306840091},"point_estimate":2650.959274442249,"standard_error":283.771578837278},"slope":{"confidence_interval":{"confidence_level":0.95,"lower_bound":92528.89716422117,"upper_bound":93667.63322224357},"point_estimate":93097.07719440601,"standard_error":290.17686389608576},"std_dev":{"confidence_interval":{"confidence_level":0.95,"lower_bound":2727.679837511186,"upper_bound":5324.556534444036},"point_estimate":4092.606714087499,"standard_error":668.8486411068596}}