{"mean":{"confidence_interval":{"confidence_level":0.95,"lower_bound":95674.52852043073,"upper_bound":97382.72622552763},"point_estimate":96451.1811813727,"standard_error":437.21830999389294},"median":{"confidence_interval":{"confidence_level":0.95,"lower_bound":94984.85204991087,"upper_bound":96221.64462809918},"point_estimate":95628.77396203118,"standard_error":317.53888562655305},"median_abs_dev":{"confidence_interval":{"confidence_level":0.95,"lower_bound":1679.095155758034,"upper_bound":2673.2590860347145},"point_estimate":2208.1306843853763,"standard_error":255.08907424387783},"slope":{"confidence_interval":{"confidence_level":0.95,"lower_bound":95305.24762946519,"upper_bound":96875.66616861579},"point_estimate":96007.89464647957,"standard_error":401.0569397392553},"std_dev":{"confidence_interval":{"confidence_level":0.95,"lower_bound":2309.7379334548496,"upper_bound":6126.99043581998},"point_estimate":4386.977995069012,"standard_error":995.6748304049954}}