{"mean":{"confidence_interval":{"confidence_level":0.95,"lower_bound":1060804.9933403602,"upper_bound":1137581.352182688},"point_estimate":1098076.53172196,"standard_error":19646.22450418856},"median":{"confidence_interval":{"confidence_level":0.95,"lower_bound":1024223.1099656357,"upper_bound":1094113.6692307694},"point_estimate":1068680.9352941175,"standard_error":20003.707118751303},"median_abs_dev":{"confidence_interval":{"confidence_level":0.95,"lower_bound":103296.79925044504,"upper_bound":181494.6139747257},"point_estimate":140304.11706259332,"standard_error":20025.723628622498},"slope":{"confidence_interval":{"confidence_level":0.95,"lower_bound":1065254.5893554245,"upper_bound":1167120.4943919985},"point_estimate":1110783.8489315796,"standard_error":26073.395352632033},"std_dev":{"confidence_interval":{"confidence_level":0.95,"lower_bound":155033.19260879725,"upper_bound":233527.49519318147},"point_estimate":195999.47829939847,"standard_error":20075.25567545113}}