{"mean":{"confidence_interval":{"confidence_level":0.95,"lower_bound":747970.4912932134,"upper_bound":811723.5921548089},"point_estimate":778534.2317779608,"standard_error":16255.887948433909},"median":{"confidence_interval":{"confidence_level":0.95,"lower_bound":753605.9142711964,"upper_bound":801517.40625},"point_estimate":771272.1758693361,"standard_error":12532.990712932675},"median_abs_dev":{"confidence_interval":{"confidence_level":0.95,"lower_bound":94936.24792333144,"upper_bound":172124.37327654153},"point_estimate":139752.72881277083,"standard_error":19274.44661714283},"slope":{"confidence_interval":{"confidence_level":0.95,"lower_bound":783266.0006595812,"upper_bound":816734.1558931158},"point_estimate":800008.6742175262,"standard_error":8520.162217031846},"std_dev":{"confidence_interval":{"confidence_level":0.95,"lower_bound":119841.64361934902,"upper_bound":202780.60977260026},"point_estimate":162543.79721126345,"standard_error":21240.92285710434}}