{"mean":{"confidence_interval":{"confidence_level":0.95,"lower_bound":110176.25450341775,"upper_bound":112030.07744322439},"point_estimate":111021.62593050166,"standard_error":474.9805702605603},"median":{"confidence_interval":{"confidence_level":0.95,"lower_bound":109830.50690873202,"upper_bound":110643.72955974843},"point_estimate":110036.54546783626,"standard_error":238.78742074999928},"median_abs_dev":{"confidence_interval":{"confidence_level":0.95,"lower_bound":1300.125468247788,"upper_bound":2511.424555951242},"point_estimate":1788.6752037010908,"standard_error":307.1610151460487},"slope":{"confidence_interval":{"confidence_level":0.95,"lower_bound":109973.86645587989,"upper_bound":111251.19475669313},"point_estimate":110584.42473080145,"standard_error":325.7315371599024},"std_dev":{"confidence_interval":{"confidence_level":0.95,"lower_bound":2650.7281980653815,"upper_bound":6938.004223533881},"point_estimate":4779.932501623866,"standard_error":1175.5983837935632}}