{"mean":{"confidence_interval":{"confidence_level":0.95,"lower_bound":141011.50631013134,"upper_bound":145224.78015007544},"point_estimate":142666.87245568776,"standard_error":1121.2032779333085},"median":{"confidence_interval":{"confidence_level":0.95,"lower_bound":140748.59711423446,"upper_bound":142028.9325},"point_estimate":141426.6230173515,"standard_error":325.2365859713293},"median_abs_dev":{"confidence_interval":{"confidence_level":0.95,"lower_bound":2148.1686076076962,"upper_bound":3582.7737229598088},"point_estimate":2881.8715991716604,"standard_error":377.8060082425456},"slope":{"confidence_interval":{"confidence_level":0.95,"lower_bound":140730.45468562326,"upper_bound":142265.62278981783},"point_estimate":141445.03489692626,"standard_error":390.6027101684473},"std_dev":{"confidence_interval":{"confidence_level":0.95,"lower_bound":2842.3040526414643,"upper_bound":18692.4552266018},"point_estimate":11317.39626035634,"standard_error":5053.039759135966}}