{"mean":{"confidence_interval":{"confidence_level":0.95,"lower_bound":137314.17145315022,"upper_bound":140026.3175151237},"point_estimate":138483.86259941393,"standard_error":700.7534667764567},"median":{"confidence_interval":{"confidence_level":0.95,"lower_bound":136812.27976190476,"upper_bound":138381.7451923077},"point_estimate":137309.16946476063,"standard_error":471.73686359330765},"median_abs_dev":{"confidence_interval":{"confidence_level":0.95,"lower_bound":1894.664825216761,"upper_bound":3082.607965897773},"point_estimate":2199.182071205715,"standard_error":312.45237663614347},"slope":{"confidence_interval":{"confidence_level":0.95,"lower_bound":137354.76708141877,"upper_bound":142354.3386541605},"point_estimate":139154.7433260677,"standard_error":1392.7579579296773},"std_dev":{"confidence_interval":{"confidence_level":0.95,"lower_bound":2496.6552252142383,"upper_bound":10727.042670530991},"point_estimate":6987.949833291923,"standard_error":2259.3218687036983}}