{"mean":{"confidence_interval":{"confidence_level":0.95,"lower_bound":131563.47669190005,"upper_bound":133973.05028716434},"point_estimate":132622.85968692962,"standard_error":620.1620799387777},"median":{"confidence_interval":{"confidence_level":0.95,"lower_bound":131573.450771189,"upper_bound":132108.06850282487},"point_estimate":131889.50882332784,"standard_error":133.41222079131248},"median_abs_dev":{"confidence_interval":{"confidence_level":0.95,"lower_bound":1133.9047066873104,"upper_bound":2141.919619665839},"point_estimate":1777.2278527546525,"standard_error":266.92334679470684},"slope":{"confidence_interval":{"confidence_level":0.95,"lower_bound":131052.19740576376,"upper_bound":134319.04460392534},"point_estimate":132448.6533947835,"standard_error":839.3293453115251},"std_dev":{"confidence_interval":{"confidence_level":0.95,"lower_bound":2279.5304726217046,"upper_bound":9391.88872999058},"point_estimate":6251.598789156063,"standard_error":1864.3592412339513}}