{"mean":{"confidence_interval":{"confidence_level":0.95,"lower_bound":208057.3809718126,"upper_bound":223034.1099358257},"point_estimate":215323.76425437772,"standard_error":3802.19231141672},"median":{"confidence_interval":{"confidence_level":0.95,"lower_bound":201491.2952795031,"upper_bound":215338.63039702235},"point_estimate":208507.2271892223,"standard_error":3506.1291852775935},"median_abs_dev":{"confidence_interval":{"confidence_level":0.95,"lower_bound":14649.20431698269,"upper_bound":30597.934065282654},"point_estimate":23490.535861773773,"standard_error":3747.364721167027},"slope":{"confidence_interval":{"confidence_level":0.95,"lower_bound":212992.506361836,"upper_bound":230353.09082708403},"point_estimate":221836.6318203044,"standard_error":4416.096359278187},"std_dev":{"confidence_interval":{"confidence_level":0.95,"lower_bound":28658.977858378094,"upper_bound":48445.24029560552},"point_estimate":38183.38107319586,"standard_error":5181.2504946532545}}