{"mean":{"confidence_interval":{"confidence_level":0.95,"lower_bound":167500.59376932323,"upper_bound":173890.2661830432},"point_estimate":170558.47725047416,"standard_error":1630.2442166157527},"median":{"confidence_interval":{"confidence_level":0.95,"lower_bound":165233.1519607843,"upper_bound":174816.51937984495},"point_estimate":171335.59798857814,"standard_error":2650.530843319353},"median_abs_dev":{"confidence_interval":{"confidence_level":0.95,"lower_bound":9800.85741033166,"upper_bound":18224.064770748377},"point_estimate":14962.509295923961,"standard_error":2021.8019157507215},"slope":{"confidence_interval":{"confidence_level":0.95,"lower_bound":174442.78999286122,"upper_bound":180847.03316528362},"point_estimate":177449.4215220925,"standard_error":1640.2657558249623},"std_dev":{"confidence_interval":{"confidence_level":0.95,"lower_bound":12142.858347673202,"upper_bound":21025.40863813516},"point_estimate":16398.619062509046,"standard_error":2347.4840250972616}}