{"mean":{"confidence_interval":{"confidence_level":0.95,"lower_bound":1724605.540750156,"upper_bound":1762810.6189741779},"point_estimate":1742559.2284072908,"standard_error":9774.431266892105},"median":{"confidence_interval":{"confidence_level":0.95,"lower_bound":1724179.2585470085,"upper_bound":1768792.1666666665},"point_estimate":1743212.6642156863,"standard_error":11474.761068707572},"median_abs_dev":{"confidence_interval":{"confidence_level":0.95,"lower_bound":44336.448254475086,"upper_bound":87535.28611811581},"point_estimate":70059.11825060383,"standard_error":9671.441623619916},"slope":{"confidence_interval":{"confidence_level":0.95,"lower_bound":1711910.096818096,"upper_bound":1756370.5431392144},"point_estimate":1732048.8240579283,"standard_error":11399.426323335967},"std_dev":{"confidence_interval":{"confidence_level":0.95,"lower_bound":62433.11586692995,"upper_bound":133624.91046541897},"point_estimate":98511.00883017827,"standard_error":18744.87334757366}}