{"mean":{"confidence_interval":{"confidence_level":0.95,"lower_bound":535547.714771992,"upper_bound":552590.5993299186},"point_estimate":544066.7313462144,"standard_error":4349.39925528958},"median":{"confidence_interval":{"confidence_level":0.95,"lower_bound":529067.4122807018,"upper_bound":554748.9576944141},"point_estimate":544150.0274077046,"standard_error":7235.919317019443},"median_abs_dev":{"confidence_interval":{"confidence_level":0.95,"lower_bound":35950.25373037884,"upper_bound":55422.49605696324},"point_estimate":44679.74067358806,"standard_error":5128.903377318093},"slope":{"confidence_interval":{"confidence_level":0.95,"lower_bound":525400.1573025837,"upper_bound":543659.0711908229},"point_estimate":534396.3871937343,"standard_error":4661.144511127884},"std_dev":{"confidence_interval":{"confidence_level":0.95,"lower_bound":38092.57420622515,"upper_bound":48892.07991533629},"point_estimate":43819.34794673923,"standard_error":2751.2364576826567}}