{"mean":{"confidence_interval":{"confidence_level":0.95,"lower_bound":443443.675517738,"upper_bound":464416.8810357071},"point_estimate":453609.8623695209,"standard_error":5340.642795421245},"median":{"confidence_interval":{"confidence_level":0.95,"lower_bound":439828.61502347415,"upper_bound":462249.1111111111},"point_estimate":454273.41050420166,"standard_error":5246.6240837741125},"median_abs_dev":{"confidence_interval":{"confidence_level":0.95,"lower_bound":29984.862625653608,"upper_bound":48063.649189392},"point_estimate":37607.20307272051,"standard_error":4756.119414273861},"slope":{"confidence_interval":{"confidence_level":0.95,"lower_bound":430209.5347709079,"upper_bound":450863.5369821589},"point_estimate":440347.94374858384,"standard_error":5259.407915405992},"std_dev":{"confidence_interval":{"confidence_level":0.95,"lower_bound":41041.24542554099,"upper_bound":66513.82750393932},"point_estimate":53633.9555238486,"standard_error":6595.532203974023}}