{"mean":{"confidence_interval":{"confidence_level":0.95,"lower_bound":195161.97795884163,"upper_bound":195880.9102166565},"point_estimate":195428.08377667321,"standard_error":202.15838168097392},"median":{"confidence_interval":{"confidence_level":0.95,"lower_bound":195058.9623655914,"upper_bound":195178.7371794872},"point_estimate":195122.0411132195,"standard_error":26.18793624480302},"median_abs_dev":{"confidence_interval":{"confidence_level":0.95,"lower_bound":139.9842337249451,"upper_bound":265.8198010270503},"point_estimate":205.58644498625475,"standard_error":33.25115308197145},"slope":{"confidence_interval":{"confidence_level":0.95,"lower_bound":195121.29736543255,"upper_bound":195703.9101421869},"point_estimate":195323.7333564849,"standard_error":160.09972541321616},"std_dev":{"confidence_interval":{"confidence_level":0.95,"lower_bound":250.15141297295173,"upper_bound":3434.997425980496},"point_estimate":2036.4268560716166,"standard_error":1053.2335866473766}}