{"mean":{"confidence_interval":{"confidence_level":0.95,"lower_bound":303122.9088254831,"upper_bound":306133.51193121227},"point_estimate":304570.92583499977,"standard_error":768.928606897863},"median":{"confidence_interval":{"confidence_level":0.95,"lower_bound":301213.4411764706,"upper_bound":304264.4540932811},"point_estimate":302682.1744312026,"standard_error":873.102243845708},"median_abs_dev":{"confidence_interval":{"confidence_level":0.95,"lower_bound":4514.920061889613,"upper_bound":7865.141778167296},"point_estimate":6157.399850059301,"standard_error":787.8399469467942},"slope":{"confidence_interval":{"confidence_level":0.95,"lower_bound":302364.28219765663,"upper_bound":306521.895418922},"point_estimate":304254.09383478644,"standard_error":1068.7921850599382},"std_dev":{"confidence_interval":{"confidence_level":0.95,"lower_bound":6018.199567669234,"upper_bound":9273.46344935744},"point_estimate":7742.547208492636,"standard_error":831.7036688854591}}