{"mean":{"confidence_interval":{"confidence_level":0.95,"lower_bound":229821.95229784917,"upper_bound":229998.40109342115},"point_estimate":229909.92750601834,"standard_error":44.865630857740065},"median":{"confidence_interval":{"confidence_level":0.95,"lower_bound":229807.8170212766,"upper_bound":229964.2125},"point_estimate":229909.26078431372,"standard_error":50.37025085766386},"median_abs_dev":{"confidence_interval":{"confidence_level":0.95,"lower_bound":220.7585563844134,"upper_bound":378.3669262826253},"point_estimate":281.11232405713696,"standard_error":39.307165641477965},"slope":{"confidence_interval":{"confidence_level":0.95,"lower_bound":229905.43632487665,"upper_bound":230098.20887850778},"point_estimate":229998.7899624649,"standard_error":49.113836201163224},"std_dev":{"confidence_interval":{"confidence_level":0.95,"lower_bound":360.0786354067387,"upper_bound":531.8372473757457},"point_estimate":449.97883233001016,"standard_error":43.945296561913004}}