{"mean":{"confidence_interval":{"confidence_level":0.95,"lower_bound":350288.2543391637,"upper_bound":362779.79503094},"point_estimate":355781.50872618164,"standard_error":3209.3469340316938},"median":{"confidence_interval":{"confidence_level":0.95,"lower_bound":347399.22222222225,"upper_bound":356987.7311827957},"point_estimate":353321.68901515147,"standard_error":2374.827136437114},"median_abs_dev":{"confidence_interval":{"confidence_level":0.95,"lower_bound":10559.143109524903,"upper_bound":18491.73607315956},"point_estimate":13150.787920660665,"standard_error":2072.7510228699707},"slope":{"confidence_interval":{"confidence_level":0.95,"lower_bound":348827.9908512294,"upper_bound":356259.4021931708},"point_estimate":352405.52630806365,"standard_error":1895.7915262486304},"std_dev":{"confidence_interval":{"confidence_level":0.95,"lower_bound":14249.557670172922,"upper_bound":48682.77705036488},"point_estimate":32184.35562914168,"standard_error":9338.771711897803}}