{"mean":{"confidence_interval":{"confidence_level":0.95,"lower_bound":303729.6326970344,"upper_bound":305412.9812912119},"point_estimate":304404.94305537466,"standard_error":439.8673503854288},"median":{"confidence_interval":{"confidence_level":0.95,"lower_bound":303953.27142857143,"upper_bound":304545.17647058825},"point_estimate":304261.14920289855,"standard_error":145.66225892905828},"median_abs_dev":{"confidence_interval":{"confidence_level":0.95,"lower_bound":947.0414565883073,"upper_bound":1521.9447364967991},"point_estimate":1275.4136620219301,"standard_error":145.54090858744385},"slope":{"confidence_interval":{"confidence_level":0.95,"lower_bound":303759.57917340344,"upper_bound":305938.7024406978},"point_estimate":304553.02230899956,"standard_error":592.9444009002614},"std_dev":{"confidence_interval":{"confidence_level":0.95,"lower_bound":1354.7644801379806,"upper_bound":7260.4279835412735},"point_estimate":4432.562330211691,"standard_error":1882.8885836351699}}