{"mean":{"confidence_interval":{"confidence_level":0.95,"lower_bound":293719.1554044157,"upper_bound":305034.3993210986},"point_estimate":299227.27834087086,"standard_error":2891.198323979016},"median":{"confidence_interval":{"confidence_level":0.95,"lower_bound":281403.4840425532,"upper_bound":283383.48333333334},"point_estimate":282035.9955645161,"standard_error":862.6611517964429},"median_abs_dev":{"confidence_interval":{"confidence_level":0.95,"lower_bound":5347.741762788895,"upper_bound":11374.920181661395},"point_estimate":7735.669309313342,"standard_error":1739.7153638050659},"slope":{"confidence_interval":{"confidence_level":0.95,"lower_bound":313279.90290180285,"upper_bound":327245.473429266},"point_estimate":320695.8056945471,"standard_error":3558.0238517815246},"std_dev":{"confidence_interval":{"confidence_level":0.95,"lower_bound":24983.665463288922,"upper_bound":32654.796768073884},"point_estimate":29146.021978398763,"standard_error":1957.4916930036154}}