{"mean":{"confidence_interval":{"confidence_level":0.95,"lower_bound":265982.26739868324,"upper_bound":283122.2918113035},"point_estimate":273497.3941295969,"standard_error":4421.215831697393},"median":{"confidence_interval":{"confidence_level":0.95,"lower_bound":261806.5148879717,"upper_bound":268093.68902439025},"point_estimate":264002.09523809527,"standard_error":1653.3139344491008},"median_abs_dev":{"confidence_interval":{"confidence_level":0.95,"lower_bound":11117.135379967303,"upper_bound":19282.828691661354},"point_estimate":15238.384557517618,"standard_error":2002.3720907469399},"slope":{"confidence_interval":{"confidence_level":0.95,"lower_bound":260276.45762611052,"upper_bound":268781.3493625858},"point_estimate":264257.08155681984,"standard_error":2166.567278565341},"std_dev":{"confidence_interval":{"confidence_level":0.95,"lower_bound":21088.006851577622,"upper_bound":67316.34336403529},"point_estimate":44528.53615746095,"standard_error":13279.007482960746}}