{"mean":{"confidence_interval":{"confidence_level":0.95,"lower_bound":207050.35148585297,"upper_bound":212945.71564304203},"point_estimate":209625.26025837884,"standard_error":1514.3259681447107},"median":{"confidence_interval":{"confidence_level":0.95,"lower_bound":204987.47114285716,"upper_bound":208023.70055107528},"point_estimate":206209.12359307357,"standard_error":738.4752976122137},"median_abs_dev":{"confidence_interval":{"confidence_level":0.95,"lower_bound":5061.13319424216,"upper_bound":8327.349291205062},"point_estimate":6920.733368207692,"standard_error":852.6309670838997},"slope":{"confidence_interval":{"confidence_level":0.95,"lower_bound":208382.0318289623,"upper_bound":211063.00154065012},"point_estimate":209757.9980351707,"standard_error":682.2373850473153},"std_dev":{"confidence_interval":{"confidence_level":0.95,"lower_bound":7285.076700772081,"upper_bound":23083.778225363396},"point_estimate":15248.977670760216,"standard_error":4579.274794663745}}