{"mean":{"confidence_interval":{"confidence_level":0.95,"lower_bound":2151736.1019090908,"upper_bound":2283865.312693182},"point_estimate":2215210.379090909,"standard_error":33716.77437183011},"median":{"confidence_interval":{"confidence_level":0.95,"lower_bound":2087587.8863636362,"upper_bound":2236215.727272727},"point_estimate":2144374.8181818184,"standard_error":36845.35336260795},"median_abs_dev":{"confidence_interval":{"confidence_level":0.95,"lower_bound":196548.61546511037,"upper_bound":360400.91458342265},"point_estimate":298529.6253045852,"standard_error":42378.21568351409},"slope":null,"std_dev":{"confidence_interval":{"confidence_level":0.95,"lower_bound":257809.31578603722,"upper_bound":413606.47712578095},"point_estimate":337171.89781797247,"standard_error":40246.295505232934}}