{"mean":{"confidence_interval":{"confidence_level":0.95,"lower_bound":2019428.4266799998,"upper_bound":2100458.319690001},"point_estimate":2059258.7292000004,"standard_error":20618.15831657801},"median":{"confidence_interval":{"confidence_level":0.95,"lower_bound":1990844.44,"upper_bound":2082489.8},"point_estimate":2038071.1400000001,"standard_error":21392.16621752547},"median_abs_dev":{"confidence_interval":{"confidence_level":0.95,"lower_bound":137735.49458670625,"upper_bound":232833.786090374},"point_estimate":180755.23811495304,"standard_error":24601.538203977998},"slope":null,"std_dev":{"confidence_interval":{"confidence_level":0.95,"lower_bound":168884.1703553623,"upper_bound":240154.72740712125},"point_estimate":206202.48027028757,"standard_error":18232.465076621138}}