{"mean":{"confidence_interval":{"confidence_level":0.95,"lower_bound":232535.24409023352,"upper_bound":242590.5963622543},"point_estimate":237337.8004189148,"standard_error":2563.4074928047503},"median":{"confidence_interval":{"confidence_level":0.95,"lower_bound":225984.55774647888,"upper_bound":236110.85858585857},"point_estimate":230677.56645276293,"standard_error":2359.5985150612196},"median_abs_dev":{"confidence_interval":{"confidence_level":0.95,"lower_bound":13074.846756621342,"upper_bound":23481.653912340396},"point_estimate":18703.579278287558,"standard_error":2658.23857609581},"slope":{"confidence_interval":{"confidence_level":0.95,"lower_bound":235774.58679529224,"upper_bound":250908.35946603882},"point_estimate":242912.89117363677,"standard_error":3881.306436309959},"std_dev":{"confidence_interval":{"confidence_level":0.95,"lower_bound":19422.81677301621,"upper_bound":31323.552761886705},"point_estimate":25687.60095725155,"standard_error":3041.7608390177797}}