{"mean":{"confidence_interval":{"confidence_level":0.95,"lower_bound":153744.05690601774,"upper_bound":158891.07302061253},"point_estimate":156112.8859804825,"standard_error":1317.0499526165004},"median":{"confidence_interval":{"confidence_level":0.95,"lower_bound":150802.95285714287,"upper_bound":155647.96918767507},"point_estimate":153724.3439952904,"standard_error":1221.1931343466538},"median_abs_dev":{"confidence_interval":{"confidence_level":0.95,"lower_bound":6050.947942499033,"upper_bound":9868.997959929891},"point_estimate":7760.088698438671,"standard_error":965.0532167028692},"slope":{"confidence_interval":{"confidence_level":0.95,"lower_bound":154074.33064436718,"upper_bound":159082.07402411534},"point_estimate":156492.4086415166,"standard_error":1277.03582636946},"std_dev":{"confidence_interval":{"confidence_level":0.95,"lower_bound":8112.272511722591,"upper_bound":18561.853722997417},"point_estimate":13236.147908054689,"standard_error":2873.1801139251197}}