{"mean":{"confidence_interval":{"confidence_level":0.95,"lower_bound":81230.23583291202,"upper_bound":83118.77761656328},"point_estimate":82035.7957822682,"standard_error":489.8758762887076},"median":{"confidence_interval":{"confidence_level":0.95,"lower_bound":80905.50854700855,"upper_bound":81404.3910931174},"point_estimate":81086.03495545925,"standard_error":117.9467925714899},"median_abs_dev":{"confidence_interval":{"confidence_level":0.95,"lower_bound":719.9242822433581,"upper_bound":1165.7271929117767},"point_estimate":986.6365606702575,"standard_error":113.97666545177862},"slope":{"confidence_interval":{"confidence_level":0.95,"lower_bound":81098.5681821711,"upper_bound":82264.83656748266},"point_estimate":81571.66075706767,"standard_error":303.24946423426667},"std_dev":{"confidence_interval":{"confidence_level":0.95,"lower_bound":1568.0186068362607,"upper_bound":7687.853009610196},"point_estimate":4941.667782049075,"standard_error":1650.5935400448254}}