{"mean":{"confidence_interval":{"confidence_level":0.95,"lower_bound":91892.97580982118,"upper_bound":93884.38099583084},"point_estimate":92772.73036573852,"standard_error":513.1682663504786},"median":{"confidence_interval":{"confidence_level":0.95,"lower_bound":91679.49296786163,"upper_bound":92259.65977484985},"point_estimate":91889.27486030164,"standard_error":175.79213259121553},"median_abs_dev":{"confidence_interval":{"confidence_level":0.95,"lower_bound":1277.3690312680278,"upper_bound":2289.262337626966},"point_estimate":1582.9713500784594,"standard_error":256.50450429668035},"slope":{"confidence_interval":{"confidence_level":0.95,"lower_bound":91710.72801913218,"upper_bound":94439.42035662767},"point_estimate":92705.38013031153,"standard_error":751.6920211722974},"std_dev":{"confidence_interval":{"confidence_level":0.95,"lower_bound":2159.1514250583737,"upper_bound":7696.691031195552},"point_estimate":5178.8144918305625,"standard_error":1477.9006890609987}}