{"mean":{"confidence_interval":{"confidence_level":0.95,"lower_bound":173578.4633045785,"upper_bound":181063.14860711555},"point_estimate":177022.55307218435,"standard_error":1908.4034485612133},"median":{"confidence_interval":{"confidence_level":0.95,"lower_bound":169661.6845959596,"upper_bound":175293.81664901128},"point_estimate":171916.66791044775,"standard_error":1283.2212957249264},"median_abs_dev":{"confidence_interval":{"confidence_level":0.95,"lower_bound":7316.584455374971,"upper_bound":12893.720378277418},"point_estimate":10189.332567926698,"standard_error":1407.2386297584003},"slope":{"confidence_interval":{"confidence_level":0.95,"lower_bound":173569.09395069166,"upper_bound":179835.63816252927},"point_estimate":176486.1290350229,"standard_error":1604.756478078416},"std_dev":{"confidence_interval":{"confidence_level":0.95,"lower_bound":12127.594852377691,"upper_bound":26093.429800952526},"point_estimate":19210.113686482116,"standard_error":3640.438782665002}}