{"mean":{"confidence_interval":{"confidence_level":0.95,"lower_bound":107144.81801470899,"upper_bound":109323.59418753488},"point_estimate":108117.52862848988,"standard_error":558.2216172471869},"median":{"confidence_interval":{"confidence_level":0.95,"lower_bound":106678.8279100529,"upper_bound":107920.96899177949},"point_estimate":107277.03484848485,"standard_error":365.34933814286325},"median_abs_dev":{"confidence_interval":{"confidence_level":0.95,"lower_bound":1818.1559978995613,"upper_bound":2889.50143035899},"point_estimate":2443.3090045410777,"standard_error":268.4939515925969},"slope":{"confidence_interval":{"confidence_level":0.95,"lower_bound":107783.16359134477,"upper_bound":110511.35274095357},"point_estimate":108883.67450421161,"standard_error":721.1871182597355},"std_dev":{"confidence_interval":{"confidence_level":0.95,"lower_bound":2498.0483172922777,"upper_bound":8140.542595920899},"point_estimate":5600.456688444103,"standard_error":1479.5018912383434}}