{"mean":{"confidence_interval":{"confidence_level":0.95,"lower_bound":143234.2587257294,"upper_bound":147737.12343813176},"point_estimate":145262.1336165349,"standard_error":1153.1449008395364},"median":{"confidence_interval":{"confidence_level":0.95,"lower_bound":142362.23214285713,"upper_bound":145646.19047619047},"point_estimate":143850.87126436783,"standard_error":916.4850114152998},"median_abs_dev":{"confidence_interval":{"confidence_level":0.95,"lower_bound":4966.312234221217,"upper_bound":7827.961157198163},"point_estimate":6388.486822845427,"standard_error":718.7860040765722},"slope":{"confidence_interval":{"confidence_level":0.95,"lower_bound":141057.35879854677,"upper_bound":146186.73342010585},"point_estimate":143403.44478920812,"standard_error":1307.3004319914821},"std_dev":{"confidence_interval":{"confidence_level":0.95,"lower_bound":6064.1108893152705,"upper_bound":16924.416558040073},"point_estimate":11615.04006198,"standard_error":2907.2095596493205}}