{"mean":{"confidence_interval":{"confidence_level":0.95,"lower_bound":84408.06963897236,"upper_bound":86317.53704377412},"point_estimate":85264.77912007926,"standard_error":490.93800997967645},"median":{"confidence_interval":{"confidence_level":0.95,"lower_bound":83891.99053030304,"upper_bound":85081.9011627907},"point_estimate":84425.90470872252,"standard_error":256.85063394882155},"median_abs_dev":{"confidence_interval":{"confidence_level":0.95,"lower_bound":1537.0600598981075,"upper_bound":2702.6043180214697},"point_estimate":2021.7809254868594,"standard_error":280.37495054642426},"slope":{"confidence_interval":{"confidence_level":0.95,"lower_bound":84636.02787283149,"upper_bound":87176.6002548894},"point_estimate":85677.03307989755,"standard_error":668.7292107298108},"std_dev":{"confidence_interval":{"confidence_level":0.95,"lower_bound":2421.2996005010714,"upper_bound":7210.883944316294},"point_estimate":4945.357850116381,"standard_error":1279.7484752584696}}