{"mean":{"confidence_interval":{"confidence_level":0.95,"lower_bound":237879.0238868195,"upper_bound":247676.18826902556},"point_estimate":242498.10469834783,"standard_error":2511.092973558404},"median":{"confidence_interval":{"confidence_level":0.95,"lower_bound":233946.70241228072,"upper_bound":238185.30493066256},"point_estimate":236452.3893772894,"standard_error":1157.475489992169},"median_abs_dev":{"confidence_interval":{"confidence_level":0.95,"lower_bound":8206.873473779364,"upper_bound":14143.99864157008},"point_estimate":10672.1017621194,"standard_error":1468.1628553206074},"slope":{"confidence_interval":{"confidence_level":0.95,"lower_bound":238499.06442217182,"upper_bound":248263.9129404118},"point_estimate":243144.9625701197,"standard_error":2485.190513584986},"std_dev":{"confidence_interval":{"confidence_level":0.95,"lower_bound":17199.345866963315,"upper_bound":32387.937846408837},"point_estimate":25296.845648593397,"standard_error":3896.7709251376164}}