{"mean":{"confidence_interval":{"confidence_level":0.95,"lower_bound":181080.0099757176,"upper_bound":189136.24988749763},"point_estimate":184841.7368808532,"standard_error":2062.2696980962005},"median":{"confidence_interval":{"confidence_level":0.95,"lower_bound":176132.7108433735,"upper_bound":184537.40773809524},"point_estimate":178484.15432864625,"standard_error":1922.175739216901},"median_abs_dev":{"confidence_interval":{"confidence_level":0.95,"lower_bound":10420.357943126668,"upper_bound":17947.702855774958},"point_estimate":12850.555237841303,"standard_error":1917.5890538676772},"slope":{"confidence_interval":{"confidence_level":0.95,"lower_bound":181662.68003681288,"upper_bound":192559.1538488567},"point_estimate":186813.20318752772,"standard_error":2788.373940958479},"std_dev":{"confidence_interval":{"confidence_level":0.95,"lower_bound":14307.574981905474,"upper_bound":27861.83451885632},"point_estimate":20788.463563283927,"standard_error":3685.8615313772375}}