{"mean":{"confidence_interval":{"confidence_level":0.95,"lower_bound":133260.0843440169,"upper_bound":137871.67383796678},"point_estimate":135432.78204698273,"standard_error":1173.473209209694},"median":{"confidence_interval":{"confidence_level":0.95,"lower_bound":133321.74074074073,"upper_bound":138467.04375},"point_estimate":136335.31866776315,"standard_error":1250.6761280425637},"median_abs_dev":{"confidence_interval":{"confidence_level":0.95,"lower_bound":6673.459005223487,"upper_bound":10177.102776209069},"point_estimate":8173.450207850574,"standard_error":900.5753867737901},"slope":{"confidence_interval":{"confidence_level":0.95,"lower_bound":133179.19591598454,"upper_bound":137317.5346665568},"point_estimate":135332.07691776266,"standard_error":1052.2229940954544},"std_dev":{"confidence_interval":{"confidence_level":0.95,"lower_bound":7755.544935255334,"upper_bound":16475.295559263493},"point_estimate":11777.305728116495,"standard_error":2457.7814728541703}}