{"mean":{"confidence_interval":{"confidence_level":0.95,"lower_bound":172081.96068773803,"upper_bound":178655.05805209684},"point_estimate":175233.2165078578,"standard_error":1671.6440332315556},"median":{"confidence_interval":{"confidence_level":0.95,"lower_bound":168581.17857142858,"upper_bound":175203.96794871794},"point_estimate":170797.42087912088,"standard_error":1606.4518287052329},"median_abs_dev":{"confidence_interval":{"confidence_level":0.95,"lower_bound":8337.197066611407,"upper_bound":16926.27769654979},"point_estimate":13419.910261373961,"standard_error":2061.6959866375914},"slope":{"confidence_interval":{"confidence_level":0.95,"lower_bound":165079.339998307,"upper_bound":170059.60643735368},"point_estimate":167458.47585340624,"standard_error":1267.4828784753802},"std_dev":{"confidence_interval":{"confidence_level":0.95,"lower_bound":12532.394571668705,"upper_bound":20966.16723361435},"point_estimate":16834.859229111575,"standard_error":2178.515710018455}}