{"mean":{"confidence_interval":{"confidence_level":0.95,"lower_bound":144711.6496486208,"upper_bound":149958.07795978634},"point_estimate":147180.97513504484,"standard_error":1339.7762669488138},"median":{"confidence_interval":{"confidence_level":0.95,"lower_bound":140291.26694915254,"upper_bound":147542.4480664594},"point_estimate":144542.2419871795,"standard_error":1910.4642030382113},"median_abs_dev":{"confidence_interval":{"confidence_level":0.95,"lower_bound":7501.8312126925775,"upper_bound":12705.92305167971},"point_estimate":9954.669901277717,"standard_error":1379.7459562582426},"slope":{"confidence_interval":{"confidence_level":0.95,"lower_bound":146288.97238879715,"upper_bound":152496.66204844884},"point_estimate":149304.5636094281,"standard_error":1583.2722613335613},"std_dev":{"confidence_interval":{"confidence_level":0.95,"lower_bound":9390.926919396563,"upper_bound":17551.995310084614},"point_estimate":13456.462962480087,"standard_error":2128.3300237458006}}