{"mean":{"confidence_interval":{"confidence_level":0.95,"lower_bound":106583.48732484454,"upper_bound":113405.88470403306},"point_estimate":109843.06757903384,"standard_error":1741.4943119236145},"median":{"confidence_interval":{"confidence_level":0.95,"lower_bound":102345.7925925926,"upper_bound":106999.60232558139},"point_estimate":104397.45215927559,"standard_error":1148.8337928628623},"median_abs_dev":{"confidence_interval":{"confidence_level":0.95,"lower_bound":8100.349683768157,"upper_bound":15043.350432239045},"point_estimate":12318.714685005978,"standard_error":1864.0878263448078},"slope":{"confidence_interval":{"confidence_level":0.95,"lower_bound":104114.34013770208,"upper_bound":109489.88217933156},"point_estimate":106638.26275011084,"standard_error":1370.936269527861},"std_dev":{"confidence_interval":{"confidence_level":0.95,"lower_bound":13559.806577392666,"upper_bound":21173.207876867877},"point_estimate":17476.47784279989,"standard_error":1940.6792745324274}}