{"mean":{"confidence_interval":{"confidence_level":0.95,"lower_bound":1524352.4553667617,"upper_bound":1615078.6692061862},"point_estimate":1565256.429965905,"standard_error":23295.623171811403},"median":{"confidence_interval":{"confidence_level":0.95,"lower_bound":1472819.762168216,"upper_bound":1532590.8181818181},"point_estimate":1491585.1991828396,"standard_error":16430.31863104419},"median_abs_dev":{"confidence_interval":{"confidence_level":0.95,"lower_bound":71158.38986123164,"upper_bound":142366.31187227357},"point_estimate":107079.99710612255,"standard_error":18381.989234602428},"slope":{"confidence_interval":{"confidence_level":0.95,"lower_bound":1520243.9117231802,"upper_bound":1582695.313083111},"point_estimate":1550074.4583153538,"standard_error":15966.352570363006},"std_dev":{"confidence_interval":{"confidence_level":0.95,"lower_bound":130611.02400831383,"upper_bound":341050.27551234467},"point_estimate":234339.44192011913,"standard_error":59367.489803608165}}