{"mean":{"confidence_interval":{"confidence_level":0.95,"lower_bound":15668261.596437499,"upper_bound":16382716.4976875},"point_estimate":16020203.08,"standard_error":182925.30949169814},"median":{"confidence_interval":{"confidence_level":0.95,"lower_bound":14715439.75,"upper_bound":15992718.625},"point_estimate":14868404.25,"standard_error":310893.6920134557},"median_abs_dev":{"confidence_interval":{"confidence_level":0.95,"lower_bound":539689.463381097,"upper_bound":2369391.7584098876},"point_estimate":944910.2596744895,"standard_error":425778.40906079486},"slope":null,"std_dev":{"confidence_interval":{"confidence_level":0.95,"lower_bound":1655051.107087776,"upper_bound":1996072.7221548443},"point_estimate":1843863.0642581284,"standard_error":86712.8203351494}}