{"mean":{"confidence_interval":{"confidence_level":0.95,"lower_bound":4404042.347090908,"upper_bound":4487220.227409091},"point_estimate":4444423.572727273,"standard_error":21207.03453896086},"median":{"confidence_interval":{"confidence_level":0.95,"lower_bound":4360152.454545454,"upper_bound":4434168.636363637},"point_estimate":4390587.2727272725,"standard_error":17932.026034409126},"median_abs_dev":{"confidence_interval":{"confidence_level":0.95,"lower_bound":126605.88345229626,"upper_bound":204490.36439684324},"point_estimate":162737.65350173812,"standard_error":20596.014550467055},"slope":null,"std_dev":{"confidence_interval":{"confidence_level":0.95,"lower_bound":167911.18189273015,"upper_bound":255569.58981172467},"point_estimate":214058.89396377772,"standard_error":22481.224122556647}}