{"mean":{"confidence_interval":{"confidence_level":0.95,"lower_bound":4930822.676477273,"upper_bound":5240566.12118182},"point_estimate":5078451.984545457,"standard_error":78889.78840181201},"median":{"confidence_interval":{"confidence_level":0.95,"lower_bound":4704467.181818182,"upper_bound":5071890.636363637},"point_estimate":4838809.727272727,"standard_error":96789.92599014656},"median_abs_dev":{"confidence_interval":{"confidence_level":0.95,"lower_bound":439246.32248363696,"upper_bound":801987.344224378},"point_estimate":568638.6178046465,"standard_error":98354.94853512321},"slope":null,"std_dev":{"confidence_interval":{"confidence_level":0.95,"lower_bound":582769.7968351237,"upper_bound":989834.4854087268},"point_estimate":792272.5725472445,"standard_error":104045.19309681897}}