{"mean":{"confidence_interval":{"confidence_level":0.95,"lower_bound":1131095.7633425207,"upper_bound":1152506.9888156664},"point_estimate":1140375.6424813895,"standard_error":5494.028169549334},"median":{"confidence_interval":{"confidence_level":0.95,"lower_bound":1131023.0952380951,"upper_bound":1133309.569004525},"point_estimate":1132106.5459574468,"standard_error":687.7114987573877},"median_abs_dev":{"confidence_interval":{"confidence_level":0.95,"lower_bound":6142.455460675868,"upper_bound":11822.101870949227},"point_estimate":8703.839564557768,"standard_error":1425.5395100311819},"slope":{"confidence_interval":{"confidence_level":0.95,"lower_bound":1132411.854477423,"upper_bound":1139957.0889433129},"point_estimate":1135779.718259199,"standard_error":1930.5677309906803},"std_dev":{"confidence_interval":{"confidence_level":0.95,"lower_bound":10290.223924223192,"upper_bound":83005.23266256787},"point_estimate":55210.685774361365,"standard_error":17327.356846751853}}