{"mean":{"confidence_interval":{"confidence_level":0.95,"lower_bound":12055766.021999998,"upper_bound":12371702.776700001},"point_estimate":12202240.876000002,"standard_error":80598.27138399829},"median":{"confidence_interval":{"confidence_level":0.95,"lower_bound":12080725.8,"upper_bound":12297948.0},"point_estimate":12172666.8,"standard_error":51598.24229860048},"median_abs_dev":{"confidence_interval":{"confidence_level":0.95,"lower_bound":279887.8212874979,"upper_bound":473384.38643574767},"point_estimate":346442.6940894119,"standard_error":51179.258567228826},"slope":null,"std_dev":{"confidence_interval":{"confidence_level":0.95,"lower_bound":490517.86690491356,"upper_bound":1143056.790187866},"point_estimate":811008.4183948939,"standard_error":177492.93021715886}}