{"mean":{"confidence_interval":{"confidence_level":0.95,"lower_bound":13258577.9236875,"upper_bound":13555913.792625},"point_estimate":13400400.62,"standard_error":75901.1588177375},"median":{"confidence_interval":{"confidence_level":0.95,"lower_bound":13188636.75,"upper_bound":13445514.75},"point_estimate":13357288.875,"standard_error":67516.27599378012},"median_abs_dev":{"confidence_interval":{"confidence_level":0.95,"lower_bound":400136.8729542757,"upper_bound":737009.5278404653},"point_estimate":594863.5874390602,"standard_error":91507.41051545745},"slope":null,"std_dev":{"confidence_interval":{"confidence_level":0.95,"lower_bound":562770.7226187867,"upper_bound":958180.3614197486},"point_estimate":760973.4480183373,"standard_error":102285.28001148606}}