{"mean":{"confidence_interval":{"confidence_level":0.95,"lower_bound":12367752.3246875,"upper_bound":12754871.036375},"point_estimate":12552010.87,"standard_error":98799.68477683185},"median":{"confidence_interval":{"confidence_level":0.95,"lower_bound":12144012.0,"upper_bound":12485924.25},"point_estimate":12279174.375,"standard_error":80622.86081947137},"median_abs_dev":{"confidence_interval":{"confidence_level":0.95,"lower_bound":567464.5839504898,"upper_bound":1019675.3671221435},"point_estimate":747396.6232560575,"standard_error":117716.06568549787},"slope":null,"std_dev":{"confidence_interval":{"confidence_level":0.95,"lower_bound":746756.6261069921,"upper_bound":1277492.4270669557},"point_estimate":995170.2031520999,"standard_error":143839.01202925705}}