{"mean":{"confidence_interval":{"confidence_level":0.95,"lower_bound":13164387.157,"upper_bound":13469883.4985625},"point_estimate":13313507.305,"standard_error":77924.88384823917},"median":{"confidence_interval":{"confidence_level":0.95,"lower_bound":13077650.0,"upper_bound":13361404.0},"point_estimate":13212752.0,"standard_error":80400.64487732855},"median_abs_dev":{"confidence_interval":{"confidence_level":0.95,"lower_bound":472861.9182050228,"upper_bound":839358.9637733996},"point_estimate":633645.6228755414,"standard_error":96685.96028784964},"slope":null,"std_dev":{"confidence_interval":{"confidence_level":0.95,"lower_bound":633143.0472967776,"upper_bound":925557.0414881654},"point_estimate":785760.1775739759,"standard_error":75053.70329029053}}