{"mean":{"confidence_interval":{"confidence_level":0.95,"lower_bound":10077889.135249997,"upper_bound":10374360.471900001},"point_estimate":10222704.005999995,"standard_error":75489.6317868744},"median":{"confidence_interval":{"confidence_level":0.95,"lower_bound":9844248.5,"upper_bound":10269123.600000001},"point_estimate":10071251.3,"standard_error":102834.2629922561},"median_abs_dev":{"confidence_interval":{"confidence_level":0.95,"lower_bound":523438.2958871137,"upper_bound":918692.9476689384},"point_estimate":805980.7828509802,"standard_error":105164.68498799799},"slope":null,"std_dev":{"confidence_interval":{"confidence_level":0.95,"lower_bound":636568.5346119257,"upper_bound":881200.8763151796},"point_estimate":758651.418703081,"standard_error":63066.18235559871}}