{"mean":{"confidence_interval":{"confidence_level":0.95,"lower_bound":16687485.7496875,"upper_bound":16841301.489},"point_estimate":16763957.9625,"standard_error":39053.72290082652},"median":{"confidence_interval":{"confidence_level":0.95,"lower_bound":16653796.375,"upper_bound":16784234.75},"point_estimate":16696709.125,"standard_error":31846.636524188256},"median_abs_dev":{"confidence_interval":{"confidence_level":0.95,"lower_bound":264404.84073087573,"upper_bound":442448.04766997695},"point_estimate":365222.3802410066,"standard_error":45677.38984553583},"slope":null,"std_dev":{"confidence_interval":{"confidence_level":0.95,"lower_bound":337633.35779338254,"upper_bound":443189.0964279147},"point_estimate":393899.07901531114,"standard_error":26857.699526053395}}