{"mean":{"confidence_interval":{"confidence_level":0.95,"lower_bound":13854477.986625,"upper_bound":14228121.141874999},"point_estimate":14033763.4225,"standard_error":95165.94689236164},"median":{"confidence_interval":{"confidence_level":0.95,"lower_bound":13743391.5,"upper_bound":14087939.815624977},"point_estimate":13902046.875,"standard_error":88464.20984699707},"median_abs_dev":{"confidence_interval":{"confidence_level":0.95,"lower_bound":470047.75812998414,"upper_bound":785611.37887761},"point_estimate":570030.4085299373,"standard_error":83883.51074961608},"slope":null,"std_dev":{"confidence_interval":{"confidence_level":0.95,"lower_bound":714650.3401720513,"upper_bound":1190734.988322716},"point_estimate":958151.7011662634,"standard_error":121909.51906203212}}