{"mean":{"confidence_interval":{"confidence_level":0.95,"lower_bound":14299088.183812499,"upper_bound":14483864.067625},"point_estimate":14388808.0775,"standard_error":47190.17302737142},"median":{"confidence_interval":{"confidence_level":0.95,"lower_bound":14266839.75,"upper_bound":14460241.75},"point_estimate":14396603.5,"standard_error":52965.78262759324},"median_abs_dev":{"confidence_interval":{"confidence_level":0.95,"lower_bound":291741.7603455484,"upper_bound":481405.9565283358},"point_estimate":368133.65061432123,"standard_error":46926.695647530476},"slope":null,"std_dev":{"confidence_interval":{"confidence_level":0.95,"lower_bound":354948.8368596197,"upper_bound":589018.649860996},"point_estimate":473705.6685595366,"standard_error":60283.669891630445}}