{"mean":{"confidence_interval":{"confidence_level":0.95,"lower_bound":9872488.866541663,"upper_bound":10080200.659249997},"point_estimate":9970615.281666664,"standard_error":53099.06620230014},"median":{"confidence_interval":{"confidence_level":0.95,"lower_bound":9786554.166666666,"upper_bound":10020906.5},"point_estimate":9918938.833333332,"standard_error":60756.02745661915},"median_abs_dev":{"confidence_interval":{"confidence_level":0.95,"lower_bound":322242.7336290491,"upper_bound":513107.7122405176},"point_estimate":416330.13410866354,"standard_error":48437.690248448715},"slope":null,"std_dev":{"confidence_interval":{"confidence_level":0.95,"lower_bound":360135.5784558699,"upper_bound":700460.4214811835},"point_estimate":533522.809221045,"standard_error":88548.49085787374}}