{"mean":{"confidence_interval":{"confidence_level":0.95,"lower_bound":11714006.493449997,"upper_bound":11907468.595900005},"point_estimate":11810760.496000003,"standard_error":49602.98217055761},"median":{"confidence_interval":{"confidence_level":0.95,"lower_bound":11659963.4,"upper_bound":11917016.8},"point_estimate":11767854.6,"standard_error":66643.20315570738},"median_abs_dev":{"confidence_interval":{"confidence_level":0.95,"lower_bound":420797.30666935496,"upper_bound":644109.1833847763},"point_estimate":553076.5071809292,"standard_error":56803.451356751895},"slope":null,"std_dev":{"confidence_interval":{"confidence_level":0.95,"lower_bound":435111.8902115149,"upper_bound":556892.9523491447},"point_estimate":499336.9675695416,"standard_error":31116.026691410523}}