{"mean":{"confidence_interval":{"confidence_level":0.95,"lower_bound":13836326.233874999,"upper_bound":14239955.090124998},"point_estimate":14034026.3175,"standard_error":103260.12594408264},"median":{"confidence_interval":{"confidence_level":0.95,"lower_bound":13621093.375,"upper_bound":13954832.75},"point_estimate":13760619.25,"standard_error":72174.84849942512},"median_abs_dev":{"confidence_interval":{"confidence_level":0.95,"lower_bound":548157.7964432538,"upper_bound":1030857.6920986176},"point_estimate":770567.2516196966,"standard_error":123966.06340184319},"slope":null,"std_dev":{"confidence_interval":{"confidence_level":0.95,"lower_bound":860350.697121091,"upper_bound":1193641.1249412587},"point_estimate":1038460.179868457,"standard_error":84971.32334071668}}