{"mean":{"confidence_interval":{"confidence_level":0.95,"lower_bound":12005951.4139375,"upper_bound":12314600.0773125},"point_estimate":12156129.805,"standard_error":78955.3523774899},"median":{"confidence_interval":{"confidence_level":0.95,"lower_bound":11785279.75,"upper_bound":12115205.0},"point_estimate":11946542.5,"standard_error":77357.04350587992},"median_abs_dev":{"confidence_interval":{"confidence_level":0.95,"lower_bound":501767.61391684413,"upper_bound":926921.8741938472},"point_estimate":716318.5479328036,"standard_error":110100.12288979406},"slope":null,"std_dev":{"confidence_interval":{"confidence_level":0.95,"lower_bound":665625.3730842331,"upper_bound":912192.197935352},"point_estimate":794921.7008821788,"standard_error":63083.283627821984}}