{"mean":{"confidence_interval":{"confidence_level":0.95,"lower_bound":13910231.562375,"upper_bound":14105116.0385625},"point_estimate":14002187.19,"standard_error":49314.75117184898},"median":{"confidence_interval":{"confidence_level":0.95,"lower_bound":13861668.125,"upper_bound":14054425.059374994},"point_estimate":13934956.375,"standard_error":52062.25860066219},"median_abs_dev":{"confidence_interval":{"confidence_level":0.95,"lower_bound":331920.7756072283,"upper_bound":522492.9808776452},"point_estimate":446415.67052453756,"standard_error":49111.15260692908},"slope":null,"std_dev":{"confidence_interval":{"confidence_level":0.95,"lower_bound":354688.71626879025,"upper_bound":659886.1811197954},"point_estimate":498376.60723275796,"standard_error":82685.01890603322}}