{"mean":{"confidence_interval":{"confidence_level":0.95,"lower_bound":10306255.336100005,"upper_bound":10352643.758899998},"point_estimate":10327338.010000002,"standard_error":11885.974455363516},"median":{"confidence_interval":{"confidence_level":0.95,"lower_bound":10283281.6,"upper_bound":10295521.9},"point_estimate":10288041.8,"standard_error":3424.1943919234072},"median_abs_dev":{"confidence_interval":{"confidence_level":0.95,"lower_bound":18429.014192819872,"upper_bound":36798.7243866926},"point_estimate":26464.706050157823,"standard_error":4407.639131882389},"slope":null,"std_dev":{"confidence_interval":{"confidence_level":0.95,"lower_bound":65239.98285573715,"upper_bound":164333.75122078188},"point_estimate":119872.2734381821,"standard_error":25407.047511827554}}