{"mean":{"confidence_interval":{"confidence_level":0.95,"lower_bound":11330131.745099999,"upper_bound":11573991.656699996},"point_estimate":11445486.564,"standard_error":62029.60243544739},"median":{"confidence_interval":{"confidence_level":0.95,"lower_bound":11207332.8,"upper_bound":11403128.4},"point_estimate":11311902.4,"standard_error":45958.94627328596},"median_abs_dev":{"confidence_interval":{"confidence_level":0.95,"lower_bound":331780.66990971565,"upper_bound":587246.4335542901},"point_estimate":447133.6195617914,"standard_error":62648.87791120375},"slope":null,"std_dev":{"confidence_interval":{"confidence_level":0.95,"lower_bound":454831.8126334323,"upper_bound":814265.1167812599},"point_estimate":621115.9346312571,"standard_error":98760.1904335018}}