{"mean":{"confidence_interval":{"confidence_level":0.95,"lower_bound":10507610.08074999,"upper_bound":12083596.177849991},"point_estimate":11045135.989999998,"standard_error":502512.69527346286},"median":{"confidence_interval":{"confidence_level":0.95,"lower_bound":10447923.4,"upper_bound":10517523.8},"point_estimate":10468153.4,"standard_error":14721.499552949628},"median_abs_dev":{"confidence_interval":{"confidence_level":0.95,"lower_bound":106065.2836599659,"upper_bound":177438.75092983356},"point_estimate":140521.41854524668,"standard_error":18368.474353550653},"slope":null,"std_dev":{"confidence_interval":{"confidence_level":0.95,"lower_bound":172729.54319530592,"upper_bound":8677418.413233116},"point_estimate":5062108.735796287,"standard_error":3078616.9554198673}}