{"mean":{"confidence_interval":{"confidence_level":0.95,"lower_bound":11946218.144949997,"upper_bound":12232343.203949997},"point_estimate":12082750.240000002,"standard_error":73156.85382558915},"median":{"confidence_interval":{"confidence_level":0.95,"lower_bound":11820465.6,"upper_bound":12122346.5},"point_estimate":11920852.5,"standard_error":73130.65684921414},"median_abs_dev":{"confidence_interval":{"confidence_level":0.95,"lower_bound":447361.1986577511,"upper_bound":756979.3711209291},"point_estimate":606914.9013251066,"standard_error":78180.28805909914},"slope":null,"std_dev":{"confidence_interval":{"confidence_level":0.95,"lower_bound":541827.7529935257,"upper_bound":939395.452908942},"point_estimate":734089.3800393377,"standard_error":104803.28536506358}}