{"mean":{"confidence_interval":{"confidence_level":0.95,"lower_bound":12430807.39505,"upper_bound":12632381.431300001},"point_estimate":12526601.261999996,"standard_error":51400.93369774725},"median":{"confidence_interval":{"confidence_level":0.95,"lower_bound":12361632.100000001,"upper_bound":12453587.8},"point_estimate":12391453.9,"standard_error":26629.618877885237},"median_abs_dev":{"confidence_interval":{"confidence_level":0.95,"lower_bound":165335.5460447084,"upper_bound":290226.51352044806},"point_estimate":229951.40417754732,"standard_error":31597.163490655614},"slope":null,"std_dev":{"confidence_interval":{"confidence_level":0.95,"lower_bound":357272.81917314883,"upper_bound":655183.9203394277},"point_estimate":518377.6245302078,"standard_error":75793.94810888034}}