{"mean":{"confidence_interval":{"confidence_level":0.95,"lower_bound":10239826.264999999,"upper_bound":10389095.067750003},"point_estimate":10314373.270000005,"standard_error":37956.79001519744},"median":{"confidence_interval":{"confidence_level":0.95,"lower_bound":10275610.4,"upper_bound":10293588.4},"point_estimate":10285030.4,"standard_error":4172.324777094102},"median_abs_dev":{"confidence_interval":{"confidence_level":0.95,"lower_bound":24889.740098116574,"upper_bound":55686.46983736754},"point_estimate":39570.74155747835,"standard_error":7702.781943764581},"slope":null,"std_dev":{"confidence_interval":{"confidence_level":0.95,"lower_bound":254282.2842202677,"upper_bound":488524.0787101055},"point_estimate":381405.9012047474,"standard_error":59621.51204459929}}