{"mean":{"confidence_interval":{"confidence_level":0.95,"lower_bound":10959685.50615,"upper_bound":10997825.05095},"point_estimate":10978265.072,"standard_error":9723.216995398689},"median":{"confidence_interval":{"confidence_level":0.95,"lower_bound":10941328.2,"upper_bound":10984888.4},"point_estimate":10970448.4,"standard_error":10903.008138408019},"median_abs_dev":{"confidence_interval":{"confidence_level":0.95,"lower_bound":60015.572804512216,"upper_bound":99409.07324163614},"point_estimate":82210.76158046778,"standard_error":10362.162321811156},"slope":null,"std_dev":{"confidence_interval":{"confidence_level":0.95,"lower_bound":80289.22832600822,"upper_bound":112815.23036220677},"point_estimate":97624.66745879348,"standard_error":8311.210273714009}}