{"mean":{"confidence_interval":{"confidence_level":0.95,"lower_bound":13335012.682500001,"upper_bound":13493305.023},"point_estimate":13410173.735,"standard_error":40487.789135282794},"median":{"confidence_interval":{"confidence_level":0.95,"lower_bound":13232095.0,"upper_bound":13385147.75},"point_estimate":13283646.0,"standard_error":40732.939795815975},"median_abs_dev":{"confidence_interval":{"confidence_level":0.95,"lower_bound":179009.12082195282,"upper_bound":352013.9897380023},"point_estimate":236442.63457730412,"standard_error":41140.12060095443},"slope":null,"std_dev":{"confidence_interval":{"confidence_level":0.95,"lower_bound":287467.49595528113,"upper_bound":516533.0980673494},"point_estimate":406252.0175911808,"standard_error":58745.065797144875}}