{"mean":{"confidence_interval":{"confidence_level":0.95,"lower_bound":10452185.915850002,"upper_bound":10548808.37095},"point_estimate":10496933.821999999,"standard_error":24732.432161076216},"median":{"confidence_interval":{"confidence_level":0.95,"lower_bound":10377836.4,"upper_bound":10471467.2},"point_estimate":10416056.6,"standard_error":25936.627978975564},"median_abs_dev":{"confidence_interval":{"confidence_level":0.95,"lower_bound":87755.46679852904,"upper_bound":180285.34287929646},"point_estimate":125072.72681951578,"standard_error":25924.870762303435},"slope":null,"std_dev":{"confidence_interval":{"confidence_level":0.95,"lower_bound":156494.06374055,"upper_bound":342398.1206751733},"point_estimate":249951.68694137584,"standard_error":49120.37462247242}}