{"mean":{"confidence_interval":{"confidence_level":0.95,"lower_bound":11323065.43795,"upper_bound":11636978.997349992},"point_estimate":11473997.974000003,"standard_error":80180.82890752789},"median":{"confidence_interval":{"confidence_level":0.95,"lower_bound":11147623.4,"upper_bound":11457443.8},"point_estimate":11304088.3,"standard_error":78194.48447729822},"median_abs_dev":{"confidence_interval":{"confidence_level":0.95,"lower_bound":456298.7560790761,"upper_bound":764268.4589900231},"point_estimate":608206.3941621761,"standard_error":76530.42716095858},"slope":null,"std_dev":{"confidence_interval":{"confidence_level":0.95,"lower_bound":620566.2293866352,"upper_bound":975165.6000557946},"point_estimate":807753.2265962244,"standard_error":90849.76546454053}}