{"mean":{"confidence_interval":{"confidence_level":0.95,"lower_bound":9892342.377416665,"upper_bound":10182565.59475},"point_estimate":10032585.96166667,"standard_error":74056.47927437875},"median":{"confidence_interval":{"confidence_level":0.95,"lower_bound":9657848.166666666,"upper_bound":10107798.916666666},"point_estimate":9888264.916666668,"standard_error":103737.5778801431},"median_abs_dev":{"confidence_interval":{"confidence_level":0.95,"lower_bound":495633.41830074694,"upper_bound":860662.8752201786},"point_estimate":704322.4608957767,"standard_error":88110.83198890327},"slope":null,"std_dev":{"confidence_interval":{"confidence_level":0.95,"lower_bound":593343.2613154971,"upper_bound":877182.8943858771},"point_estimate":743259.3206895946,"standard_error":72416.1010106477}}