{"mean":{"confidence_interval":{"confidence_level":0.95,"lower_bound":11235558.587149998,"upper_bound":11399876.061100006},"point_estimate":11301944.3,"standard_error":43169.226350831974},"median":{"confidence_interval":{"confidence_level":0.95,"lower_bound":11217858.8,"upper_bound":11243279.0},"point_estimate":11231708.7,"standard_error":6254.786692479487},"median_abs_dev":{"confidence_interval":{"confidence_level":0.95,"lower_bound":49548.42440334122,"upper_bound":102478.49626064135},"point_estimate":78430.27990758419,"standard_error":13057.47685316644},"slope":null,"std_dev":{"confidence_interval":{"confidence_level":0.95,"lower_bound":119692.88560429127,"upper_bound":703650.5429677411},"point_estimate":433926.0865258477,"standard_error":177411.62597121895}}