{"mean":{"confidence_interval":{"confidence_level":0.95,"lower_bound":11702709.529699998,"upper_bound":12381118.337199993},"point_estimate":11965442.533999996,"standard_error":182860.5208380551},"median":{"confidence_interval":{"confidence_level":0.95,"lower_bound":11573195.7,"upper_bound":11821649.8},"point_estimate":11693782.399999999,"standard_error":61732.65418399291},"median_abs_dev":{"confidence_interval":{"confidence_level":0.95,"lower_bound":392555.70455074473,"upper_bound":668185.4431163362},"point_estimate":538155.769305826,"standard_error":71235.60374133998},"slope":null,"std_dev":{"confidence_interval":{"confidence_level":0.95,"lower_bound":493644.5328928866,"upper_bound":3054329.7993205013},"point_estimate":1843589.9900061223,"standard_error":857345.586367734}}