{"mean":{"confidence_interval":{"confidence_level":0.95,"lower_bound":11817025.8673,"upper_bound":12099689.08435},"point_estimate":11951682.697999997,"standard_error":72336.7442783347},"median":{"confidence_interval":{"confidence_level":0.95,"lower_bound":11665999.3,"upper_bound":11894857.7},"point_estimate":11772126.4,"standard_error":58075.67144270469},"median_abs_dev":{"confidence_interval":{"confidence_level":0.95,"lower_bound":392849.85238552175,"upper_bound":622651.7104102215},"point_estimate":556679.3733769649,"standard_error":58904.272044922756},"slope":null,"std_dev":{"confidence_interval":{"confidence_level":0.95,"lower_bound":542039.9881922607,"upper_bound":880160.3523338662},"point_estimate":723615.8560704049,"standard_error":87066.2209093607}}