{"mean":{"confidence_interval":{"confidence_level":0.95,"lower_bound":11672896.092700003,"upper_bound":12024901.919849992},"point_estimate":11842415.007999992,"standard_error":89859.331278627},"median":{"confidence_interval":{"confidence_level":0.95,"lower_bound":11510072.2,"upper_bound":11908854.3},"point_estimate":11684130.8,"standard_error":110429.16962112802},"median_abs_dev":{"confidence_interval":{"confidence_level":0.95,"lower_bound":538628.5667309316,"upper_bound":840342.1128809452},"point_estimate":653415.0186395651,"standard_error":78888.0700261984},"slope":null,"std_dev":{"confidence_interval":{"confidence_level":0.95,"lower_bound":697761.8552657041,"upper_bound":1104665.221977268},"point_estimate":903053.4035053276,"standard_error":104989.03137315619}}