{"mean":{"confidence_interval":{"confidence_level":0.95,"lower_bound":11174142.924150003,"upper_bound":11323112.025099998},"point_estimate":11232525.840000002,"standard_error":39802.835076799856},"median":{"confidence_interval":{"confidence_level":0.95,"lower_bound":11166548.4,"upper_bound":11238529.8},"point_estimate":11208319.2,"standard_error":18002.436127158388},"median_abs_dev":{"confidence_interval":{"confidence_level":0.95,"lower_bound":120641.53201818411,"upper_bound":189094.06606940817},"point_estimate":161250.68659722887,"standard_error":17733.575266139796},"slope":null,"std_dev":{"confidence_interval":{"confidence_level":0.95,"lower_bound":125446.63300311351,"upper_bound":664509.5715277784},"point_estimate":401663.3088343963,"standard_error":183543.60695105937}}