{"mean":{"confidence_interval":{"confidence_level":0.95,"lower_bound":12843114.53825,"upper_bound":12954263.794750001},"point_estimate":12897048.28,"standard_error":28397.199852363516},"median":{"confidence_interval":{"confidence_level":0.95,"lower_bound":12834784.375,"upper_bound":12925110.0},"point_estimate":12893872.25,"standard_error":26110.446578083942},"median_abs_dev":{"confidence_interval":{"confidence_level":0.95,"lower_bound":179321.7640914023,"upper_bound":308104.84560504556},"point_estimate":258122.50866740942,"standard_error":34086.593006557196},"slope":null,"std_dev":{"confidence_interval":{"confidence_level":0.95,"lower_bound":227158.2539498132,"upper_bound":348763.6090424152},"point_estimate":286734.3999311807,"standard_error":31553.216981454705}}