{"mean":{"confidence_interval":{"confidence_level":0.95,"lower_bound":512.216804229858,"upper_bound":520.4742146323847},"point_estimate":516.1790638818524,"standard_error":2.080855813477884},"median":{"confidence_interval":{"confidence_level":0.95,"lower_bound":514.4098906858341,"upper_bound":516.4421722156155},"point_estimate":515.3991589778683,"standard_error":0.4340698034488706},"median_abs_dev":{"confidence_interval":{"confidence_level":0.95,"lower_bound":3.5042519379933053,"upper_bound":7.086765710662747},"point_estimate":5.295715875585456,"standard_error":1.01581851313282},"slope":{"confidence_interval":{"confidence_level":0.95,"lower_bound":514.4402402317955,"upper_bound":520.5452890515985},"point_estimate":516.949794867124,"standard_error":1.5744058212150824},"std_dev":{"confidence_interval":{"confidence_level":0.95,"lower_bound":7.829708827723847,"upper_bound":31.85001257989781},"point_estimate":21.028133935887006,"standard_error":6.263319976616884}}