{"mean":{"confidence_interval":{"confidence_level":0.95,"lower_bound":781941.2422778038,"upper_bound":829456.0753056342},"point_estimate":804624.2713259758,"standard_error":12094.697697177211},"median":{"confidence_interval":{"confidence_level":0.95,"lower_bound":789788.1133781949,"upper_bound":827328.6912778579},"point_estimate":814947.4423400674,"standard_error":9939.446175358524},"median_abs_dev":{"confidence_interval":{"confidence_level":0.95,"lower_bound":63030.68057315685,"upper_bound":127840.00599496954},"point_estimate":91926.54984089504,"standard_error":16605.866501880435},"slope":{"confidence_interval":{"confidence_level":0.95,"lower_bound":807197.8209201002,"upper_bound":837211.1710601441},"point_estimate":822397.2579267031,"standard_error":7628.876435037944},"std_dev":{"confidence_interval":{"confidence_level":0.95,"lower_bound":89339.34636559413,"upper_bound":157146.8415930421},"point_estimate":121288.15192077329,"standard_error":18191.42793881592}}