{"mean":{"confidence_interval":{"confidence_level":0.95,"lower_bound":2290498.3534999997,"upper_bound":2399950.737642857},"point_estimate":2344161.3557142857,"standard_error":27922.06282158735},"median":{"confidence_interval":{"confidence_level":0.95,"lower_bound":2281175.833333333,"upper_bound":2353879.095238095},"point_estimate":2322082.1904761903,"standard_error":21744.2749723374},"median_abs_dev":{"confidence_interval":{"confidence_level":0.95,"lower_bound":178797.88562570297,"upper_bound":345975.43505770824},"point_estimate":275004.89221768716,"standard_error":44706.34815661829},"slope":null,"std_dev":{"confidence_interval":{"confidence_level":0.95,"lower_bound":230594.35916780404,"upper_bound":332150.33586765267},"point_estimate":280401.26919684967,"standard_error":26180.47625687905}}