{"mean":{"confidence_interval":{"confidence_level":0.95,"lower_bound":885922.8727777384,"upper_bound":917163.4635612256},"point_estimate":901397.4719564493,"standard_error":7984.803248621601},"median":{"confidence_interval":{"confidence_level":0.95,"lower_bound":871500.747311828,"upper_bound":912521.0},"point_estimate":889650.5753246753,"standard_error":9904.045854963304},"median_abs_dev":{"confidence_interval":{"confidence_level":0.95,"lower_bound":52302.40579516135,"upper_bound":86393.71056795328},"point_estimate":69283.71102007522,"standard_error":8749.016659603814},"slope":{"confidence_interval":{"confidence_level":0.95,"lower_bound":898162.4341358425,"upper_bound":934953.7643359861},"point_estimate":915581.735368701,"standard_error":9390.731925277516},"std_dev":{"confidence_interval":{"confidence_level":0.95,"lower_bound":67776.41185747171,"upper_bound":91385.70686827201},"point_estimate":80401.99533557979,"standard_error":6025.367095769816}}