{"mean":{"confidence_interval":{"confidence_level":0.95,"lower_bound":1452520.775291563,"upper_bound":1536761.8822295733},"point_estimate":1493252.1025079605,"standard_error":21580.867382869863},"median":{"confidence_interval":{"confidence_level":0.95,"lower_bound":1413626.0545454544,"upper_bound":1479797.4222222222},"point_estimate":1447892.8352272727,"standard_error":17457.327623603385},"median_abs_dev":{"confidence_interval":{"confidence_level":0.95,"lower_bound":98762.82067994279,"upper_bound":181551.1740405968},"point_estimate":134332.506309249,"standard_error":21231.51371445085},"slope":{"confidence_interval":{"confidence_level":0.95,"lower_bound":1529154.9784329145,"upper_bound":1667056.3163478584},"point_estimate":1598224.6309265553,"standard_error":35219.11556886423},"std_dev":{"confidence_interval":{"confidence_level":0.95,"lower_bound":168958.6854608533,"upper_bound":263104.5802017847},"point_estimate":217718.89422571938,"standard_error":24168.118192934926}}