{"mean":{"confidence_interval":{"confidence_level":0.95,"lower_bound":1419196.186097744,"upper_bound":1481992.6526137136},"point_estimate":1448988.5302054677,"standard_error":16035.29314893217},"median":{"confidence_interval":{"confidence_level":0.95,"lower_bound":1405853.224489796,"upper_bound":1451681.899612403},"point_estimate":1428486.769268775,"standard_error":10652.555579333162},"median_abs_dev":{"confidence_interval":{"confidence_level":0.95,"lower_bound":73310.78890747421,"upper_bound":119117.75440916065},"point_estimate":91004.66587174314,"standard_error":11972.176764130987},"slope":{"confidence_interval":{"confidence_level":0.95,"lower_bound":1441940.1310844661,"upper_bound":1513572.007384475},"point_estimate":1476402.38517807,"standard_error":18275.441945663755},"std_dev":{"confidence_interval":{"confidence_level":0.95,"lower_bound":110812.63549734649,"upper_bound":215527.24164388442},"point_estimate":161243.14190340828,"standard_error":27903.323265494688}}