{"mean":{"confidence_interval":{"confidence_level":0.95,"lower_bound":1551541.0123149636,"upper_bound":1747748.3804979129},"point_estimate":1646729.613701283,"standard_error":50031.360293323785},"median":{"confidence_interval":{"confidence_level":0.95,"lower_bound":1441189.7833333332,"upper_bound":1674379.888888889},"point_estimate":1548453.2702702703,"standard_error":61575.43175005066},"median_abs_dev":{"confidence_interval":{"confidence_level":0.95,"lower_bound":325527.48141876224,"upper_bound":549176.1581764155},"point_estimate":425717.6066634302,"standard_error":59066.438246876525},"slope":{"confidence_interval":{"confidence_level":0.95,"lower_bound":1449528.8716169836,"upper_bound":1665405.895490558},"point_estimate":1554948.61709768,"standard_error":55127.779836441965},"std_dev":{"confidence_interval":{"confidence_level":0.95,"lower_bound":403048.1191608514,"upper_bound":601322.0858281156},"point_estimate":502924.34009479993,"standard_error":51124.957014153784}}