{"mean":{"confidence_interval":{"confidence_level":0.95,"lower_bound":1224545.707427557,"upper_bound":1327987.9813572234},"point_estimate":1272320.5085403582,"standard_error":26574.18592032006},"median":{"confidence_interval":{"confidence_level":0.95,"lower_bound":1196660.7648401828,"upper_bound":1254730.2542372881},"point_estimate":1220166.4377622376,"standard_error":15122.246897291187},"median_abs_dev":{"confidence_interval":{"confidence_level":0.95,"lower_bound":96105.19521246672,"upper_bound":177971.3106294533},"point_estimate":134570.34564714885,"standard_error":20560.16478014346},"slope":{"confidence_interval":{"confidence_level":0.95,"lower_bound":1219150.3215658772,"upper_bound":1281899.0829288077},"point_estimate":1248910.6092419093,"standard_error":16022.395272839161},"std_dev":{"confidence_interval":{"confidence_level":0.95,"lower_bound":166124.84158065892,"upper_bound":374186.5297110132},"point_estimate":267179.1364843767,"standard_error":56769.46441368183}}