{"mean":{"confidence_interval":{"confidence_level":0.95,"lower_bound":13617300.64625,"upper_bound":13909825.190437501},"point_estimate":13759382.2375,"standard_error":74662.01350730463},"median":{"confidence_interval":{"confidence_level":0.95,"lower_bound":13549134.75,"upper_bound":13805061.25},"point_estimate":13696660.5,"standard_error":72335.68478395407},"median_abs_dev":{"confidence_interval":{"confidence_level":0.95,"lower_bound":456828.71143966913,"upper_bound":812080.792182684},"point_estimate":593358.7484657764,"standard_error":91808.71954222373},"slope":null,"std_dev":{"confidence_interval":{"confidence_level":0.95,"lower_bound":605482.7936950962,"upper_bound":886143.4733582418},"point_estimate":749702.8654450008,"standard_error":71590.32917125551}}