{"mean":{"confidence_interval":{"confidence_level":0.95,"lower_bound":10669483.110849999,"upper_bound":10766646.91765},"point_estimate":10718078.472000001,"standard_error":24805.335069629244},"median":{"confidence_interval":{"confidence_level":0.95,"lower_bound":10642194.8,"upper_bound":10759326.1},"point_estimate":10699995.5,"standard_error":32072.6206786621},"median_abs_dev":{"confidence_interval":{"confidence_level":0.95,"lower_bound":205757.5965070719,"upper_bound":330445.8110234146},"point_estimate":276270.6442952156,"standard_error":31307.385030441772},"slope":null,"std_dev":{"confidence_interval":{"confidence_level":0.95,"lower_bound":218067.19477703507,"upper_bound":276091.2043932248},"point_estimate":248682.9431419636,"standard_error":14815.352698687899}}