{"mean":{"confidence_interval":{"confidence_level":0.95,"lower_bound":85087.51601967624,"upper_bound":87252.89886816559},"point_estimate":85993.12583515805,"standard_error":560.286668439247},"median":{"confidence_interval":{"confidence_level":0.95,"lower_bound":84350.77401129944,"upper_bound":85437.73284313726},"point_estimate":85034.47349101666,"standard_error":289.28157152973523},"median_abs_dev":{"confidence_interval":{"confidence_level":0.95,"lower_bound":1266.901173790896,"upper_bound":2324.994108904734},"point_estimate":1763.5201493988068,"standard_error":276.703214336477},"slope":{"confidence_interval":{"confidence_level":0.95,"lower_bound":84716.76272257457,"upper_bound":85466.72125674505},"point_estimate":85078.07412147184,"standard_error":190.67124505697575},"std_dev":{"confidence_interval":{"confidence_level":0.95,"lower_bound":2347.1868569499047,"upper_bound":8830.802019916631},"point_estimate":5628.6790721965735,"standard_error":2000.022206506854}}