{"mean":{"confidence_interval":{"confidence_level":0.95,"lower_bound":86724.69045351847,"upper_bound":88975.34278948815},"point_estimate":87684.25784497082,"standard_error":582.3086142975018},"median":{"confidence_interval":{"confidence_level":0.95,"lower_bound":86161.93835616438,"upper_bound":87220.48333333334},"point_estimate":86836.75796130951,"standard_error":276.335817366124},"median_abs_dev":{"confidence_interval":{"confidence_level":0.95,"lower_bound":1949.3748409733118,"upper_bound":3151.313279557931},"point_estimate":2673.2615176847885,"standard_error":312.02377564159633},"slope":{"confidence_interval":{"confidence_level":0.95,"lower_bound":86558.78424987689,"upper_bound":87519.04070317528},"point_estimate":87029.24849933501,"standard_error":243.73280346901032},"std_dev":{"confidence_interval":{"confidence_level":0.95,"lower_bound":2505.557791044996,"upper_bound":9097.385794885726},"point_estimate":5844.674570364742,"standard_error":1985.7244976242757}}