{"mean":{"confidence_interval":{"confidence_level":0.95,"lower_bound":80729.22997147424,"upper_bound":82627.58866786091},"point_estimate":81580.35132111605,"standard_error":488.04861696661254},"median":{"confidence_interval":{"confidence_level":0.95,"lower_bound":79999.77945804196,"upper_bound":80353.33021978021},"point_estimate":80174.88648018648,"standard_error":98.09977461954574},"median_abs_dev":{"confidence_interval":{"confidence_level":0.95,"lower_bound":614.0807916940357,"upper_bound":1155.1003400918394},"point_estimate":888.2095569605171,"standard_error":144.07091123244226},"slope":{"confidence_interval":{"confidence_level":0.95,"lower_bound":81030.08098239463,"upper_bound":83601.32921407279},"point_estimate":82167.37365722794,"standard_error":662.402748446641},"std_dev":{"confidence_interval":{"confidence_level":0.95,"lower_bound":2532.771207457929,"upper_bound":6809.672280819999},"point_estimate":4903.267144034014,"standard_error":1087.5137145596248}}