{"mean":{"confidence_interval":{"confidence_level":0.95,"lower_bound":115873.61943153625,"upper_bound":120786.71821291746},"point_estimate":118160.75585510807,"standard_error":1255.5538463259238},"median":{"confidence_interval":{"confidence_level":0.95,"lower_bound":112868.1261574074,"upper_bound":116186.03333333334},"point_estimate":114071.36507936509,"standard_error":1007.2397695432143},"median_abs_dev":{"confidence_interval":{"confidence_level":0.95,"lower_bound":4315.771588138184,"upper_bound":8105.021453443786},"point_estimate":5791.534735107389,"standard_error":964.2505251934765},"slope":{"confidence_interval":{"confidence_level":0.95,"lower_bound":115330.52231581959,"upper_bound":119613.10541742221},"point_estimate":117297.69243387025,"standard_error":1095.926416130727},"std_dev":{"confidence_interval":{"confidence_level":0.95,"lower_bound":8107.582202035899,"upper_bound":16877.855894399974},"point_estimate":12650.299915599335,"standard_error":2268.8490447739855}}