{"mean":{"confidence_interval":{"confidence_level":0.95,"lower_bound":138846.16173937777,"upper_bound":143849.2565382752},"point_estimate":141230.56331935452,"standard_error":1278.0364491502417},"median":{"confidence_interval":{"confidence_level":0.95,"lower_bound":134972.56462585033,"upper_bound":140492.12},"point_estimate":138046.2641723356,"standard_error":1312.2680584065627},"median_abs_dev":{"confidence_interval":{"confidence_level":0.95,"lower_bound":5239.859929641593,"upper_bound":8913.430754254956},"point_estimate":6114.081760500965,"standard_error":949.455746043495},"slope":{"confidence_interval":{"confidence_level":0.95,"lower_bound":139752.8333400076,"upper_bound":145985.82566716112},"point_estimate":142735.67242415927,"standard_error":1594.2027664554441},"std_dev":{"confidence_interval":{"confidence_level":0.95,"lower_bound":9366.161563243038,"upper_bound":16041.57436079798},"point_estimate":12869.12258703582,"standard_error":1716.2223679794051}}