{"mean":{"confidence_interval":{"confidence_level":0.95,"lower_bound":95533.89404853385,"upper_bound":100987.50488573062},"point_estimate":97645.7815049667,"standard_error":1460.8533127982648},"median":{"confidence_interval":{"confidence_level":0.95,"lower_bound":94690.16296296296,"upper_bound":96583.45236291486},"point_estimate":95637.67484795133,"standard_error":506.8806773473593},"median_abs_dev":{"confidence_interval":{"confidence_level":0.95,"lower_bound":2558.7451645731903,"upper_bound":4558.509205964802},"point_estimate":3323.9222759976583,"standard_error":508.05518235216005},"slope":{"confidence_interval":{"confidence_level":0.95,"lower_bound":95515.18725070258,"upper_bound":97151.42410323332},"point_estimate":96309.48175794297,"standard_error":417.5596433147151},"std_dev":{"confidence_interval":{"confidence_level":0.95,"lower_bound":4119.389302218839,"upper_bound":24517.91811189724},"point_estimate":14773.762910210018,"standard_error":6873.323108690218}}