{"mean":{"confidence_interval":{"confidence_level":0.95,"lower_bound":98671.40755200517,"upper_bound":100580.42695396868},"point_estimate":99516.97686573876,"standard_error":490.68757375204893},"median":{"confidence_interval":{"confidence_level":0.95,"lower_bound":98442.26455696202,"upper_bound":99583.18541666666},"point_estimate":99106.21368038742,"standard_error":289.12631574530644},"median_abs_dev":{"confidence_interval":{"confidence_level":0.95,"lower_bound":1637.1281836882538,"upper_bound":2956.310996203439},"point_estimate":2082.9080415633784,"standard_error":326.72076297772395},"slope":{"confidence_interval":{"confidence_level":0.95,"lower_bound":98882.63166180551,"upper_bound":100084.89782651984},"point_estimate":99455.12810758091,"standard_error":305.52272854574323},"std_dev":{"confidence_interval":{"confidence_level":0.95,"lower_bound":2417.341939371547,"upper_bound":7513.831924146945},"point_estimate":4922.7246768857585,"standard_error":1507.585036776293}}