{"mean":{"confidence_interval":{"confidence_level":0.95,"lower_bound":86364.29409937255,"upper_bound":88427.31438652615},"point_estimate":87311.55613111325,"standard_error":528.3820384251165},"median":{"confidence_interval":{"confidence_level":0.95,"lower_bound":85936.361010467,"upper_bound":87538.29494382022},"point_estimate":86768.33682586096,"standard_error":445.3248027853752},"median_abs_dev":{"confidence_interval":{"confidence_level":0.95,"lower_bound":2523.147896891795,"upper_bound":4037.2402928557544},"point_estimate":3290.4131997302507,"standard_error":380.84772864131963},"slope":{"confidence_interval":{"confidence_level":0.95,"lower_bound":86442.45213857494,"upper_bound":87845.71141122526},"point_estimate":87139.11057361706,"standard_error":358.5620312380536},"std_dev":{"confidence_interval":{"confidence_level":0.95,"lower_bound":3108.9855294321414,"upper_bound":7535.23924565901},"point_estimate":5314.463869128717,"standard_error":1185.0789650710826}}