{"mean":{"confidence_interval":{"confidence_level":0.95,"lower_bound":77648.77168422959,"upper_bound":79384.07637353017},"point_estimate":78389.66474580295,"standard_error":449.2662717889942},"median":{"confidence_interval":{"confidence_level":0.95,"lower_bound":77412.18181818182,"upper_bound":77687.45829471733},"point_estimate":77559.71017647925,"standard_error":73.07471397330002},"median_abs_dev":{"confidence_interval":{"confidence_level":0.95,"lower_bound":393.8429415655719,"upper_bound":662.3697583538114},"point_estimate":522.2641007867062,"standard_error":67.67035089995419},"slope":{"confidence_interval":{"confidence_level":0.95,"lower_bound":77695.35421651734,"upper_bound":78383.22017653732},"point_estimate":78000.9793816144,"standard_error":177.42088516336824},"std_dev":{"confidence_interval":{"confidence_level":0.95,"lower_bound":876.0211104799787,"upper_bound":6960.3721108347945},"point_estimate":4493.378889681258,"standard_error":1483.8488595170186}}