{"mean":{"confidence_interval":{"confidence_level":0.95,"lower_bound":95673.63160574538,"upper_bound":97642.19604390663},"point_estimate":96538.82147212856,"standard_error":506.1442971317527},"median":{"confidence_interval":{"confidence_level":0.95,"lower_bound":95185.26685331577,"upper_bound":95874.24557260922},"point_estimate":95462.24351557533,"standard_error":177.90396125821388},"median_abs_dev":{"confidence_interval":{"confidence_level":0.95,"lower_bound":1396.7035224762835,"upper_bound":2218.835529856821},"point_estimate":1851.2021895944847,"standard_error":202.85237584970713},"slope":{"confidence_interval":{"confidence_level":0.95,"lower_bound":95109.60050632506,"upper_bound":97847.41570355307},"point_estimate":96109.44962693284,"standard_error":749.7854162979137},"std_dev":{"confidence_interval":{"confidence_level":0.95,"lower_bound":2229.807394114115,"upper_bound":7486.749753896718},"point_estimate":5076.060317580588,"standard_error":1369.222765883517}}