{"mean":{"confidence_interval":{"confidence_level":0.95,"lower_bound":79105.64425884698,"upper_bound":81142.88295761294},"point_estimate":79954.03940480266,"standard_error":528.1269185820383},"median":{"confidence_interval":{"confidence_level":0.95,"lower_bound":78958.90574214517,"upper_bound":79250.72859216256},"point_estimate":79122.22722416473,"standard_error":69.17536372197489},"median_abs_dev":{"confidence_interval":{"confidence_level":0.95,"lower_bound":437.97776094285194,"upper_bound":815.8837362674396},"point_estimate":645.3483822432519,"standard_error":96.99687881836527},"slope":{"confidence_interval":{"confidence_level":0.95,"lower_bound":79057.15697911612,"upper_bound":79584.85564268992},"point_estimate":79268.27662184129,"standard_error":136.71106820242588},"std_dev":{"confidence_interval":{"confidence_level":0.95,"lower_bound":1357.9106380246626,"upper_bound":8429.321169792336},"point_estimate":5305.543022787394,"standard_error":1918.0798455775898}}