{"mean":{"confidence_interval":{"confidence_level":0.95,"lower_bound":107305.50014638813,"upper_bound":112621.25561968579},"point_estimate":109806.16978722585,"standard_error":1360.665029310844},"median":{"confidence_interval":{"confidence_level":0.95,"lower_bound":103509.28780487805,"upper_bound":108074.29180327868},"point_estimate":105351.58914956011,"standard_error":1318.3505071607651},"median_abs_dev":{"confidence_interval":{"confidence_level":0.95,"lower_bound":4801.378396826165,"upper_bound":8808.522321287062},"point_estimate":6283.793074703523,"standard_error":1084.8545113148614},"slope":{"confidence_interval":{"confidence_level":0.95,"lower_bound":108274.1456727104,"upper_bound":113921.58575700903},"point_estimate":110956.96522240284,"standard_error":1445.866663750914},"std_dev":{"confidence_interval":{"confidence_level":0.95,"lower_bound":9306.292972517047,"upper_bound":17790.732866449343},"point_estimate":13655.488895918392,"standard_error":2190.7837887063642}}