{"mean":{"confidence_interval":{"confidence_level":0.95,"lower_bound":80819.76883033707,"upper_bound":81369.15577057308},"point_estimate":81085.06542399492,"standard_error":139.85190689834175},"median":{"confidence_interval":{"confidence_level":0.95,"lower_bound":80668.70792735042,"upper_bound":81191.23897058824},"point_estimate":80946.1291824495,"standard_error":163.13218080084863},"median_abs_dev":{"confidence_interval":{"confidence_level":0.95,"lower_bound":750.3307723519233,"upper_bound":1313.8375277482037},"point_estimate":971.1764134185541,"standard_error":143.66032273954124},"slope":{"confidence_interval":{"confidence_level":0.95,"lower_bound":81289.64181015753,"upper_bound":81983.05306243328},"point_estimate":81628.42362322053,"standard_error":177.40167245943755},"std_dev":{"confidence_interval":{"confidence_level":0.95,"lower_bound":1084.0038721058809,"upper_bound":1692.6827363544473},"point_estimate":1400.902995095845,"standard_error":155.9239000547891}}