{"mean":{"confidence_interval":{"confidence_level":0.95,"lower_bound":79872.11054809594,"upper_bound":80937.72215183725},"point_estimate":80285.67735409187,"standard_error":284.26750541752796},"median":{"confidence_interval":{"confidence_level":0.95,"lower_bound":79708.65829959515,"upper_bound":79966.82371794872},"point_estimate":79824.45283605283,"standard_error":61.486229534680696},"median_abs_dev":{"confidence_interval":{"confidence_level":0.95,"lower_bound":406.8350966881761,"upper_bound":630.4956047064901},"point_estimate":531.3843624182902,"standard_error":57.67730227115738},"slope":{"confidence_interval":{"confidence_level":0.95,"lower_bound":79866.3525387194,"upper_bound":80492.66832856799},"point_estimate":80134.95577769946,"standard_error":162.00957214231232},"std_dev":{"confidence_interval":{"confidence_level":0.95,"lower_bound":650.5533390730114,"upper_bound":4736.1882580941765},"point_estimate":2859.494727662718,"standard_error":1302.029641820018}}