{"mean":{"confidence_interval":{"confidence_level":0.95,"lower_bound":11044832.221050002,"upper_bound":11177843.8952},"point_estimate":11104325.013999997,"standard_error":34108.88593697445},"median":{"confidence_interval":{"confidence_level":0.95,"lower_bound":11018280.9,"upper_bound":11116972.6},"point_estimate":11051011.5,"standard_error":25722.910038221245},"median_abs_dev":{"confidence_interval":{"confidence_level":0.95,"lower_bound":131034.85435366741,"upper_bound":209510.1311704548},"point_estimate":169034.3364590401,"standard_error":20615.618725702567},"slope":null,"std_dev":{"confidence_interval":{"confidence_level":0.95,"lower_bound":173031.09308387068,"upper_bound":504360.1004994928},"point_estimate":341474.0080801375,"standard_error":89625.14198241683}}