{"mean":{"confidence_interval":{"confidence_level":0.95,"lower_bound":117004.76617071997,"upper_bound":119884.16951187141},"point_estimate":118410.73122586365,"standard_error":735.8456633571494},"median":{"confidence_interval":{"confidence_level":0.95,"lower_bound":115887.14567597154,"upper_bound":118921.27777777778},"point_estimate":117200.60732160733,"standard_error":820.2998829443676},"median_abs_dev":{"confidence_interval":{"confidence_level":0.95,"lower_bound":4247.334754594734,"upper_bound":7161.991078647451},"point_estimate":5547.966237371541,"standard_error":758.9886981353462},"slope":{"confidence_interval":{"confidence_level":0.95,"lower_bound":115172.68415492466,"upper_bound":118547.79155323551},"point_estimate":116757.51445544555,"standard_error":856.2418616388926},"std_dev":{"confidence_interval":{"confidence_level":0.95,"lower_bound":5817.546921492141,"upper_bound":8882.952137275353},"point_estimate":7389.706354821703,"standard_error":787.4794771040223}}