{"mean":{"confidence_interval":{"confidence_level":0.95,"lower_bound":122772.2539948311,"upper_bound":125650.61211101274},"point_estimate":124157.22185924876,"standard_error":733.9705342473819},"median":{"confidence_interval":{"confidence_level":0.95,"lower_bound":121536.00793650794,"upper_bound":123420.09523809524},"point_estimate":122048.92079081632,"standard_error":528.797321934307},"median_abs_dev":{"confidence_interval":{"confidence_level":0.95,"lower_bound":2984.8687708175107,"upper_bound":6072.769989876324},"point_estimate":4173.609037717968,"standard_error":765.2223832237611},"slope":{"confidence_interval":{"confidence_level":0.95,"lower_bound":122553.64020076177,"upper_bound":127090.42910650079},"point_estimate":124683.97237180434,"standard_error":1165.4551595730052},"std_dev":{"confidence_interval":{"confidence_level":0.95,"lower_bound":5671.4330216199605,"upper_bound":8847.58239823611},"point_estimate":7381.635487835866,"standard_error":812.8609692565489}}