{"mean":{"confidence_interval":{"confidence_level":0.95,"lower_bound":117658.38814119382,"upper_bound":128694.45196967621},"point_estimate":122402.87358757945,"standard_error":2841.0883213027573},"median":{"confidence_interval":{"confidence_level":0.95,"lower_bound":114698.12841191067,"upper_bound":117876.94063679245},"point_estimate":116579.97432659933,"standard_error":834.8264670455715},"median_abs_dev":{"confidence_interval":{"confidence_level":0.95,"lower_bound":4691.989137533875,"upper_bound":7827.4665926532725},"point_estimate":5833.598190637476,"standard_error":803.0999379643282},"slope":{"confidence_interval":{"confidence_level":0.95,"lower_bound":117701.5697494707,"upper_bound":146150.10943339148},"point_estimate":129985.03764592877,"standard_error":7439.449744653509},"std_dev":{"confidence_interval":{"confidence_level":0.95,"lower_bound":9427.190441025852,"upper_bound":42936.5972209403},"point_estimate":28490.44179238528,"standard_error":8803.615217846835}}