{"mean":{"confidence_interval":{"confidence_level":0.95,"lower_bound":963229.2842130339,"upper_bound":994382.3922991825},"point_estimate":977225.1239187843,"standard_error":8002.739778760018},"median":{"confidence_interval":{"confidence_level":0.95,"lower_bound":950844.9679863148,"upper_bound":971783.1666666666},"point_estimate":961481.6625258799,"standard_error":5775.1867109348095},"median_abs_dev":{"confidence_interval":{"confidence_level":0.95,"lower_bound":25703.962823663373,"upper_bound":41748.30481336492},"point_estimate":32598.978136043537,"standard_error":4055.12161714629},"slope":{"confidence_interval":{"confidence_level":0.95,"lower_bound":959832.0170645368,"upper_bound":972790.2070913366},"point_estimate":966414.2836234669,"standard_error":3301.7474921547164},"std_dev":{"confidence_interval":{"confidence_level":0.95,"lower_bound":37290.595162008234,"upper_bound":111778.09493160986},"point_estimate":80174.87897211677,"standard_error":18261.604525215476}}