{"mean":{"confidence_interval":{"confidence_level":0.95,"lower_bound":947790.9754728111,"upper_bound":968306.1101710879},"point_estimate":957334.2884981084,"standard_error":5241.805690845168},"median":{"confidence_interval":{"confidence_level":0.95,"lower_bound":935901.5283270559,"upper_bound":941154.6923076923},"point_estimate":937871.3836805555,"standard_error":1249.1823298497877},"median_abs_dev":{"confidence_interval":{"confidence_level":0.95,"lower_bound":6740.966240237764,"upper_bound":27807.631222786018},"point_estimate":14387.358029561117,"standard_error":6406.542455589528},"slope":{"confidence_interval":{"confidence_level":0.95,"lower_bound":934720.6361011914,"upper_bound":954410.6689440402},"point_estimate":943410.7220895522,"standard_error":5058.051900490342},"std_dev":{"confidence_interval":{"confidence_level":0.95,"lower_bound":32454.53703405645,"upper_bound":71272.57574591605},"point_estimate":52842.98273834652,"standard_error":9976.663123056645}}