{"mean":{"confidence_interval":{"confidence_level":0.95,"lower_bound":906617.8374012917,"upper_bound":915453.096970776},"point_estimate":910278.6207410655,"standard_error":2303.8400276003463},"median":{"confidence_interval":{"confidence_level":0.95,"lower_bound":904600.3888888889,"upper_bound":906863.8},"point_estimate":905986.5273809524,"standard_error":598.8381197951363},"median_abs_dev":{"confidence_interval":{"confidence_level":0.95,"lower_bound":3374.54407613635,"upper_bound":5599.444343282204},"point_estimate":4421.8409328559255,"standard_error":555.6718594865919},"slope":{"confidence_interval":{"confidence_level":0.95,"lower_bound":904816.0928056452,"upper_bound":907698.2718562427},"point_estimate":906126.7269292154,"standard_error":736.4689850768284},"std_dev":{"confidence_interval":{"confidence_level":0.95,"lower_bound":7636.743128909608,"upper_bound":36809.687398687405},"point_estimate":23122.653874599353,"standard_error":8656.026513808873}}