{"mean":{"confidence_interval":{"confidence_level":0.95,"lower_bound":1112331.1771612365,"upper_bound":1148929.4458322024},"point_estimate":1129702.4982213438,"standard_error":9311.74287426812},"median":{"confidence_interval":{"confidence_level":0.95,"lower_bound":1092752.8508771928,"upper_bound":1123447.431372549},"point_estimate":1107906.3289700805,"standard_error":7410.849274416423},"median_abs_dev":{"confidence_interval":{"confidence_level":0.95,"lower_bound":46127.06142592602,"upper_bound":80488.19353479885},"point_estimate":65173.81443619708,"standard_error":9206.95447879607},"slope":{"confidence_interval":{"confidence_level":0.95,"lower_bound":1121533.2247191973,"upper_bound":1159897.739270781},"point_estimate":1140131.1862657012,"standard_error":9797.38880729952},"std_dev":{"confidence_interval":{"confidence_level":0.95,"lower_bound":66387.6579412076,"upper_bound":120190.96663099759},"point_estimate":93144.25195995223,"standard_error":14019.720440852514}}