{"mean":{"confidence_interval":{"confidence_level":0.95,"lower_bound":1029888.5592237973,"upper_bound":1059345.799947762},"point_estimate":1043585.694658576,"standard_error":7544.585970203718},"median":{"confidence_interval":{"confidence_level":0.95,"lower_bound":1008495.25,"upper_bound":1025297.884948385},"point_estimate":1016296.0601935874,"standard_error":4421.38215501695},"median_abs_dev":{"confidence_interval":{"confidence_level":0.95,"lower_bound":16171.401756517243,"upper_bound":38299.01896642003},"point_estimate":25610.480913625426,"standard_error":5519.907633823336},"slope":{"confidence_interval":{"confidence_level":0.95,"lower_bound":1028452.8779493264,"upper_bound":1061623.0769605194},"point_estimate":1043803.4767962169,"standard_error":8498.76300636595},"std_dev":{"confidence_interval":{"confidence_level":0.95,"lower_bound":46297.71276795506,"upper_bound":100523.73681481558},"point_estimate":75485.10644532279,"standard_error":13866.404563462522}}