{"mean":{"confidence_interval":{"confidence_level":0.95,"lower_bound":1381667.3029786646,"upper_bound":1411425.6641370237},"point_estimate":1395989.0844452006,"standard_error":7581.491644464193},"median":{"confidence_interval":{"confidence_level":0.95,"lower_bound":1365200.0946859904,"upper_bound":1400261.6363636365},"point_estimate":1383852.131007752,"standard_error":9719.0695944878},"median_abs_dev":{"confidence_interval":{"confidence_level":0.95,"lower_bound":44683.00840580595,"upper_bound":74158.7643464623},"point_estimate":53780.04912854657,"standard_error":7927.0850478212815},"slope":{"confidence_interval":{"confidence_level":0.95,"lower_bound":1373677.116884241,"upper_bound":1411939.7449403957},"point_estimate":1391986.5990926556,"standard_error":9773.712163973449},"std_dev":{"confidence_interval":{"confidence_level":0.95,"lower_bound":59669.10400307561,"upper_bound":92790.65198532998},"point_estimate":76152.13372619082,"standard_error":8552.521511498726}}