{"mean":{"confidence_interval":{"confidence_level":0.95,"lower_bound":993406.2932470615,"upper_bound":1022875.42735241},"point_estimate":1006664.1975397727,"standard_error":7566.919741349571},"median":{"confidence_interval":{"confidence_level":0.95,"lower_bound":977073.0316794782,"upper_bound":992220.953125},"point_estimate":980895.9775362319,"standard_error":3880.2887110068173},"median_abs_dev":{"confidence_interval":{"confidence_level":0.95,"lower_bound":20613.19130788057,"upper_bound":41662.75930833808},"point_estimate":29334.261825879465,"standard_error":5462.381357557201},"slope":{"confidence_interval":{"confidence_level":0.95,"lower_bound":980542.5888520126,"upper_bound":996251.327526669},"point_estimate":987812.3946357323,"standard_error":4007.6429063854494},"std_dev":{"confidence_interval":{"confidence_level":0.95,"lower_bound":38608.98278645417,"upper_bound":108100.54152618028},"point_estimate":76056.79823048809,"standard_error":18447.575020638506}}