{"mean":{"confidence_interval":{"confidence_level":0.95,"lower_bound":1061946.9277369927,"upper_bound":1088573.1905135368},"point_estimate":1074591.3899917912,"standard_error":6787.062911841655},"median":{"confidence_interval":{"confidence_level":0.95,"lower_bound":1042700.1615353858,"upper_bound":1060404.4761904762},"point_estimate":1050261.1238127544,"standard_error":4113.136706829654},"median_abs_dev":{"confidence_interval":{"confidence_level":0.95,"lower_bound":26779.397201439104,"upper_bound":50371.77747372201},"point_estimate":38441.565046546195,"standard_error":6036.780052365463},"slope":{"confidence_interval":{"confidence_level":0.95,"lower_bound":1051468.8745027946,"upper_bound":1072997.4417443972},"point_estimate":1061572.5497650362,"standard_error":5499.870737811997},"std_dev":{"confidence_interval":{"confidence_level":0.95,"lower_bound":50014.315545943464,"upper_bound":84476.51558429605},"point_estimate":68130.52328727329,"standard_error":8839.092443352873}}