{"mean":{"confidence_interval":{"confidence_level":0.95,"lower_bound":920449.6297861469,"upper_bound":938927.8692868969},"point_estimate":928522.934307327,"standard_error":4782.706274041927},"median":{"confidence_interval":{"confidence_level":0.95,"lower_bound":915161.2225913622,"upper_bound":921091.8359375},"point_estimate":916810.7704022988,"standard_error":1693.0361702291095},"median_abs_dev":{"confidence_interval":{"confidence_level":0.95,"lower_bound":5287.827428999591,"upper_bound":9753.063151422446},"point_estimate":8110.50619295711,"standard_error":1099.4708579177434},"slope":{"confidence_interval":{"confidence_level":0.95,"lower_bound":921589.1061457135,"upper_bound":931590.9927388645},"point_estimate":925638.7123762376,"standard_error":2603.584371618604},"std_dev":{"confidence_interval":{"confidence_level":0.95,"lower_bound":17674.663494382305,"upper_bound":70995.7527769649},"point_estimate":47936.067946229196,"standard_error":13599.4746421009}}