{"mean":{"confidence_interval":{"confidence_level":0.95,"lower_bound":815036.4626241085,"upper_bound":830318.7936892335},"point_estimate":821730.2490992461,"standard_error":3928.129574817794},"median":{"confidence_interval":{"confidence_level":0.95,"lower_bound":823093.9028762805,"upper_bound":827372.510989011},"point_estimate":825655.1559223909,"standard_error":2387.2024946506376},"median_abs_dev":{"confidence_interval":{"confidence_level":0.95,"lower_bound":3918.5587094927323,"upper_bound":31537.05094440648},"point_estimate":7218.627464567598,"standard_error":7140.418955366945},"slope":{"confidence_interval":{"confidence_level":0.95,"lower_bound":825865.046252279,"upper_bound":832937.0641948872},"point_estimate":828855.4886079504,"standard_error":1826.5116824795157},"std_dev":{"confidence_interval":{"confidence_level":0.95,"lower_bound":16361.733658031042,"upper_bound":59143.239127579196},"point_estimate":39412.17627433721,"standard_error":11172.949034749288}}