{"mean":{"confidence_interval":{"confidence_level":0.95,"lower_bound":1263183.2057691636,"upper_bound":1328775.2610354263},"point_estimate":1292962.9908948739,"standard_error":16796.292249666145},"median":{"confidence_interval":{"confidence_level":0.95,"lower_bound":1225331.93,"upper_bound":1254417.3944055946},"point_estimate":1236706.4697991195,"standard_error":7477.451739934791},"median_abs_dev":{"confidence_interval":{"confidence_level":0.95,"lower_bound":34993.9828098097,"upper_bound":71959.09451706517},"point_estimate":49439.622975047874,"standard_error":8848.816735716911},"slope":{"confidence_interval":{"confidence_level":0.95,"lower_bound":1261140.4386282677,"upper_bound":1319388.5309694703},"point_estimate":1287612.0699216786,"standard_error":14911.643020598327},"std_dev":{"confidence_interval":{"confidence_level":0.95,"lower_bound":94308.41961925657,"upper_bound":239852.93437178628},"point_estimate":168370.66010128154,"standard_error":38666.6886250075}}