{"mean":{"confidence_interval":{"confidence_level":0.95,"lower_bound":86760.45875735389,"upper_bound":88800.88971653889},"point_estimate":87719.37403477989,"standard_error":520.870866012591},"median":{"confidence_interval":{"confidence_level":0.95,"lower_bound":85874.35416666667,"upper_bound":87786.81274509804},"point_estimate":86476.95211640213,"standard_error":521.8099944233325},"median_abs_dev":{"confidence_interval":{"confidence_level":0.95,"lower_bound":2761.9079470226807,"upper_bound":4576.9950952717145},"point_estimate":3524.5021476147444,"standard_error":479.68255326604867},"slope":{"confidence_interval":{"confidence_level":0.95,"lower_bound":85433.68251651373,"upper_bound":86753.13953533901},"point_estimate":86072.72808408453,"standard_error":336.6810478107478},"std_dev":{"confidence_interval":{"confidence_level":0.95,"lower_bound":3428.0562652863227,"upper_bound":6879.092448393464},"point_estimate":5251.026335581733,"standard_error":875.5400117004456}}