{"mean":{"confidence_interval":{"confidence_level":0.95,"lower_bound":10396925.827850001,"upper_bound":12072441.887100002},"point_estimate":10971741.679999998,"standard_error":525850.8893793036},"median":{"confidence_interval":{"confidence_level":0.95,"lower_bound":10331372.0,"upper_bound":10394192.5},"point_estimate":10344592.2,"standard_error":18059.137652814712},"median_abs_dev":{"confidence_interval":{"confidence_level":0.95,"lower_bound":76414.09220337812,"upper_bound":155704.42835569408},"point_estimate":101692.27349459987,"standard_error":21100.572319886138},"slope":null,"std_dev":{"confidence_interval":{"confidence_level":0.95,"lower_bound":157749.92510402243,"upper_bound":9061358.963229839},"point_estimate":5291188.115303966,"standard_error":3170933.2621155465}}