{"mean":{"confidence_interval":{"confidence_level":0.95,"lower_bound":13281919.798,"upper_bound":13555783.0335625},"point_estimate":13404919.41,"standard_error":70119.21435391445},"median":{"confidence_interval":{"confidence_level":0.95,"lower_bound":13171477.25,"upper_bound":13238695.875},"point_estimate":13212656.0,"standard_error":17885.412103247538},"median_abs_dev":{"confidence_interval":{"confidence_level":0.95,"lower_bound":126977.83072069287,"upper_bound":252581.82407515112},"point_estimate":169940.0567829609,"standard_error":32067.77451955268},"slope":null,"std_dev":{"confidence_interval":{"confidence_level":0.95,"lower_bound":357930.03193521826,"upper_bound":1002162.5222568475},"point_estimate":706914.2371068762,"standard_error":164807.7406447068}}