{"mean":{"confidence_interval":{"confidence_level":0.95,"lower_bound":11096021.933899999,"upper_bound":11301444.965499999},"point_estimate":11190757.586,"standard_error":52516.227707038895},"median":{"confidence_interval":{"confidence_level":0.95,"lower_bound":11060019.6,"upper_bound":11112760.2},"point_estimate":11080139.8,"standard_error":13869.25839519776},"median_abs_dev":{"confidence_interval":{"confidence_level":0.95,"lower_bound":94680.31691908836,"upper_bound":164303.95298302174},"point_estimate":118891.17448925972,"standard_error":18040.98682156177},"slope":null,"std_dev":{"confidence_interval":{"confidence_level":0.95,"lower_bound":309167.7073335298,"upper_bound":723419.6757954061},"point_estimate":528006.6246629822,"standard_error":107284.58217156483}}