{"mean":{"confidence_interval":{"confidence_level":0.95,"lower_bound":13330499.71775,"upper_bound":13517166.4523125},"point_estimate":13420325.99,"standard_error":47451.04911664503},"median":{"confidence_interval":{"confidence_level":0.95,"lower_bound":13248354.0,"upper_bound":13474816.5},"point_estimate":13397777.5,"standard_error":59955.83385957245},"median_abs_dev":{"confidence_interval":{"confidence_level":0.95,"lower_bound":287473.54034632444,"upper_bound":459534.45639163256},"point_estimate":369182.4047707021,"standard_error":43217.6223860276},"slope":null,"std_dev":{"confidence_interval":{"confidence_level":0.95,"lower_bound":354091.5751981996,"upper_bound":603533.5034978231},"point_estimate":478115.98600564897,"standard_error":64876.79686068593}}