{"mean":{"confidence_interval":{"confidence_level":0.95,"lower_bound":11979749.204999996,"upper_bound":12298167.633049995},"point_estimate":12133020.219999997,"standard_error":81190.05958206716},"median":{"confidence_interval":{"confidence_level":0.95,"lower_bound":11831152.8,"upper_bound":12052494.5},"point_estimate":11965503.7,"standard_error":55854.13785235798},"median_abs_dev":{"confidence_interval":{"confidence_level":0.95,"lower_bound":323402.2009384629,"upper_bound":598131.3044980462},"point_estimate":425642.88816332706,"standard_error":71570.30247451989},"slope":null,"std_dev":{"confidence_interval":{"confidence_level":0.95,"lower_bound":622128.2900598734,"upper_bound":973165.107683775},"point_estimate":812777.8063323087,"standard_error":89807.61139440259}}