{"mean":{"confidence_interval":{"confidence_level":0.95,"lower_bound":11117509.25295,"upper_bound":11343084.625500003},"point_estimate":11212833.422000002,"standard_error":58560.32202573018},"median":{"confidence_interval":{"confidence_level":0.95,"lower_bound":11075156.6,"upper_bound":11170428.4},"point_estimate":11117656.9,"standard_error":23709.601006019075},"median_abs_dev":{"confidence_interval":{"confidence_level":0.95,"lower_bound":127343.13594120582,"upper_bound":188780.640728472},"point_estimate":162968.57518672917,"standard_error":16476.034931797054},"slope":null,"std_dev":{"confidence_interval":{"confidence_level":0.95,"lower_bound":156632.82953254774,"upper_bound":901210.2593237519},"point_estimate":587942.653277342,"standard_error":198434.20463640578}}