{"mean":{"confidence_interval":{"confidence_level":0.95,"lower_bound":9981467.481849998,"upper_bound":10246175.390549997},"point_estimate":10111615.530000003,"standard_error":67627.13045745519},"median":{"confidence_interval":{"confidence_level":0.95,"lower_bound":9576802.7,"upper_bound":10524713.8},"point_estimate":10442316.600000001,"standard_error":322874.5185694731},"median_abs_dev":{"confidence_interval":{"confidence_level":0.95,"lower_bound":258094.11687791016,"upper_bound":1184834.2984449847},"point_estimate":1025131.7427402767,"standard_error":268996.8082468614},"slope":null,"std_dev":{"confidence_interval":{"confidence_level":0.95,"lower_bound":586015.7089578974,"upper_bound":786112.1599452024},"point_estimate":678837.8736150652,"standard_error":52230.33993968553}}