{"mean":{"confidence_interval":{"confidence_level":0.95,"lower_bound":13031746.559124999,"upper_bound":13160930.812625},"point_estimate":13092918.815,"standard_error":33134.99294131129},"median":{"confidence_interval":{"confidence_level":0.95,"lower_bound":12921385.0,"upper_bound":13009711.75},"point_estimate":12952035.5,"standard_error":26041.552806317173},"median_abs_dev":{"confidence_interval":{"confidence_level":0.95,"lower_bound":98260.79585552216,"upper_bound":201415.0982491672},"point_estimate":131026.99657380581,"standard_error":28846.76943041447},"slope":null,"std_dev":{"confidence_interval":{"confidence_level":0.95,"lower_bound":244757.99422763963,"upper_bound":416753.484478078},"point_estimate":332345.13076155673,"standard_error":44297.869028820576}}