{"mean":{"confidence_interval":{"confidence_level":0.95,"lower_bound":10972054.342150003,"upper_bound":11009607.889400003},"point_estimate":10990666.290000005,"standard_error":9573.02273350963},"median":{"confidence_interval":{"confidence_level":0.95,"lower_bound":10962228.9,"upper_bound":11001649.4},"point_estimate":10979714.7,"standard_error":7880.957308507511},"median_abs_dev":{"confidence_interval":{"confidence_level":0.95,"lower_bound":71966.29228234236,"upper_bound":117221.91517889444},"point_estimate":92805.56925237179,"standard_error":11542.421629847271},"slope":null,"std_dev":{"confidence_interval":{"confidence_level":0.95,"lower_bound":82817.52471515186,"upper_bound":107663.5614742672},"point_estimate":95812.70325211927,"standard_error":6328.854986641377}}