{"mean":{"confidence_interval":{"confidence_level":0.95,"lower_bound":9741088.495208332,"upper_bound":9996634.86583333},"point_estimate":9867323.213333331,"standard_error":65135.86726864143},"median":{"confidence_interval":{"confidence_level":0.95,"lower_bound":9286597.833333334,"upper_bound":10378988.5},"point_estimate":9654816.916666666,"standard_error":320128.3669351991},"median_abs_dev":{"confidence_interval":{"confidence_level":0.95,"lower_bound":152807.74923711922,"upper_bound":963338.2360473261},"point_estimate":687276.3912484045,"standard_error":231964.99762267107},"slope":null,"std_dev":{"confidence_interval":{"confidence_level":0.95,"lower_bound":586766.9275263661,"upper_bound":734374.2853299734},"point_estimate":656995.66229766,"standard_error":38389.384747458185}}