{"mean":{"confidence_interval":{"confidence_level":0.95,"lower_bound":12831907.2834375,"upper_bound":13177258.843625},"point_estimate":12994334.9075,"standard_error":88205.94281276203},"median":{"confidence_interval":{"confidence_level":0.95,"lower_bound":12592373.75,"upper_bound":12885751.0},"point_estimate":12704237.125,"standard_error":81926.33609889809},"median_abs_dev":{"confidence_interval":{"confidence_level":0.95,"lower_bound":353325.07142722607,"upper_bound":618712.3199656606},"point_estimate":479810.1229816675,"standard_error":67311.1875184832},"slope":null,"std_dev":{"confidence_interval":{"confidence_level":0.95,"lower_bound":631248.1028178993,"upper_bound":1116399.0044075958},"point_estimate":887769.1624841534,"standard_error":124403.74115682514}}