{"mean":{"confidence_interval":{"confidence_level":0.95,"lower_bound":12959028.878812501,"upper_bound":13213618.6569375},"point_estimate":13081487.18,"standard_error":64767.56083311244},"median":{"confidence_interval":{"confidence_level":0.95,"lower_bound":12885142.5,"upper_bound":13053419.625},"point_estimate":12957705.875,"standard_error":48627.044657660925},"median_abs_dev":{"confidence_interval":{"confidence_level":0.95,"lower_bound":315704.8383951187,"upper_bound":628147.7715231478},"point_estimate":425752.30404138565,"standard_error":79473.56438115012},"slope":null,"std_dev":{"confidence_interval":{"confidence_level":0.95,"lower_bound":484819.8352800072,"upper_bound":800912.9725828428},"point_estimate":648187.8230566133,"standard_error":81597.95335782842}}