{"mean":{"confidence_interval":{"confidence_level":0.95,"lower_bound":10449064.658900002,"upper_bound":10543058.995649995},"point_estimate":10493311.583999999,"standard_error":23991.71776747023},"median":{"confidence_interval":{"confidence_level":0.95,"lower_bound":10380573.8,"upper_bound":10423854.7},"point_estimate":10393954.4,"standard_error":10587.100321174574},"median_abs_dev":{"confidence_interval":{"confidence_level":0.95,"lower_bound":58518.07270109709,"upper_bound":119379.98770058183},"point_estimate":82775.33565044569,"standard_error":15273.56581200851},"slope":null,"std_dev":{"confidence_interval":{"confidence_level":0.95,"lower_bound":172400.83674861633,"upper_bound":308259.7471803101},"point_estimate":240792.81056837135,"standard_error":35475.3634702361}}