{"mean":{"confidence_interval":{"confidence_level":0.95,"lower_bound":10583714.714500003,"upper_bound":11699049.003349997},"point_estimate":10977893.734,"standard_error":335124.5371776477},"median":{"confidence_interval":{"confidence_level":0.95,"lower_bound":10490548.8,"upper_bound":10609709.6},"point_estimate":10541299.2,"standard_error":32753.274256282348},"median_abs_dev":{"confidence_interval":{"confidence_level":0.95,"lower_bound":158994.91073727552,"upper_bound":270620.9005755183},"point_estimate":200285.76478421607,"standard_error":27692.343398101977},"slope":null,"std_dev":{"confidence_interval":{"confidence_level":0.95,"lower_bound":303741.18920609786,"upper_bound":5722094.858502909},"point_estimate":3353057.0174799156,"standard_error":1911867.3068510345}}