{"mean":{"confidence_interval":{"confidence_level":0.95,"lower_bound":12402841.367450004,"upper_bound":12652045.569700005},"point_estimate":12523278.916,"standard_error":63743.7660170996},"median":{"confidence_interval":{"confidence_level":0.95,"lower_bound":12347015.6,"upper_bound":12570935.4},"point_estimate":12433565.399999999,"standard_error":52017.12735077616},"median_abs_dev":{"confidence_interval":{"confidence_level":0.95,"lower_bound":317929.18313562707,"upper_bound":593603.9705014207},"point_estimate":398404.41318690724,"standard_error":73304.08973164081},"slope":null,"std_dev":{"confidence_interval":{"confidence_level":0.95,"lower_bound":489763.4866879766,"upper_bound":788646.9735828445},"point_estimate":642966.7977804375,"standard_error":76775.7757297614}}