{"mean":{"confidence_interval":{"confidence_level":0.95,"lower_bound":11370193.207050005,"upper_bound":11421189.010699999},"point_estimate":11394037.617999999,"standard_error":13010.596820838526},"median":{"confidence_interval":{"confidence_level":0.95,"lower_bound":11337943.8,"upper_bound":11365363.6},"point_estimate":11356493.8,"standard_error":6381.340965822119},"median_abs_dev":{"confidence_interval":{"confidence_level":0.95,"lower_bound":37331.71907723005,"upper_bound":64714.89581108038},"point_estimate":48050.62036693124,"standard_error":7102.982013801151},"slope":null,"std_dev":{"confidence_interval":{"confidence_level":0.95,"lower_bound":90714.31767285697,"upper_bound":167700.36543047483},"point_estimate":130583.59417751088,"standard_error":19835.98108696583}}