{"mean":{"confidence_interval":{"confidence_level":0.95,"lower_bound":12598163.335,"upper_bound":12786255.5825},"point_estimate":12687428.795,"standard_error":48115.50130990694},"median":{"confidence_interval":{"confidence_level":0.95,"lower_bound":12489528.75,"upper_bound":12658743.25},"point_estimate":12543095.75,"standard_error":42392.387550099455},"median_abs_dev":{"confidence_interval":{"confidence_level":0.95,"lower_bound":271357.6786324382,"upper_bound":432641.57546907663},"point_estimate":362434.1656655073,"standard_error":39182.678513579536},"slope":null,"std_dev":{"confidence_interval":{"confidence_level":0.95,"lower_bound":354791.6063750617,"upper_bound":596793.515440522},"point_estimate":483442.81776495744,"standard_error":61751.60506869878}}