{"mean":{"confidence_interval":{"confidence_level":0.95,"lower_bound":12972104.416875001,"upper_bound":13098528.2358125},"point_estimate":13032468.8025,"standard_error":32237.448832768},"median":{"confidence_interval":{"confidence_level":0.95,"lower_bound":12870913.5,"upper_bound":12895702.5},"point_estimate":12879264.125,"standard_error":9041.250199132073},"median_abs_dev":{"confidence_interval":{"confidence_level":0.95,"lower_bound":66775.85803449158,"upper_bound":144046.44824266434},"point_estimate":97117.71127581596,"standard_error":20036.737311533383},"slope":null,"std_dev":{"confidence_interval":{"confidence_level":0.95,"lower_bound":249769.23611819377,"upper_bound":387604.77396098577},"point_estimate":324457.46727999515,"standard_error":35267.737469638785}}