{"mean":{"confidence_interval":{"confidence_level":0.95,"lower_bound":375420.3776669485,"upper_bound":380232.6587430363},"point_estimate":377842.73211198335,"standard_error":1228.0495145342286},"median":{"confidence_interval":{"confidence_level":0.95,"lower_bound":374433.48060305207,"upper_bound":381149.89201877936},"point_estimate":377575.22779304034,"standard_error":1520.1391068009746},"median_abs_dev":{"confidence_interval":{"confidence_level":0.95,"lower_bound":9146.69085122454,"upper_bound":14353.85772785008},"point_estimate":11508.38028457429,"standard_error":1323.0737468141488},"slope":{"confidence_interval":{"confidence_level":0.95,"lower_bound":374501.72319767735,"upper_bound":378757.1438138014},"point_estimate":376507.817189301,"standard_error":1085.528580272443},"std_dev":{"confidence_interval":{"confidence_level":0.95,"lower_bound":9781.287384756637,"upper_bound":15155.824129585068},"point_estimate":12414.824786429655,"standard_error":1388.6827601960806}}