{"mean":{"confidence_interval":{"confidence_level":0.95,"lower_bound":536047.9248482141,"upper_bound":552915.4471992771},"point_estimate":544181.4714001259,"standard_error":4299.266118886282},"median":{"confidence_interval":{"confidence_level":0.95,"lower_bound":530463.6666666666,"upper_bound":548469.5829311102},"point_estimate":538636.4139676113,"standard_error":4707.448106921455},"median_abs_dev":{"confidence_interval":{"confidence_level":0.95,"lower_bound":27794.898172718218,"upper_bound":44377.285588905586},"point_estimate":35640.44580475561,"standard_error":4108.94965433685},"slope":{"confidence_interval":{"confidence_level":0.95,"lower_bound":532929.4164739514,"upper_bound":550831.729000266},"point_estimate":541600.9581882666,"standard_error":4556.17568893468},"std_dev":{"confidence_interval":{"confidence_level":0.95,"lower_bound":34742.02010207816,"upper_bound":50603.068092372414},"point_estimate":43027.70016136783,"standard_error":4061.8768795289348}}