{"mean":{"confidence_interval":{"confidence_level":0.95,"lower_bound":399240.78573660506,"upper_bound":404455.98294764716},"point_estimate":401704.45427982166,"standard_error":1331.0666649921689},"median":{"confidence_interval":{"confidence_level":0.95,"lower_bound":396707.18888888886,"upper_bound":399151.0046948357},"point_estimate":398209.38649572653,"standard_error":624.101367878108},"median_abs_dev":{"confidence_interval":{"confidence_level":0.95,"lower_bound":4752.782219435374,"upper_bound":7595.69732944003},"point_estimate":6205.0023109809335,"standard_error":710.5926475179792},"slope":{"confidence_interval":{"confidence_level":0.95,"lower_bound":404118.048950906,"upper_bound":411854.43387297},"point_estimate":407891.7850726565,"standard_error":1977.8898217028632},"std_dev":{"confidence_interval":{"confidence_level":0.95,"lower_bound":9771.120575417604,"upper_bound":16448.261298896687},"point_estimate":13356.937509235946,"standard_error":1705.9432674916252}}