{"mean":{"confidence_interval":{"confidence_level":0.95,"lower_bound":445876.0533093755,"upper_bound":457274.6011347392},"point_estimate":450640.2540618612,"standard_error":2969.692123702271},"median":{"confidence_interval":{"confidence_level":0.95,"lower_bound":442162.6666666667,"upper_bound":444618.14285714284},"point_estimate":443426.561108587,"standard_error":612.9284317946544},"median_abs_dev":{"confidence_interval":{"confidence_level":0.95,"lower_bound":3054.1707909326706,"upper_bound":5933.5123148141465},"point_estimate":4516.666077846974,"standard_error":736.510776064102},"slope":{"confidence_interval":{"confidence_level":0.95,"lower_bound":445505.4906031595,"upper_bound":452709.9200280534},"point_estimate":448811.3181330969,"standard_error":1840.3402936705484},"std_dev":{"confidence_interval":{"confidence_level":0.95,"lower_bound":10467.290454574037,"upper_bound":47027.991683540204},"point_estimate":29784.684410693935,"standard_error":10729.116095299178}}