{"mean":{"confidence_interval":{"confidence_level":0.95,"lower_bound":455256.1860271673,"upper_bound":462608.27388281806},"point_estimate":458808.3513780207,"standard_error":1877.2030295274496},"median":{"confidence_interval":{"confidence_level":0.95,"lower_bound":452059.1818181818,"upper_bound":459270.71875},"point_estimate":454861.86584362143,"standard_error":1946.8148853162238},"median_abs_dev":{"confidence_interval":{"confidence_level":0.95,"lower_bound":11061.94794680377,"upper_bound":17946.4680569631},"point_estimate":15921.548185727052,"standard_error":1812.2507679926493},"slope":{"confidence_interval":{"confidence_level":0.95,"lower_bound":458642.3134761691,"upper_bound":466653.1881399876},"point_estimate":462589.17091965914,"standard_error":2039.6549521589798},"std_dev":{"confidence_interval":{"confidence_level":0.95,"lower_bound":14750.557960881342,"upper_bound":22973.140438766986},"point_estimate":18889.820059625254,"standard_error":2118.327072677715}}