{"mean":{"confidence_interval":{"confidence_level":0.95,"lower_bound":569881.7143806284,"upper_bound":588377.7431890445},"point_estimate":578802.6328735607,"standard_error":4715.7332780794295},"median":{"confidence_interval":{"confidence_level":0.95,"lower_bound":561986.6428571428,"upper_bound":577150.3176538909},"point_estimate":569437.9666540715,"standard_error":3758.456574862606},"median_abs_dev":{"confidence_interval":{"confidence_level":0.95,"lower_bound":21298.72411187207,"upper_bound":36933.92973720384},"point_estimate":27473.368250923853,"standard_error":4149.297003817776},"slope":{"confidence_interval":{"confidence_level":0.95,"lower_bound":575893.7829965096,"upper_bound":595245.4054254913},"point_estimate":585273.5819077878,"standard_error":4949.289976992072},"std_dev":{"confidence_interval":{"confidence_level":0.95,"lower_bound":36109.13779523204,"upper_bound":57624.82301811507},"point_estimate":47484.33990941578,"standard_error":5494.298570787166}}