{"mean":{"confidence_interval":{"confidence_level":0.95,"lower_bound":549575.7959946452,"upper_bound":575701.6407344664},"point_estimate":561777.5910852198,"standard_error":6662.22900083647},"median":{"confidence_interval":{"confidence_level":0.95,"lower_bound":545088.3382352941,"upper_bound":556353.1666666666},"point_estimate":550125.6885703648,"standard_error":3154.5782479376603},"median_abs_dev":{"confidence_interval":{"confidence_level":0.95,"lower_bound":25375.14934004163,"upper_bound":47589.830787787},"point_estimate":34440.55833373458,"standard_error":5651.149781552677},"slope":{"confidence_interval":{"confidence_level":0.95,"lower_bound":544510.5949268879,"upper_bound":565720.0796720589},"point_estimate":554470.1176267179,"standard_error":5424.885087806995},"std_dev":{"confidence_interval":{"confidence_level":0.95,"lower_bound":44082.1203235722,"upper_bound":88686.74160372168},"point_estimate":66736.71456065623,"standard_error":11631.208000359557}}