{"mean":{"confidence_interval":{"confidence_level":0.95,"lower_bound":96062.44260957754,"upper_bound":99411.00941371158},"point_estimate":97571.38487119066,"standard_error":858.832039084328},"median":{"confidence_interval":{"confidence_level":0.95,"lower_bound":95335.0625,"upper_bound":97812.16711514394},"point_estimate":96677.02245614034,"standard_error":585.3952054951682},"median_abs_dev":{"confidence_interval":{"confidence_level":0.95,"lower_bound":3974.370559094342,"upper_bound":5774.558045814434},"point_estimate":5077.492360291277,"standard_error":464.93074320944584},"slope":{"confidence_interval":{"confidence_level":0.95,"lower_bound":98583.18615098091,"upper_bound":101330.17782104321},"point_estimate":99936.5370498005,"standard_error":697.5112801653585},"std_dev":{"confidence_interval":{"confidence_level":0.95,"lower_bound":4489.595219287361,"upper_bound":12423.89379746147},"point_estimate":8609.824120130728,"standard_error":2141.8573829685824}}