{"mean":{"confidence_interval":{"confidence_level":0.95,"lower_bound":5557443.953805557,"upper_bound":5769782.395944446},"point_estimate":5662644.811111111,"standard_error":54081.812842089545},"median":{"confidence_interval":{"confidence_level":0.95,"lower_bound":5490056.111111111,"upper_bound":5804802.555555556},"point_estimate":5656412.666666666,"standard_error":75746.29239811763},"median_abs_dev":{"confidence_interval":{"confidence_level":0.95,"lower_bound":525510.7729703186,"upper_bound":796614.2268906024},"point_estimate":658657.3109398275,"standard_error":69445.98569294279},"slope":null,"std_dev":{"confidence_interval":{"confidence_level":0.95,"lower_bound":487011.24069933355,"upper_bound":592622.3385348135},"point_estimate":543604.2053932274,"standard_error":26983.756436199954}}