{"mean":{"confidence_interval":{"confidence_level":0.95,"lower_bound":89017.1968304388,"upper_bound":90530.4446196069},"point_estimate":89741.20210516041,"standard_error":386.34500168781926},"median":{"confidence_interval":{"confidence_level":0.95,"lower_bound":88938.04731638418,"upper_bound":90280.54199594731},"point_estimate":89803.27693965517,"standard_error":343.9853996171994},"median_abs_dev":{"confidence_interval":{"confidence_level":0.95,"lower_bound":2123.6175988882883,"upper_bound":3601.1245767318137},"point_estimate":2656.840724054343,"standard_error":366.4201561586971},"slope":{"confidence_interval":{"confidence_level":0.95,"lower_bound":88146.03000518426,"upper_bound":90152.31759978512},"point_estimate":89154.4111666913,"standard_error":511.8784737041848},"std_dev":{"confidence_interval":{"confidence_level":0.95,"lower_bound":2725.541407764182,"upper_bound":5189.563026076327},"point_estimate":3879.4913598313756,"standard_error":664.0278010258145}}