{"mean":{"confidence_interval":{"confidence_level":0.95,"lower_bound":123651.79149935063,"upper_bound":125368.33515412053},"point_estimate":124411.22184240204,"standard_error":439.3529236241605},"median":{"confidence_interval":{"confidence_level":0.95,"lower_bound":123304.08578347578,"upper_bound":124388.5811965812},"point_estimate":123805.50407683803,"standard_error":274.49195590728095},"median_abs_dev":{"confidence_interval":{"confidence_level":0.95,"lower_bound":1621.9033053401804,"upper_bound":2804.9071072202732},"point_estimate":1993.5457898435063,"standard_error":302.9770054309766},"slope":{"confidence_interval":{"confidence_level":0.95,"lower_bound":123902.05223408622,"upper_bound":126868.78097008257},"point_estimate":125084.54652118943,"standard_error":785.5983200344461},"std_dev":{"confidence_interval":{"confidence_level":0.95,"lower_bound":2053.458516983932,"upper_bound":6359.7628331573005},"point_estimate":4397.477619885828,"standard_error":1162.37889447799}}