{"mean":{"confidence_interval":{"confidence_level":0.95,"lower_bound":267854.96199304756,"upper_bound":268723.7831680546},"point_estimate":268269.26322919957,"standard_error":221.87860214151024},"median":{"confidence_interval":{"confidence_level":0.95,"lower_bound":267994.390625,"upper_bound":268764.5576923077},"point_estimate":268444.5661637931,"standard_error":164.91927929082956},"median_abs_dev":{"confidence_interval":{"confidence_level":0.95,"lower_bound":1092.5076018390328,"upper_bound":1991.608287560959},"point_estimate":1473.0092069255952,"standard_error":228.2212651565385},"slope":{"confidence_interval":{"confidence_level":0.95,"lower_bound":267436.69245596504,"upper_bound":268222.343826181},"point_estimate":267834.82992832863,"standard_error":200.6307983692651},"std_dev":{"confidence_interval":{"confidence_level":0.95,"lower_bound":1542.2542464530604,"upper_bound":2978.344672922605},"point_estimate":2226.0772729023433,"standard_error":383.20932292806157}}