{"mean":{"confidence_interval":{"confidence_level":0.95,"lower_bound":248369.68743767182,"upper_bound":252288.74383251418},"point_estimate":249804.8847972888,"standard_error":1091.6664775788709},"median":{"confidence_interval":{"confidence_level":0.95,"lower_bound":248378.2451923077,"upper_bound":248702.42045454544},"point_estimate":248522.9086098398,"standard_error":68.00234063981588},"median_abs_dev":{"confidence_interval":{"confidence_level":0.95,"lower_bound":468.26759271750706,"upper_bound":836.5636766081857},"point_estimate":652.2107622224706,"standard_error":96.21455744046354},"slope":{"confidence_interval":{"confidence_level":0.95,"lower_bound":248455.9441143873,"upper_bound":249306.66821651728},"point_estimate":248788.4725380523,"standard_error":223.28979624464554},"std_dev":{"confidence_interval":{"confidence_level":0.95,"lower_bound":962.4411064664573,"upper_bound":18545.77608228244},"point_estimate":10981.690851135603,"standard_error":5659.801330401484}}