{"mean":{"confidence_interval":{"confidence_level":0.95,"lower_bound":203407.9974409555,"upper_bound":205767.14494005832},"point_estimate":204226.66926755113,"standard_error":733.985300485202},"median":{"confidence_interval":{"confidence_level":0.95,"lower_bound":203327.9405313093,"upper_bound":203561.7268292683},"point_estimate":203430.70391872278,"standard_error":57.75323883279336},"median_abs_dev":{"confidence_interval":{"confidence_level":0.95,"lower_bound":378.1538428244887,"upper_bound":579.1561591488828},"point_estimate":478.38122750513475,"standard_error":50.89233352845634},"slope":{"confidence_interval":{"confidence_level":0.95,"lower_bound":203393.99625378766,"upper_bound":205778.8237528999},"point_estimate":204169.88675158858,"standard_error":689.9963429418673},"std_dev":{"confidence_interval":{"confidence_level":0.95,"lower_bound":467.8643282414941,"upper_bound":12569.020541096286},"point_estimate":7340.742950678798,"standard_error":4347.779572746548}}