{"mean":{"confidence_interval":{"confidence_level":0.95,"lower_bound":12165595.802550001,"upper_bound":12432283.606249997},"point_estimate":12294471.596,"standard_error":68221.04340007478},"median":{"confidence_interval":{"confidence_level":0.95,"lower_bound":11974917.8,"upper_bound":12261005.2},"point_estimate":12131892.8,"standard_error":75240.92349828109},"median_abs_dev":{"confidence_interval":{"confidence_level":0.95,"lower_bound":403128.2732230422,"upper_bound":648455.5734676089},"point_estimate":544225.9783780581,"standard_error":62322.368634783925},"slope":null,"std_dev":{"confidence_interval":{"confidence_level":0.95,"lower_bound":525474.2187354168,"upper_bound":824322.2321748445},"point_estimate":686143.7209840086,"standard_error":76547.41094367827}}