{"mean":{"confidence_interval":{"confidence_level":0.95,"lower_bound":10934001.11295,"upper_bound":11199204.496299995},"point_estimate":11054129.773999998,"standard_error":68125.4277742685},"median":{"confidence_interval":{"confidence_level":0.95,"lower_bound":10826705.047500003,"upper_bound":10943375.6},"point_estimate":10889641.2,"standard_error":28910.502709697266},"median_abs_dev":{"confidence_interval":{"confidence_level":0.95,"lower_bound":185295.93775034006,"upper_bound":391982.2348809234},"point_estimate":257282.24513232708,"standard_error":49568.77144291361},"slope":null,"std_dev":{"confidence_interval":{"confidence_level":0.95,"lower_bound":378540.20477768005,"upper_bound":972217.2814343678},"point_estimate":681610.7124743349,"standard_error":156843.91579906133}}