{"mean":{"confidence_interval":{"confidence_level":0.95,"lower_bound":11306784.693249999,"upper_bound":11452643.171699995},"point_estimate":11378472.613999996,"standard_error":37196.68453824742},"median":{"confidence_interval":{"confidence_level":0.95,"lower_bound":11269732.9,"upper_bound":11436996.8},"point_estimate":11347159.4,"standard_error":43426.35464004233},"median_abs_dev":{"confidence_interval":{"confidence_level":0.95,"lower_bound":307591.1617791658,"upper_bound":491745.3492897752},"point_estimate":416409.10726726,"standard_error":47147.880625079284},"slope":null,"std_dev":{"confidence_interval":{"confidence_level":0.95,"lower_bound":313046.03197466175,"upper_bound":435824.4972467721},"point_estimate":373049.8337044408,"standard_error":31610.149177183855}}