{"mean":{"confidence_interval":{"confidence_level":0.95,"lower_bound":9752191.355333336,"upper_bound":9942813.838416666},"point_estimate":9836678.793333333,"standard_error":48893.052097911},"median":{"confidence_interval":{"confidence_level":0.95,"lower_bound":9669545.166666666,"upper_bound":9766254.0},"point_estimate":9708962.0,"standard_error":25443.793370309533},"median_abs_dev":{"confidence_interval":{"confidence_level":0.95,"lower_bound":150200.8442834029,"upper_bound":269007.1399241695},"point_estimate":212569.13027614262,"standard_error":30927.473684634915},"slope":null,"std_dev":{"confidence_interval":{"confidence_level":0.95,"lower_bound":232014.3768033374,"upper_bound":732502.645050106},"point_estimate":491291.9869472888,"standard_error":135303.02962373022}}