{"mean":{"confidence_interval":{"confidence_level":0.95,"lower_bound":10168458.1432,"upper_bound":10321154.688499998},"point_estimate":10243389.939999994,"standard_error":38857.58090561203},"median":{"confidence_interval":{"confidence_level":0.95,"lower_bound":10061296.0,"upper_bound":10314028.2},"point_estimate":10167286.8,"standard_error":71092.14813996652},"median_abs_dev":{"confidence_interval":{"confidence_level":0.95,"lower_bound":303713.42154800944,"upper_bound":496023.09499383246},"point_estimate":396509.79868054553,"standard_error":48932.68153846331},"slope":null,"std_dev":{"confidence_interval":{"confidence_level":0.95,"lower_bound":337972.1779351596,"upper_bound":436262.47518911073},"point_estimate":390900.7407863454,"standard_error":25086.221887732678}}