{"mean":{"confidence_interval":{"confidence_level":0.95,"lower_bound":591287.9648439535,"upper_bound":605198.262649947},"point_estimate":597216.5704156248,"standard_error":3580.3067873560008},"median":{"confidence_interval":{"confidence_level":0.95,"lower_bound":588261.5661764706,"upper_bound":590472.5},"point_estimate":588925.0970744682,"standard_error":565.638992501165},"median_abs_dev":{"confidence_interval":{"confidence_level":0.95,"lower_bound":2931.327479958516,"upper_bound":5212.205065495733},"point_estimate":3707.1439666764236,"standard_error":546.2218862741548},"slope":{"confidence_interval":{"confidence_level":0.95,"lower_bound":588824.3930539511,"upper_bound":595150.6250194985},"point_estimate":591386.8956819861,"standard_error":1627.376022578163},"std_dev":{"confidence_interval":{"confidence_level":0.95,"lower_bound":10606.397749132659,"upper_bound":56332.32644252299},"point_estimate":36327.35701129423,"standard_error":12056.138382860574}}