{"mean":{"confidence_interval":{"confidence_level":0.95,"lower_bound":870206.3376518242,"upper_bound":882858.9689822671},"point_estimate":876121.6963948524,"standard_error":3230.2126865441737},"median":{"confidence_interval":{"confidence_level":0.95,"lower_bound":861472.5,"upper_bound":866730.0234375},"point_estimate":863016.3124488124,"standard_error":1353.6880263149565},"median_abs_dev":{"confidence_interval":{"confidence_level":0.95,"lower_bound":6074.1549580013,"upper_bound":13427.585902435803},"point_estimate":8500.712589537634,"standard_error":1888.7485510696717},"slope":{"confidence_interval":{"confidence_level":0.95,"lower_bound":874175.2971527133,"upper_bound":895153.040397155},"point_estimate":883677.1763853998,"standard_error":5384.476197488593},"std_dev":{"confidence_interval":{"confidence_level":0.95,"lower_bound":21538.91361912167,"upper_bound":41734.41133350621},"point_estimate":32445.04562787877,"standard_error":5170.438179632402}}