{"mean":{"confidence_interval":{"confidence_level":0.95,"lower_bound":91890.94807611773,"upper_bound":94002.893204685},"point_estimate":92820.33804516148,"standard_error":542.6731790711999},"median":{"confidence_interval":{"confidence_level":0.95,"lower_bound":91629.56854256854,"upper_bound":92825.06916996048},"point_estimate":92070.50671717172,"standard_error":295.4379601011337},"median_abs_dev":{"confidence_interval":{"confidence_level":0.95,"lower_bound":1747.044599638923,"upper_bound":2939.5022904204066},"point_estimate":2240.6592812129747,"standard_error":310.6399611057093},"slope":{"confidence_interval":{"confidence_level":0.95,"lower_bound":92121.21846842571,"upper_bound":94283.81157445277},"point_estimate":92971.56177223692,"standard_error":572.8280022087641},"std_dev":{"confidence_interval":{"confidence_level":0.95,"lower_bound":2277.498467392334,"upper_bound":8037.7818603382875},"point_estimate":5445.187655240974,"standard_error":1552.9741039692406}}