{"mean":{"confidence_interval":{"confidence_level":0.95,"lower_bound":15030893.3455,"upper_bound":15431743.134374999},"point_estimate":15215894.1175,"standard_error":102292.97646285428},"median":{"confidence_interval":{"confidence_level":0.95,"lower_bound":14848088.0,"upper_bound":15001304.0},"point_estimate":14918340.0,"standard_error":37278.537247772394},"median_abs_dev":{"confidence_interval":{"confidence_level":0.95,"lower_bound":245041.71442463994,"upper_bound":426275.2911821008},"point_estimate":315615.6970717013,"standard_error":44554.36315845624},"slope":null,"std_dev":{"confidence_interval":{"confidence_level":0.95,"lower_bound":643624.4327069703,"upper_bound":1351906.0989364185},"point_estimate":1029306.6275628249,"standard_error":181109.6313775154}}