{"mean":{"confidence_interval":{"confidence_level":0.95,"lower_bound":23625624.552250005,"upper_bound":24069458.841416664},"point_estimate":23836993.623333335,"standard_error":113600.29589389155},"median":{"confidence_interval":{"confidence_level":0.95,"lower_bound":23382852.0,"upper_bound":23786616.666666668},"point_estimate":23535680.666666664,"standard_error":104063.5937248579},"median_abs_dev":{"confidence_interval":{"confidence_level":0.95,"lower_bound":588808.4082240614,"upper_bound":1043065.1731818924},"point_estimate":766366.0574942837,"standard_error":120722.54299604},"slope":null,"std_dev":{"confidence_interval":{"confidence_level":0.95,"lower_bound":808197.5819277109,"upper_bound":1494179.6442777687},"point_estimate":1151298.57218191,"standard_error":179428.9424247183}}