{"mean":{"confidence_interval":{"confidence_level":0.95,"lower_bound":15995294.697625,"upper_bound":16510324.6721875},"point_estimate":16248469.6,"standard_error":131674.38924069135},"median":{"confidence_interval":{"confidence_level":0.95,"lower_bound":15519781.0,"upper_bound":16334403.25},"point_estimate":15881365.125,"standard_error":235143.2327392181},"median_abs_dev":{"confidence_interval":{"confidence_level":0.95,"lower_bound":955550.6016980859,"upper_bound":1890198.026367277},"point_estimate":1374003.6027565598,"standard_error":279162.7907239747},"slope":null,"std_dev":{"confidence_interval":{"confidence_level":0.95,"lower_bound":1151792.008107425,"upper_bound":1516018.140951912},"point_estimate":1325058.9249988564,"standard_error":94387.88319090886}}