{"mean":{"confidence_interval":{"confidence_level":0.95,"lower_bound":25415949.98375,"upper_bound":25970888.274625},"point_estimate":25674657.81,"standard_error":142082.19311365837},"median":{"confidence_interval":{"confidence_level":0.95,"lower_bound":25151887.5,"upper_bound":25607935.0},"point_estimate":25372761.5,"standard_error":122491.237152006},"median_abs_dev":{"confidence_interval":{"confidence_level":0.95,"lower_bound":626172.3923832178,"upper_bound":1090705.8052361012},"point_estimate":794780.3330898285,"standard_error":118833.69913179049},"slope":null,"std_dev":{"confidence_interval":{"confidence_level":0.95,"lower_bound":920785.7330965829,"upper_bound":1961449.7321123786},"point_estimate":1427720.2783035727,"standard_error":280496.3773521134}}