{"mean":{"confidence_interval":{"confidence_level":0.95,"lower_bound":15060947.4428125,"upper_bound":15751762.8154375},"point_estimate":15400071.9475,"standard_error":176442.6051441341},"median":{"confidence_interval":{"confidence_level":0.95,"lower_bound":14158346.0,"upper_bound":14832475.5},"point_estimate":14392910.125,"standard_error":168280.23691831878},"median_abs_dev":{"confidence_interval":{"confidence_level":0.95,"lower_bound":540115.2475610375,"upper_bound":1570417.8912945092},"point_estimate":890807.5920850039,"standard_error":259424.41503924606},"slope":null,"std_dev":{"confidence_interval":{"confidence_level":0.95,"lower_bound":1591129.7453960911,"upper_bound":1924341.523024822},"point_estimate":1778702.0822703375,"standard_error":84772.78554673395}}