{"mean":{"confidence_interval":{"confidence_level":0.95,"lower_bound":14357078.36375,"upper_bound":15057746.0380625},"point_estimate":14701454.715,"standard_error":178592.98804601934},"median":{"confidence_interval":{"confidence_level":0.95,"lower_bound":13460403.75,"upper_bound":14050886.75},"point_estimate":13627468.5,"standard_error":154096.77137931326},"median_abs_dev":{"confidence_interval":{"confidence_level":0.95,"lower_bound":454608.51797908545,"upper_bound":1385360.1332299411},"point_estimate":732340.2645483613,"standard_error":237819.440763022},"slope":null,"std_dev":{"confidence_interval":{"confidence_level":0.95,"lower_bound":1607019.000068897,"upper_bound":1920605.7304465007},"point_estimate":1793101.0985101566,"standard_error":79909.66485809267}}