{"mean":{"confidence_interval":{"confidence_level":0.95,"lower_bound":24302182.847999997,"upper_bound":24664708.38849999},"point_estimate":24476935.26,"standard_error":93312.4532297038},"median":{"confidence_interval":{"confidence_level":0.95,"lower_bound":24155923.0,"upper_bound":24377174.833333336},"point_estimate":24246640.5,"standard_error":48468.02732350953},"median_abs_dev":{"confidence_interval":{"confidence_level":0.95,"lower_bound":310283.4706688649,"upper_bound":609550.9640783072},"point_estimate":414562.87494003586,"standard_error":78929.10986976259},"slope":null,"std_dev":{"confidence_interval":{"confidence_level":0.95,"lower_bound":719786.8029324263,"upper_bound":1124228.7388805368},"point_estimate":939220.9387840377,"standard_error":102946.94032403619}}