{"mean":{"confidence_interval":{"confidence_level":0.95,"lower_bound":16005655.346625,"upper_bound":16706062.6219375},"point_estimate":16353612.1275,"standard_error":178055.5599629171},"median":{"confidence_interval":{"confidence_level":0.95,"lower_bound":15208398.375,"upper_bound":17546184.75},"point_estimate":16379541.5,"standard_error":703524.3325236797},"median_abs_dev":{"confidence_interval":{"confidence_level":0.95,"lower_bound":1250681.4048915955,"upper_bound":2641560.975202918},"point_estimate":2373320.463015139,"standard_error":378640.6367203135},"slope":null,"std_dev":{"confidence_interval":{"confidence_level":0.95,"lower_bound":1633152.7571809788,"upper_bound":1936269.4045661322},"point_estimate":1791056.41449938,"standard_error":77528.7711988118}}