{"mean":{"confidence_interval":{"confidence_level":0.95,"lower_bound":17389391.975749996,"upper_bound":18231806.286500003},"point_estimate":17804925.23666666,"standard_error":215848.95812761332},"median":{"confidence_interval":{"confidence_level":0.95,"lower_bound":16422144.5,"upper_bound":18169150.66666666},"point_estimate":17102216.5,"standard_error":413868.5044660238},"median_abs_dev":{"confidence_interval":{"confidence_level":0.95,"lower_bound":1280995.9489502783,"upper_bound":2961317.0180261135},"point_estimate":2132440.097841621,"standard_error":447496.0759396976},"slope":null,"std_dev":{"confidence_interval":{"confidence_level":0.95,"lower_bound":1924779.8181456868,"upper_bound":2384717.1514695715},"point_estimate":2167200.5773433303,"standard_error":117345.44840828796}}