{"mean":{"confidence_interval":{"confidence_level":0.95,"lower_bound":25916942.382749997,"upper_bound":26391792.2695},"point_estimate":26146325.435,"standard_error":121453.08820358742},"median":{"confidence_interval":{"confidence_level":0.95,"lower_bound":25708649.5,"upper_bound":26256993.5},"point_estimate":25864523.0,"standard_error":158092.27867238867},"median_abs_dev":{"confidence_interval":{"confidence_level":0.95,"lower_bound":728577.7964651585,"upper_bound":1146926.3668879867},"point_estimate":895331.7459046841,"standard_error":109631.66298164488},"slope":null,"std_dev":{"confidence_interval":{"confidence_level":0.95,"lower_bound":948261.2940136186,"upper_bound":1469680.3356855705},"point_estimate":1221371.2690296094,"standard_error":133836.0958163565}}