{"mean":{"confidence_interval":{"confidence_level":0.95,"lower_bound":14043307.0148125,"upper_bound":14476985.5845625},"point_estimate":14245208.34,"standard_error":111326.74446313924},"median":{"confidence_interval":{"confidence_level":0.95,"lower_bound":13876649.375,"upper_bound":14038851.0},"point_estimate":13959637.875,"standard_error":42128.806112771905},"median_abs_dev":{"confidence_interval":{"confidence_level":0.95,"lower_bound":271133.4353864193,"upper_bound":520232.4699640272},"point_estimate":443191.01558178663,"standard_error":63745.604734485685},"slope":null,"std_dev":{"confidence_interval":{"confidence_level":0.95,"lower_bound":708768.2633062912,"upper_bound":1479452.9463614575},"point_estimate":1124427.6617960325,"standard_error":197320.71743865687}}