{"mean":{"confidence_interval":{"confidence_level":0.95,"lower_bound":24378400.524,"upper_bound":24901878.628666673},"point_estimate":24622692.010000005,"standard_error":133880.68163228533},"median":{"confidence_interval":{"confidence_level":0.95,"lower_bound":24214602.333333332,"upper_bound":24857044.0},"point_estimate":24585240.5,"standard_error":147761.52508515454},"median_abs_dev":{"confidence_interval":{"confidence_level":0.95,"lower_bound":887569.5937424898,"upper_bound":1351307.8388094893},"point_estimate":1113646.07462883,"standard_error":117232.32932539636},"slope":null,"std_dev":{"confidence_interval":{"confidence_level":0.95,"lower_bound":922975.1311787625,"upper_bound":1861771.8655757962},"point_estimate":1348220.6115368158,"standard_error":276045.436511387}}