{"mean":{"confidence_interval":{"confidence_level":0.95,"lower_bound":7155749.296875,"upper_bound":7479750.419218751},"point_estimate":7301706.69375,"standard_error":82847.29736483858},"median":{"confidence_interval":{"confidence_level":0.95,"lower_bound":7033171.0,"upper_bound":7122183.0625},"point_estimate":7082349.125,"standard_error":21979.682374546683},"median_abs_dev":{"confidence_interval":{"confidence_level":0.95,"lower_bound":163727.22159326077,"upper_bound":322088.3579067886},"point_estimate":223646.1288794875,"standard_error":41133.97811236715},"slope":null,"std_dev":{"confidence_interval":{"confidence_level":0.95,"lower_bound":402069.23765061895,"upper_bound":1146882.9290635244},"point_estimate":830373.31373575,"standard_error":184427.6334330114}}