{"mean":{"confidence_interval":{"confidence_level":0.95,"lower_bound":751415.036335029,"upper_bound":764659.2750850673},"point_estimate":756906.804121399,"standard_error":3468.162022137912},"median":{"confidence_interval":{"confidence_level":0.95,"lower_bound":749373.8235294118,"upper_bound":751021.1825711939},"point_estimate":750191.868872549,"standard_error":409.7133589819488},"median_abs_dev":{"confidence_interval":{"confidence_level":0.95,"lower_bound":2805.4545118457772,"upper_bound":4484.231427727743},"point_estimate":3505.13524071261,"standard_error":435.1660437126997},"slope":{"confidence_interval":{"confidence_level":0.95,"lower_bound":752585.6989957985,"upper_bound":778329.346386499},"point_estimate":762908.1153391459,"standard_error":6784.6484117003265},"std_dev":{"confidence_interval":{"confidence_level":0.95,"lower_bound":9042.708239790241,"upper_bound":55389.449130443194},"point_estimate":34749.614082120985,"standard_error":13027.31416166593}}