{"mean":{"confidence_interval":{"confidence_level":0.95,"lower_bound":1333580.852197014,"upper_bound":1420170.7929754576},"point_estimate":1376107.6924391268,"standard_error":22130.437739468707},"median":{"confidence_interval":{"confidence_level":0.95,"lower_bound":1235426.71875,"upper_bound":1450447.5632183908},"point_estimate":1297368.7785714285,"standard_error":56973.62184709291},"median_abs_dev":{"confidence_interval":{"confidence_level":0.95,"lower_bound":136408.55444315757,"upper_bound":311599.8707735288},"point_estimate":224898.23142105134,"standard_error":46603.54919087053},"slope":{"confidence_interval":{"confidence_level":0.95,"lower_bound":1403244.447013572,"upper_bound":1513050.5660205462},"point_estimate":1458821.5067917837,"standard_error":27988.204098576953},"std_dev":{"confidence_interval":{"confidence_level":0.95,"lower_bound":191928.02296858022,"upper_bound":250064.15083967705},"point_estimate":221983.10128162638,"standard_error":14877.48326050612}}