{"mean":{"confidence_interval":{"confidence_level":0.95,"lower_bound":966457.3776524159,"upper_bound":981135.809164293},"point_estimate":972504.7249328697,"standard_error":3822.330683196463},"median":{"confidence_interval":{"confidence_level":0.95,"lower_bound":963921.5548374613,"upper_bound":969608.0625},"point_estimate":967751.7494830438,"standard_error":1447.5165724484725},"median_abs_dev":{"confidence_interval":{"confidence_level":0.95,"lower_bound":10434.214178431228,"upper_bound":16798.797305889948},"point_estimate":14357.4598957539,"standard_error":1587.0978804176514},"slope":{"confidence_interval":{"confidence_level":0.95,"lower_bound":967153.0681265993,"upper_bound":983132.4847147265},"point_estimate":973329.1227530664,"standard_error":4200.299558994693},"std_dev":{"confidence_interval":{"confidence_level":0.95,"lower_bound":13821.830354740741,"upper_bound":61368.54898224684},"point_estimate":38489.53986345395,"standard_error":14616.564180925756}}