{"mean":{"confidence_interval":{"confidence_level":0.95,"lower_bound":871234.5665508733,"upper_bound":883397.6607318368},"point_estimate":875997.3019227968,"standard_error":3213.233916849894},"median":{"confidence_interval":{"confidence_level":0.95,"lower_bound":868964.8890109891,"upper_bound":872156.586722488},"point_estimate":871171.5040584416,"standard_error":931.7686170454759},"median_abs_dev":{"confidence_interval":{"confidence_level":0.95,"lower_bound":5301.931495726964,"upper_bound":8775.863908613828},"point_estimate":6977.879447287092,"standard_error":869.5868006430784},"slope":{"confidence_interval":{"confidence_level":0.95,"lower_bound":871409.5579928745,"upper_bound":885053.3129524632},"point_estimate":877155.6627929659,"standard_error":3542.283381625814},"std_dev":{"confidence_interval":{"confidence_level":0.95,"lower_bound":8647.741187959587,"upper_bound":53115.00603252896},"point_estimate":32342.30532297309,"standard_error":14117.576343123757}}