{"mean":{"confidence_interval":{"confidence_level":0.95,"lower_bound":868338.4483321037,"upper_bound":885703.1388634332},"point_estimate":875685.1675358413,"standard_error":4505.897818644327},"median":{"confidence_interval":{"confidence_level":0.95,"lower_bound":866122.6988636364,"upper_bound":868987.7262090166},"point_estimate":867253.5964285715,"standard_error":665.7793012264609},"median_abs_dev":{"confidence_interval":{"confidence_level":0.95,"lower_bound":4710.901747894594,"upper_bound":8866.826576497726},"point_estimate":6289.6779028231085,"standard_error":1109.4574748215434},"slope":{"confidence_interval":{"confidence_level":0.95,"lower_bound":868746.4963601489,"upper_bound":883609.2720068431},"point_estimate":875007.4360543815,"standard_error":3830.125573644249},"std_dev":{"confidence_interval":{"confidence_level":0.95,"lower_bound":11827.619135555293,"upper_bound":71435.1422887065},"point_estimate":45414.78740059271,"standard_error":15808.889910288159}}