{"mean":{"confidence_interval":{"confidence_level":0.95,"lower_bound":1140550.4768088323,"upper_bound":1218980.6605397721},"point_estimate":1177446.0342096486,"standard_error":20027.447992329122},"median":{"confidence_interval":{"confidence_level":0.95,"lower_bound":1090944.589888487,"upper_bound":1163416.9009049772},"point_estimate":1129119.925,"standard_error":19131.827736978546},"median_abs_dev":{"confidence_interval":{"confidence_level":0.95,"lower_bound":107629.87785299079,"upper_bound":186678.387798542},"point_estimate":147647.29758771657,"standard_error":20051.60355252498},"slope":{"confidence_interval":{"confidence_level":0.95,"lower_bound":1120666.0407917516,"upper_bound":1190596.40207724},"point_estimate":1153195.586463721,"standard_error":17794.649736989308},"std_dev":{"confidence_interval":{"confidence_level":0.95,"lower_bound":141434.80118988163,"upper_bound":267425.4877780625},"point_estimate":201431.08947657235,"standard_error":34280.14627066207}}