{"mean":{"confidence_interval":{"confidence_level":0.95,"lower_bound":1063523.9097697577,"upper_bound":1132525.5626978776},"point_estimate":1093050.1717859246,"standard_error":17902.80126423957},"median":{"confidence_interval":{"confidence_level":0.95,"lower_bound":1040038.5555555555,"upper_bound":1058103.421875},"point_estimate":1050655.0478070173,"standard_error":5510.531715994901},"median_abs_dev":{"confidence_interval":{"confidence_level":0.95,"lower_bound":26299.31584559378,"upper_bound":50035.411064702515},"point_estimate":38450.65072199439,"standard_error":6181.717814307016},"slope":{"confidence_interval":{"confidence_level":0.95,"lower_bound":1068030.1648808795,"upper_bound":1110609.4750219767},"point_estimate":1088353.0405526822,"standard_error":10898.45836942556},"std_dev":{"confidence_interval":{"confidence_level":0.95,"lower_bound":70237.61092699457,"upper_bound":279402.1820918154},"point_estimate":179982.35017492546,"standard_error":59423.19800515761}}