{"mean":{"confidence_interval":{"confidence_level":0.95,"lower_bound":887751.1364538225,"upper_bound":917236.2854232534},"point_estimate":901499.6983596607,"standard_error":7577.587137204941},"median":{"confidence_interval":{"confidence_level":0.95,"lower_bound":865727.0714285715,"upper_bound":886996.2646153846},"point_estimate":873898.2477678572,"standard_error":4923.944403992904},"median_abs_dev":{"confidence_interval":{"confidence_level":0.95,"lower_bound":17312.028927846528,"upper_bound":39531.04372151812},"point_estimate":27216.88341573596,"standard_error":4824.103651615623},"slope":{"confidence_interval":{"confidence_level":0.95,"lower_bound":865825.5289522411,"upper_bound":881645.152692334},"point_estimate":872315.4489212354,"standard_error":4076.2790026097696},"std_dev":{"confidence_interval":{"confidence_level":0.95,"lower_bound":51381.380259519196,"upper_bound":97156.23293153974},"point_estimate":76394.18104422823,"standard_error":11732.751111569283}}