{"mean":{"confidence_interval":{"confidence_level":0.95,"lower_bound":647.2750847041394,"upper_bound":651.3986364871199},"point_estimate":649.3019154342295,"standard_error":1.0547939931939003},"median":{"confidence_interval":{"confidence_level":0.95,"lower_bound":645.8359154706227,"upper_bound":650.0764242704956},"point_estimate":648.0474869994525,"standard_error":1.0892539749273413},"median_abs_dev":{"confidence_interval":{"confidence_level":0.95,"lower_bound":8.2260244376744,"upper_bound":12.957714770922117},"point_estimate":10.260782621198477,"standard_error":1.1195439822242408},"slope":{"confidence_interval":{"confidence_level":0.95,"lower_bound":648.0564245099014,"upper_bound":651.269148760323},"point_estimate":649.6495272681575,"standard_error":0.8200436518645147},"std_dev":{"confidence_interval":{"confidence_level":0.95,"lower_bound":9.010098543996097,"upper_bound":12.10678721418752},"point_estimate":10.654785124564187,"standard_error":0.7934789618765493}}