{"mean":{"confidence_interval":{"confidence_level":0.95,"lower_bound":97836.53592960107,"upper_bound":100554.49343193183},"point_estimate":99073.42024323452,"standard_error":695.3136089943837},"median":{"confidence_interval":{"confidence_level":0.95,"lower_bound":97355.2375,"upper_bound":99591.66346153847},"point_estimate":98499.56065476191,"standard_error":651.2908369813355},"median_abs_dev":{"confidence_interval":{"confidence_level":0.95,"lower_bound":2783.2384655979504,"upper_bound":4440.592922336446},"point_estimate":3506.681365754,"standard_error":422.3830374589986},"slope":{"confidence_interval":{"confidence_level":0.95,"lower_bound":99105.60600041779,"upper_bound":101496.51538871834},"point_estimate":100233.58646874539,"standard_error":611.9952635095427},"std_dev":{"confidence_interval":{"confidence_level":0.95,"lower_bound":4006.676377720624,"upper_bound":10134.87563157575},"point_estimate":6978.574168848583,"standard_error":1749.772526031779}}