{"mean":{"confidence_interval":{"confidence_level":0.95,"lower_bound":127554.2277473094,"upper_bound":133053.5035191399},"point_estimate":130235.28206467455,"standard_error":1404.4431625834422},"median":{"confidence_interval":{"confidence_level":0.95,"lower_bound":123252.06505102041,"upper_bound":129228.67051426426},"point_estimate":125585.87348484847,"standard_error":1599.9748736704328},"median_abs_dev":{"confidence_interval":{"confidence_level":0.95,"lower_bound":8878.666628483275,"upper_bound":17295.07522000986},"point_estimate":11439.946566813878,"standard_error":2181.493993533473},"slope":{"confidence_interval":{"confidence_level":0.95,"lower_bound":128864.08188875216,"upper_bound":137515.56802548005},"point_estimate":133056.0221715679,"standard_error":2215.0681157487666},"std_dev":{"confidence_interval":{"confidence_level":0.95,"lower_bound":11896.263321503142,"upper_bound":16257.695789487163},"point_estimate":14157.045519886155,"standard_error":1117.5882754839754}}