{"mean":{"confidence_interval":{"confidence_level":0.95,"lower_bound":114925.14722109775,"upper_bound":117644.7672684292},"point_estimate":116169.20999853317,"standard_error":699.011451108596},"median":{"confidence_interval":{"confidence_level":0.95,"lower_bound":113782.5636574074,"upper_bound":115043.40224867724},"point_estimate":114325.74877377378,"standard_error":325.5073019143917},"median_abs_dev":{"confidence_interval":{"confidence_level":0.95,"lower_bound":1755.6548025328223,"upper_bound":3313.436358705604},"point_estimate":2608.6643323644125,"standard_error":391.0406742070777},"slope":{"confidence_interval":{"confidence_level":0.95,"lower_bound":115172.23371324365,"upper_bound":118964.76336997091},"point_estimate":116814.04123442195,"standard_error":977.6288925224745},"std_dev":{"confidence_interval":{"confidence_level":0.95,"lower_bound":3774.0580645399896,"upper_bound":9808.483488756538},"point_estimate":7036.623117243251,"standard_error":1559.416143481271}}