{"mean":{"confidence_interval":{"confidence_level":0.95,"lower_bound":133911.16776906876,"upper_bound":137229.00717801496},"point_estimate":135478.78611434347,"standard_error":847.303899769654},"median":{"confidence_interval":{"confidence_level":0.95,"lower_bound":133113.45630559916,"upper_bound":135827.2118226601},"point_estimate":134133.20868065537,"standard_error":810.6860352712291},"median_abs_dev":{"confidence_interval":{"confidence_level":0.95,"lower_bound":4675.868939142721,"upper_bound":8483.343437422784},"point_estimate":6122.056149797676,"standard_error":1024.0851791043538},"slope":{"confidence_interval":{"confidence_level":0.95,"lower_bound":135185.01257882963,"upper_bound":138200.05637666304},"point_estimate":136634.19045156115,"standard_error":769.459423024014},"std_dev":{"confidence_interval":{"confidence_level":0.95,"lower_bound":6135.270765338346,"upper_bound":11405.937527975746},"point_estimate":8533.176998731446,"standard_error":1486.0387493433022}}