{"mean":{"confidence_interval":{"confidence_level":0.95,"lower_bound":167013.15793411818,"upper_bound":189679.46099904497},"point_estimate":176669.08983135014,"standard_error":5863.300047173836},"median":{"confidence_interval":{"confidence_level":0.95,"lower_bound":158893.13310060865,"upper_bound":166157.51812366737},"point_estimate":161607.0482142857,"standard_error":1959.4094137338107},"median_abs_dev":{"confidence_interval":{"confidence_level":0.95,"lower_bound":8902.140024871827,"upper_bound":16356.036083878598},"point_estimate":11755.054424181264,"standard_error":1962.8968553413188},"slope":{"confidence_interval":{"confidence_level":0.95,"lower_bound":160376.918589343,"upper_bound":166301.17046437602},"point_estimate":163084.44622643501,"standard_error":1517.6919819863115},"std_dev":{"confidence_interval":{"confidence_level":0.95,"lower_bound":22035.48290491771,"upper_bound":90865.19805312829},"point_estimate":58759.80535748971,"standard_error":18774.06612045402}}