{"mean":{"confidence_interval":{"confidence_level":0.95,"lower_bound":127451.98095281902,"upper_bound":131007.4344671902},"point_estimate":129131.2939303979,"standard_error":907.4554815082523},"median":{"confidence_interval":{"confidence_level":0.95,"lower_bound":125248.89285714286,"upper_bound":128048.32473818475},"point_estimate":126417.78761574073,"standard_error":662.6857435087129},"median_abs_dev":{"confidence_interval":{"confidence_level":0.95,"lower_bound":3876.731474840927,"upper_bound":8243.82589283255},"point_estimate":6332.533685218702,"standard_error":1167.9954729228402},"slope":{"confidence_interval":{"confidence_level":0.95,"lower_bound":129286.51960164424,"upper_bound":133011.78611077505},"point_estimate":131098.26470075364,"standard_error":952.63034234304},"std_dev":{"confidence_interval":{"confidence_level":0.95,"lower_bound":6419.028057028512,"upper_bound":12093.309552628889},"point_estimate":9117.295990118824,"standard_error":1539.7382566713848}}