{"mean":{"confidence_interval":{"confidence_level":0.95,"lower_bound":89769.14925702778,"upper_bound":91054.58906091118},"point_estimate":90347.01944121113,"standard_error":326.9866483902847},"median":{"confidence_interval":{"confidence_level":0.95,"lower_bound":89513.30666666667,"upper_bound":90512.30666666667},"point_estimate":89939.39130777311,"standard_error":244.6493721411262},"median_abs_dev":{"confidence_interval":{"confidence_level":0.95,"lower_bound":1683.8213444011603,"upper_bound":2886.8689849060693},"point_estimate":2193.4443244676695,"standard_error":314.1998993745079},"slope":{"confidence_interval":{"confidence_level":0.95,"lower_bound":90307.2582660236,"upper_bound":91483.76428421216},"point_estimate":90888.39138145903,"standard_error":301.28138244998087},"std_dev":{"confidence_interval":{"confidence_level":0.95,"lower_bound":2015.6467215206292,"upper_bound":4774.694516734518},"point_estimate":3287.395813833316,"standard_error":837.1394955033788}}