{"mean":{"confidence_interval":{"confidence_level":0.95,"lower_bound":203209.2519009291,"upper_bound":203425.65557939294},"point_estimate":203313.29545514035,"standard_error":55.385639948536664},"median":{"confidence_interval":{"confidence_level":0.95,"lower_bound":203092.505,"upper_bound":203360.11612903225},"point_estimate":203195.44932950192,"standard_error":64.35614204328547},"median_abs_dev":{"confidence_interval":{"confidence_level":0.95,"lower_bound":362.37107350826864,"upper_bound":596.899691402911},"point_estimate":477.2883589110504,"standard_error":63.56479070079801},"slope":{"confidence_interval":{"confidence_level":0.95,"lower_bound":203013.07215151607,"upper_bound":203194.43618585248},"point_estimate":203099.50114851486,"standard_error":46.430376778197605},"std_dev":{"confidence_interval":{"confidence_level":0.95,"lower_bound":423.25906929853625,"upper_bound":691.0632197205281},"point_estimate":556.3903590094951,"standard_error":69.27274270590223}}