{"mean":{"confidence_interval":{"confidence_level":0.95,"lower_bound":76645.92297405949,"upper_bound":78214.91216241635},"point_estimate":77328.04897917529,"standard_error":404.1265128564337},"median":{"confidence_interval":{"confidence_level":0.95,"lower_bound":76419.74475524476,"upper_bound":76620.5076923077},"point_estimate":76512.25969292804,"standard_error":50.390756233950206},"median_abs_dev":{"confidence_interval":{"confidence_level":0.95,"lower_bound":404.53465674183786,"upper_bound":676.0027290371397},"point_estimate":528.2156136992154,"standard_error":69.4621115542376},"slope":{"confidence_interval":{"confidence_level":0.95,"lower_bound":76396.64351257097,"upper_bound":77025.33292242211},"point_estimate":76662.31136988326,"standard_error":162.07524797231306},"std_dev":{"confidence_interval":{"confidence_level":0.95,"lower_bound":1497.4998194997322,"upper_bound":5989.7684459440925},"point_estimate":4046.033174537332,"standard_error":1164.6282211208627}}