{"mean":{"confidence_interval":{"confidence_level":0.95,"lower_bound":130971.61537160493,"upper_bound":135822.25386230514},"point_estimate":133273.56292213584,"standard_error":1240.8246359782806},"median":{"confidence_interval":{"confidence_level":0.95,"lower_bound":128070.01130212509,"upper_bound":133092.97569444444},"point_estimate":130947.63727678571,"standard_error":1214.2225183210367},"median_abs_dev":{"confidence_interval":{"confidence_level":0.95,"lower_bound":6697.603296875017,"upper_bound":10872.332379554604},"point_estimate":8938.134294137715,"standard_error":1060.1234943396112},"slope":{"confidence_interval":{"confidence_level":0.95,"lower_bound":133179.82917776256,"upper_bound":138535.17928791523},"point_estimate":135777.23933796363,"standard_error":1369.884867118096},"std_dev":{"confidence_interval":{"confidence_level":0.95,"lower_bound":8718.155280006958,"upper_bound":16147.197478545027},"point_estimate":12421.816108585752,"standard_error":1927.8316016079832}}