{"mean":{"confidence_interval":{"confidence_level":0.95,"lower_bound":80015.89902384115,"upper_bound":81545.31320209919},"point_estimate":80655.16348350362,"standard_error":399.1392204348736},"median":{"confidence_interval":{"confidence_level":0.95,"lower_bound":79816.73425852499,"upper_bound":80115.17948717948},"point_estimate":79968.66682400115,"standard_error":81.94741351699801},"median_abs_dev":{"confidence_interval":{"confidence_level":0.95,"lower_bound":489.63763996551967,"upper_bound":833.2791322683092},"point_estimate":655.8369795369413,"standard_error":89.30829956692453},"slope":{"confidence_interval":{"confidence_level":0.95,"lower_bound":80106.6400331693,"upper_bound":81412.58516367413},"point_estimate":80626.41648179514,"standard_error":341.7655831653692},"std_dev":{"confidence_interval":{"confidence_level":0.95,"lower_bound":853.7757605358394,"upper_bound":6338.206631633079},"point_estimate":4012.0560472793954,"standard_error":1455.4780573866697}}