{"mean":{"confidence_interval":{"confidence_level":0.95,"lower_bound":80190.0636968154,"upper_bound":80690.06210906732},"point_estimate":80429.31433196485,"standard_error":127.29429559003829},"median":{"confidence_interval":{"confidence_level":0.95,"lower_bound":80070.02001392272,"upper_bound":80423.4036741434},"point_estimate":80245.5702991453,"standard_error":80.02107068902035},"median_abs_dev":{"confidence_interval":{"confidence_level":0.95,"lower_bound":608.731583437695,"upper_bound":1005.0364648493434},"point_estimate":746.0250428574017,"standard_error":99.30238142914214},"slope":{"confidence_interval":{"confidence_level":0.95,"lower_bound":80261.44566048733,"upper_bound":81044.3892410183},"point_estimate":80629.04231007946,"standard_error":200.5366741824226},"std_dev":{"confidence_interval":{"confidence_level":0.95,"lower_bound":916.9178472346598,"upper_bound":1633.9897532499874},"point_estimate":1277.3114631079463,"standard_error":185.59764413642108}}