{"mean":{"confidence_interval":{"confidence_level":0.95,"lower_bound":78822.46016816224,"upper_bound":81117.84375213008},"point_estimate":79839.82618472465,"standard_error":593.4388762938079},"median":{"confidence_interval":{"confidence_level":0.95,"lower_bound":78534.54142011834,"upper_bound":79058.17615536638},"point_estimate":78842.24372469637,"standard_error":150.32462249092802},"median_abs_dev":{"confidence_interval":{"confidence_level":0.95,"lower_bound":724.0088848953346,"upper_bound":1155.4214678673072},"point_estimate":910.658757873308,"standard_error":113.1657160166407},"slope":{"confidence_interval":{"confidence_level":0.95,"lower_bound":78821.873318039,"upper_bound":79322.9976764821},"point_estimate":79050.32653783633,"standard_error":127.72721338972157},"std_dev":{"confidence_interval":{"confidence_level":0.95,"lower_bound":2343.1640012379817,"upper_bound":8471.238001305492},"point_estimate":5941.821002011051,"standard_error":1530.9677018550974}}