{"mean":{"confidence_interval":{"confidence_level":0.95,"lower_bound":91906.55870154354,"upper_bound":93217.42685410168},"point_estimate":92522.10926821556,"standard_error":333.5088964570671},"median":{"confidence_interval":{"confidence_level":0.95,"lower_bound":91712.40348692403,"upper_bound":92864.67801766272},"point_estimate":92328.3715640333,"standard_error":253.870842468804},"median_abs_dev":{"confidence_interval":{"confidence_level":0.95,"lower_bound":1848.8100745117306,"upper_bound":3174.6490904697375},"point_estimate":2463.728489117901,"standard_error":351.54888382400526},"slope":{"confidence_interval":{"confidence_level":0.95,"lower_bound":92331.53047177751,"upper_bound":93597.12731047168},"point_estimate":92909.18119940352,"standard_error":324.200787354151},"std_dev":{"confidence_interval":{"confidence_level":0.95,"lower_bound":2235.2054976458776,"upper_bound":4610.808446241685},"point_estimate":3354.0111532957617,"standard_error":667.2469516243735}}