{"mean":{"confidence_interval":{"confidence_level":0.95,"lower_bound":146471.9587751457,"upper_bound":152512.58473797087},"point_estimate":149323.07420849803,"standard_error":1552.0393280068668},"median":{"confidence_interval":{"confidence_level":0.95,"lower_bound":143876.54377880183,"upper_bound":146952.1826215022},"point_estimate":145314.37110389612,"standard_error":754.2478049996488},"median_abs_dev":{"confidence_interval":{"confidence_level":0.95,"lower_bound":4929.697642343269,"upper_bound":8554.867921870733},"point_estimate":6470.076169133188,"standard_error":919.6396314883709},"slope":{"confidence_interval":{"confidence_level":0.95,"lower_bound":146804.49557576072,"upper_bound":154058.9112307696},"point_estimate":150104.88681964998,"standard_error":1858.9438595747479},"std_dev":{"confidence_interval":{"confidence_level":0.95,"lower_bound":10831.682378751968,"upper_bound":19652.898033793666},"point_estimate":15638.16764504124,"standard_error":2254.350993336094}}