{"mean":{"confidence_interval":{"confidence_level":0.95,"lower_bound":85971.55496682556,"upper_bound":88452.70477924599},"point_estimate":86991.21818338208,"standard_error":648.2048888163827},"median":{"confidence_interval":{"confidence_level":0.95,"lower_bound":85426.01822916667,"upper_bound":86231.75839763375},"point_estimate":85851.59112751993,"standard_error":216.08023307770847},"median_abs_dev":{"confidence_interval":{"confidence_level":0.95,"lower_bound":1256.5962849530192,"upper_bound":2342.8751678009253},"point_estimate":1882.318076075301,"standard_error":284.2317043651518},"slope":{"confidence_interval":{"confidence_level":0.95,"lower_bound":86289.95739212401,"upper_bound":88914.8515108688},"point_estimate":87490.56031771834,"standard_error":677.7491719565534},"std_dev":{"confidence_interval":{"confidence_level":0.95,"lower_bound":2260.3430876803486,"upper_bound":10396.905191846103},"point_estimate":6507.773440920638,"standard_error":2496.80546236074}}