{"mean":{"confidence_interval":{"confidence_level":0.95,"lower_bound":93493.35605950728,"upper_bound":96494.04978482008},"point_estimate":94842.39599856327,"standard_error":768.1628076870435},"median":{"confidence_interval":{"confidence_level":0.95,"lower_bound":92595.46685606061,"upper_bound":94334.99918831169},"point_estimate":93529.72479648373,"standard_error":444.5534600944183},"median_abs_dev":{"confidence_interval":{"confidence_level":0.95,"lower_bound":2366.5978982154293,"upper_bound":4120.4258081256385},"point_estimate":2964.1817888466635,"standard_error":435.51163466253564},"slope":{"confidence_interval":{"confidence_level":0.95,"lower_bound":92852.35697041759,"upper_bound":96718.94696528447},"point_estimate":94404.08171635075,"standard_error":1011.9290660027146},"std_dev":{"confidence_interval":{"confidence_level":0.95,"lower_bound":3722.5848103302615,"upper_bound":11118.041438829337},"point_estimate":7717.090611998562,"standard_error":1961.4259053928713}}