{"mean":{"confidence_interval":{"confidence_level":0.95,"lower_bound":910137.3442311885,"upper_bound":924334.0070787347},"point_estimate":916313.666885269,"standard_error":3656.1025011172555},"median":{"confidence_interval":{"confidence_level":0.95,"lower_bound":906245.8143901628,"upper_bound":909151.6739130435},"point_estimate":908125.1990847886,"standard_error":777.7016953773183},"median_abs_dev":{"confidence_interval":{"confidence_level":0.95,"lower_bound":3901.69109074334,"upper_bound":7233.305689927481},"point_estimate":5522.103759484971,"standard_error":829.6100750919878},"slope":{"confidence_interval":{"confidence_level":0.95,"lower_bound":907681.1007413674,"upper_bound":917677.2934052418},"point_estimate":911601.1377006059,"standard_error":2640.7766486671794},"std_dev":{"confidence_interval":{"confidence_level":0.95,"lower_bound":9588.411358053256,"upper_bound":54019.35757105885},"point_estimate":36755.7224416009,"standard_error":10621.188895773048}}