{"mean":{"confidence_interval":{"confidence_level":0.95,"lower_bound":172453.39694515493,"upper_bound":177006.2319036435},"point_estimate":174307.6431779429,"standard_error":1192.572962789219},"median":{"confidence_interval":{"confidence_level":0.95,"lower_bound":171979.4384920635,"upper_bound":172886.4793205064},"point_estimate":172491.25656565657,"standard_error":252.62627145510783},"median_abs_dev":{"confidence_interval":{"confidence_level":0.95,"lower_bound":1223.6600373666388,"upper_bound":2055.1818270759886},"point_estimate":1533.133219462915,"standard_error":211.6683871159868},"slope":{"confidence_interval":{"confidence_level":0.95,"lower_bound":172820.10944793114,"upper_bound":174143.79854865585},"point_estimate":173401.21806758287,"standard_error":342.22324712074584},"std_dev":{"confidence_interval":{"confidence_level":0.95,"lower_bound":1879.788041342584,"upper_bound":19041.25649189822},"point_estimate":11995.110541834898,"standard_error":4681.579391136803}}