{"mean":{"confidence_interval":{"confidence_level":0.95,"lower_bound":69124.09984720965,"upper_bound":69196.17636467764},"point_estimate":69161.46164457056,"standard_error":18.375184965637},"median":{"confidence_interval":{"confidence_level":0.95,"lower_bound":69123.79700374532,"upper_bound":69198.48333333334},"point_estimate":69170.38444444444,"standard_error":18.10250716814322},"median_abs_dev":{"confidence_interval":{"confidence_level":0.95,"lower_bound":117.81533773144776,"upper_bound":178.51673442850404},"point_estimate":148.0538528128884,"standard_error":15.285946282987094},"slope":{"confidence_interval":{"confidence_level":0.95,"lower_bound":69132.45042117049,"upper_bound":69200.865851508},"point_estimate":69166.2326537609,"standard_error":17.43450903359199},"std_dev":{"confidence_interval":{"confidence_level":0.95,"lower_bound":122.27379988702711,"upper_bound":254.87042771662},"point_estimate":184.81374050810254,"standard_error":35.832493051994156}}