{"mean":{"confidence_interval":{"confidence_level":0.95,"lower_bound":8260885.72225,"upper_bound":8485105.59782143},"point_estimate":8364938.022857145,"standard_error":57137.84834342761},"median":{"confidence_interval":{"confidence_level":0.95,"lower_bound":8217778.071428571,"upper_bound":8331986.142857143},"point_estimate":8261643.071428571,"standard_error":30479.885228412888},"median_abs_dev":{"confidence_interval":{"confidence_level":0.95,"lower_bound":233533.85285394613,"upper_bound":367551.8889746484},"point_estimate":302359.3206320496,"standard_error":34478.89842985919},"slope":null,"std_dev":{"confidence_interval":{"confidence_level":0.95,"lower_bound":359804.3434404927,"upper_bound":778930.6664344561},"point_estimate":574534.0025846639,"standard_error":108680.12365626195}}