{"mean":{"confidence_interval":{"confidence_level":0.95,"lower_bound":32668644.8415,"upper_bound":33709931.705375},"point_estimate":33101214.01,"standard_error":271327.16311057395},"median":{"confidence_interval":{"confidence_level":0.95,"lower_bound":32519254.0,"upper_bound":33015603.75},"point_estimate":32871353.5,"standard_error":118699.27968346754},"median_abs_dev":{"confidence_interval":{"confidence_level":0.95,"lower_bound":778399.8272806406,"upper_bound":1168067.130562663},"point_estimate":968281.5950095654,"standard_error":97647.4564499325},"slope":null,"std_dev":{"confidence_interval":{"confidence_level":0.95,"lower_bound":841419.135341717,"upper_bound":4313425.788497459},"point_estimate":2723153.1405874947,"standard_error":978412.5413835355}}