{"mean":{"confidence_interval":{"confidence_level":0.95,"lower_bound":41818583.735,"upper_bound":43131562.60124999},"point_estimate":42428479.385,"standard_error":336253.5960875629},"median":{"confidence_interval":{"confidence_level":0.95,"lower_bound":41293862.0,"upper_bound":42277462.0},"point_estimate":41532312.0,"standard_error":263479.59843955113},"median_abs_dev":{"confidence_interval":{"confidence_level":0.95,"lower_bound":1458767.549751699,"upper_bound":2354443.62950027},"point_estimate":1877713.2373139262,"standard_error":232191.63825923557},"slope":null,"std_dev":{"confidence_interval":{"confidence_level":0.95,"lower_bound":2045438.1488745662,"upper_bound":4507818.090862978},"point_estimate":3369009.6593554495,"standard_error":633353.7905800922}}