{"mean":{"confidence_interval":{"confidence_level":0.95,"lower_bound":36736194.269,"upper_bound":37584467.091875},"point_estimate":37126272.55,"standard_error":217046.14745253322},"median":{"confidence_interval":{"confidence_level":0.95,"lower_bound":36564543.5,"upper_bound":37030631.75},"point_estimate":36869068.0,"standard_error":135804.21152953783},"median_abs_dev":{"confidence_interval":{"confidence_level":0.95,"lower_bound":785509.6354544163,"upper_bound":1304980.049031973},"point_estimate":1024895.4163044691,"standard_error":138738.49083800756},"slope":null,"std_dev":{"confidence_interval":{"confidence_level":0.95,"lower_bound":1229581.7101445626,"upper_bound":2966172.396539751},"point_estimate":2176878.361039321,"standard_error":441414.43536552676}}