{"mean":{"confidence_interval":{"confidence_level":0.95,"lower_bound":188023.79462052524,"upper_bound":204840.40150739058},"point_estimate":195222.15557435685,"standard_error":4341.284684846371},"median":{"confidence_interval":{"confidence_level":0.95,"lower_bound":183287.03464673914,"upper_bound":190317.2314814815},"point_estimate":185799.88192771084,"standard_error":1749.9324456542606},"median_abs_dev":{"confidence_interval":{"confidence_level":0.95,"lower_bound":9207.312847080157,"upper_bound":14687.894003217876},"point_estimate":11819.896478678995,"standard_error":1351.850935717121},"slope":{"confidence_interval":{"confidence_level":0.95,"lower_bound":189187.2832395577,"upper_bound":200188.49885800257},"point_estimate":194166.24265011575,"standard_error":2821.7407939147083},"std_dev":{"confidence_interval":{"confidence_level":0.95,"lower_bound":13856.137933012782,"upper_bound":66437.46384470335},"point_estimate":43635.93752757007,"standard_error":13724.323097734892}}