{"mean":{"confidence_interval":{"confidence_level":0.95,"lower_bound":100487.96795880125,"upper_bound":103621.6259995428},"point_estimate":101939.43858106801,"standard_error":802.4380319657287},"median":{"confidence_interval":{"confidence_level":0.95,"lower_bound":99494.79327521793,"upper_bound":102079.58866837388},"point_estimate":101207.16388595742,"standard_error":651.6848502535643},"median_abs_dev":{"confidence_interval":{"confidence_level":0.95,"lower_bound":4324.978197046157,"upper_bound":6475.585119126298},"point_estimate":5883.387704363212,"standard_error":557.629563330226},"slope":{"confidence_interval":{"confidence_level":0.95,"lower_bound":98915.25325538145,"upper_bound":100958.99800042111},"point_estimate":99928.5565119497,"standard_error":520.6147786262226},"std_dev":{"confidence_interval":{"confidence_level":0.95,"lower_bound":4882.436931561321,"upper_bound":11133.920453427758},"point_estimate":8084.629517320301,"standard_error":1642.8720935612187}}