{"mean":{"confidence_interval":{"confidence_level":0.95,"lower_bound":106264.02707977977,"upper_bound":109158.1376557124},"point_estimate":107573.66430215893,"standard_error":741.4522855908014},"median":{"confidence_interval":{"confidence_level":0.95,"lower_bound":105724.61481481482,"upper_bound":107499.91227511244},"point_estimate":106780.08134615383,"standard_error":441.8673586764495},"median_abs_dev":{"confidence_interval":{"confidence_level":0.95,"lower_bound":2574.322110537197,"upper_bound":4425.136186215475},"point_estimate":3484.648816685652,"standard_error":476.60734233305},"slope":{"confidence_interval":{"confidence_level":0.95,"lower_bound":106412.62606885575,"upper_bound":108460.67968227557},"point_estimate":107355.53136722329,"standard_error":522.2121051310384},"std_dev":{"confidence_interval":{"confidence_level":0.95,"lower_bound":4027.367163448537,"upper_bound":10391.360397476004},"point_estimate":7453.799408539713,"standard_error":1641.1052439778896}}