{"mean":{"confidence_interval":{"confidence_level":0.95,"lower_bound":503.362972519874,"upper_bound":511.81145728185044},"point_estimate":507.00162620633176,"standard_error":2.1759818449951154},"median":{"confidence_interval":{"confidence_level":0.95,"lower_bound":502.8026077097506,"upper_bound":505.73457228358376},"point_estimate":504.83710956943753,"standard_error":0.7931424735890121},"median_abs_dev":{"confidence_interval":{"confidence_level":0.95,"lower_bound":4.254356850709128,"upper_bound":7.79941181430637},"point_estimate":6.15303230371606,"standard_error":0.9475325659272499},"slope":{"confidence_interval":{"confidence_level":0.95,"lower_bound":504.1798169846108,"upper_bound":513.1716652127348},"point_estimate":507.6849920336688,"standard_error":2.3592659980271993},"std_dev":{"confidence_interval":{"confidence_level":0.95,"lower_bound":5.883830370626809,"upper_bound":35.05082715870056},"point_estimate":21.900843571307934,"standard_error":7.871733835811487}}