{"mean":{"confidence_interval":{"confidence_level":0.95,"lower_bound":1244075.4015334176,"upper_bound":1262916.2326969805},"point_estimate":1251636.6904381537,"standard_error":4946.697884782407},"median":{"confidence_interval":{"confidence_level":0.95,"lower_bound":1243763.6216216215,"upper_bound":1251511.1978723404},"point_estimate":1249548.7633333332,"standard_error":2246.3110227856623},"median_abs_dev":{"confidence_interval":{"confidence_level":0.95,"lower_bound":10324.797316741795,"upper_bound":21120.567559918676},"point_estimate":17224.521880008186,"standard_error":2965.6737603935003},"slope":{"confidence_interval":{"confidence_level":0.95,"lower_bound":1243946.6526604986,"upper_bound":1262930.6150766062},"point_estimate":1251454.9348869515,"standard_error":5053.542616161042},"std_dev":{"confidence_interval":{"confidence_level":0.95,"lower_bound":13119.890584838471,"upper_bound":80728.83602427751},"point_estimate":49613.797268729555,"standard_error":20334.314400693664}}