{"mean":{"confidence_interval":{"confidence_level":0.95,"lower_bound":1047869.8759590475,"upper_bound":1101171.3601128},"point_estimate":1074524.3991992222,"standard_error":13639.429598766092},"median":{"confidence_interval":{"confidence_level":0.95,"lower_bound":1068363.1,"upper_bound":1117088.2023809524},"point_estimate":1097222.2794117648,"standard_error":15365.145342810938},"median_abs_dev":{"confidence_interval":{"confidence_level":0.95,"lower_bound":99292.92620130055,"upper_bound":164814.59945660655},"point_estimate":130396.10941372988,"standard_error":17021.93766396583},"slope":{"confidence_interval":{"confidence_level":0.95,"lower_bound":1062655.3174907253,"upper_bound":1120927.9929117505},"point_estimate":1092513.734298803,"standard_error":14889.36796671737},"std_dev":{"confidence_interval":{"confidence_level":0.95,"lower_bound":117220.7554606048,"upper_bound":154726.7673734354},"point_estimate":136759.9266339863,"standard_error":9584.246760722679}}