{"mean":{"confidence_interval":{"confidence_level":0.95,"lower_bound":1335987.8179208722,"upper_bound":1447569.2191799185},"point_estimate":1386310.5059418709,"standard_error":28484.92922011373},"median":{"confidence_interval":{"confidence_level":0.95,"lower_bound":1293873.5869565217,"upper_bound":1356570.7188644689},"point_estimate":1316540.75,"standard_error":17661.775052011973},"median_abs_dev":{"confidence_interval":{"confidence_level":0.95,"lower_bound":107647.72446934102,"upper_bound":180408.8281987461},"point_estimate":142429.39277762294,"standard_error":19296.456385397454},"slope":{"confidence_interval":{"confidence_level":0.95,"lower_bound":1295833.72546839,"upper_bound":1377926.2093777915},"point_estimate":1334931.8137815872,"standard_error":20932.528763619765},"std_dev":{"confidence_interval":{"confidence_level":0.95,"lower_bound":156932.98257477002,"upper_bound":411139.72656815656},"point_estimate":286432.15457373305,"standard_error":67788.44004882478}}