{"mean":{"confidence_interval":{"confidence_level":0.95,"lower_bound":830087.031709068,"upper_bound":883188.9070765481},"point_estimate":855873.4215072868,"standard_error":13498.834265216805},"median":{"confidence_interval":{"confidence_level":0.95,"lower_bound":829599.1215111644,"upper_bound":873828.1372549019},"point_estimate":842146.654018227,"standard_error":10338.06561051325},"median_abs_dev":{"confidence_interval":{"confidence_level":0.95,"lower_bound":65839.39473925492,"upper_bound":125141.22075800502},"point_estimate":89281.39085085972,"standard_error":14501.434289767416},"slope":{"confidence_interval":{"confidence_level":0.95,"lower_bound":850766.7420689323,"upper_bound":879105.3687875452},"point_estimate":864722.4700975321,"standard_error":7249.3331679637295},"std_dev":{"confidence_interval":{"confidence_level":0.95,"lower_bound":104384.46322312405,"upper_bound":165405.60910779427},"point_estimate":135690.70300587354,"standard_error":15703.924476088685}}