{"mean":{"confidence_interval":{"confidence_level":0.95,"lower_bound":998445.9630387246,"upper_bound":1053470.2896724136},"point_estimate":1025398.0806735468,"standard_error":14048.86507738058},"median":{"confidence_interval":{"confidence_level":0.95,"lower_bound":990267.6,"upper_bound":1031851.0},"point_estimate":1016319.3700607903,"standard_error":10140.70302717706},"median_abs_dev":{"confidence_interval":{"confidence_level":0.95,"lower_bound":71320.42353811441,"upper_bound":132284.72531447656},"point_estimate":100322.94273333484,"standard_error":15106.533451396219},"slope":{"confidence_interval":{"confidence_level":0.95,"lower_bound":998060.3416126489,"upper_bound":1037712.8058169254},"point_estimate":1017547.4073503768,"standard_error":10074.519666377037},"std_dev":{"confidence_interval":{"confidence_level":0.95,"lower_bound":111040.16641408343,"upper_bound":169027.20931927548},"point_estimate":141176.17969331355,"standard_error":14892.509962048545}}