{"mean":{"confidence_interval":{"confidence_level":0.95,"lower_bound":1433042.850295567,"upper_bound":1563461.2021458556},"point_estimate":1496914.3642511189,"standard_error":33392.55362619229},"median":{"confidence_interval":{"confidence_level":0.95,"lower_bound":1394852.2142857143,"upper_bound":1524778.4838709678},"point_estimate":1448190.1220095693,"standard_error":30414.400627777864},"median_abs_dev":{"confidence_interval":{"confidence_level":0.95,"lower_bound":193112.91520873152,"upper_bound":321467.2704496718},"point_estimate":264576.5948150216,"standard_error":33456.20280396644},"slope":{"confidence_interval":{"confidence_level":0.95,"lower_bound":1449939.3558641498,"upper_bound":1591037.0203058664},"point_estimate":1518222.767829171,"standard_error":35942.32411755291},"std_dev":{"confidence_interval":{"confidence_level":0.95,"lower_bound":268769.6081658224,"upper_bound":390914.10278837936},"point_estimate":332466.4944585091,"standard_error":31076.37437009722}}