{"mean":{"confidence_interval":{"confidence_level":0.95,"lower_bound":894167.5764132154,"upper_bound":954205.117037828},"point_estimate":924037.1166421807,"standard_error":15328.689679915953},"median":{"confidence_interval":{"confidence_level":0.95,"lower_bound":897478.9045698924,"upper_bound":971188.0906151193},"point_estimate":943928.1534954407,"standard_error":21070.532532777306},"median_abs_dev":{"confidence_interval":{"confidence_level":0.95,"lower_bound":102900.62777314863,"upper_bound":178055.33964655377},"point_estimate":135295.11735117214,"standard_error":19676.16504494177},"slope":{"confidence_interval":{"confidence_level":0.95,"lower_bound":942927.0324378081,"upper_bound":1000723.639562396},"point_estimate":972028.0990010344,"standard_error":14686.331979371571},"std_dev":{"confidence_interval":{"confidence_level":0.95,"lower_bound":131879.04889230308,"upper_bound":175847.5809074252},"point_estimate":154728.4514517741,"standard_error":11194.76487969436}}