{"mean":{"confidence_interval":{"confidence_level":0.95,"lower_bound":1366526.204909718,"upper_bound":1410793.2716744354},"point_estimate":1389463.6506011966,"standard_error":11269.161581727569},"median":{"confidence_interval":{"confidence_level":0.95,"lower_bound":1382890.6078947368,"upper_bound":1411540.9228535355},"point_estimate":1400085.5533804432,"standard_error":7342.227566547506},"median_abs_dev":{"confidence_interval":{"confidence_level":0.95,"lower_bound":71216.40497457352,"upper_bound":108080.43018810358},"point_estimate":93499.27761758497,"standard_error":9448.17495806249},"slope":{"confidence_interval":{"confidence_level":0.95,"lower_bound":1412918.6794876093,"upper_bound":1447447.3082624753},"point_estimate":1430281.3724486479,"standard_error":8808.434502950196},"std_dev":{"confidence_interval":{"confidence_level":0.95,"lower_bound":86550.92669973413,"upper_bound":138086.5218009339},"point_estimate":113272.61799734023,"standard_error":13241.840312636034}}