{"mean":{"confidence_interval":{"confidence_level":0.95,"lower_bound":1559138.052682225,"upper_bound":1605224.972977439},"point_estimate":1581931.3039380428,"standard_error":11744.602347006192},"median":{"confidence_interval":{"confidence_level":0.95,"lower_bound":1540090.45,"upper_bound":1603143.0724880383},"point_estimate":1566745.9337616304,"standard_error":16489.14579692077},"median_abs_dev":{"confidence_interval":{"confidence_level":0.95,"lower_bound":93334.66486025999,"upper_bound":143705.98128364523},"point_estimate":119266.6455056586,"standard_error":12814.778693978567},"slope":{"confidence_interval":{"confidence_level":0.95,"lower_bound":1553273.2798183113,"upper_bound":1607508.7774208148},"point_estimate":1580490.0286153392,"standard_error":13802.60707606519},"std_dev":{"confidence_interval":{"confidence_level":0.95,"lower_bound":100178.94629298964,"upper_bound":134826.20380723622},"point_estimate":118197.99250071369,"standard_error":8861.690332254646}}