{"mean":{"confidence_interval":{"confidence_level":0.95,"lower_bound":1150875.5446855484,"upper_bound":1198575.432248928},"point_estimate":1175016.3761701752,"standard_error":12169.53899621751},"median":{"confidence_interval":{"confidence_level":0.95,"lower_bound":1153948.5416666667,"upper_bound":1201001.623931624},"point_estimate":1178304.8528462441,"standard_error":11369.41289464813},"median_abs_dev":{"confidence_interval":{"confidence_level":0.95,"lower_bound":88244.2805393509,"upper_bound":139414.77643019817},"point_estimate":117182.80474070038,"standard_error":12988.647134299466},"slope":{"confidence_interval":{"confidence_level":0.95,"lower_bound":1128421.6883666506,"upper_bound":1193424.09689212},"point_estimate":1160738.4330663513,"standard_error":16563.987204428682},"std_dev":{"confidence_interval":{"confidence_level":0.95,"lower_bound":102937.33336856953,"upper_bound":140325.27096867605},"point_estimate":122589.56779354015,"standard_error":9539.914005763581}}