{"mean":{"confidence_interval":{"confidence_level":0.95,"lower_bound":1978110.8870526315,"upper_bound":2159210.208223684},"point_estimate":2064031.4178947369,"standard_error":46286.613845545515},"median":{"confidence_interval":{"confidence_level":0.95,"lower_bound":1868601.6315789474,"upper_bound":2044765.0},"point_estimate":1983396.6052631577,"standard_error":41567.36605935278},"median_abs_dev":{"confidence_interval":{"confidence_level":0.95,"lower_bound":239104.59406030804,"upper_bound":386506.361122351},"point_estimate":323441.1621051399,"standard_error":37222.5194174737},"slope":null,"std_dev":{"confidence_interval":{"confidence_level":0.95,"lower_bound":334456.42144255276,"upper_bound":614955.205777731},"point_estimate":468391.12962999905,"standard_error":74279.31592068322}}