{"mean":{"confidence_interval":{"confidence_level":0.95,"lower_bound":1999848.3930400005,"upper_bound":2087633.6281100006},"point_estimate":2043299.087600001,"standard_error":22430.88391210177},"median":{"confidence_interval":{"confidence_level":0.95,"lower_bound":1994539.3599999999,"upper_bound":2066427.62},"point_estimate":2014605.3,"standard_error":20951.81003269037},"median_abs_dev":{"confidence_interval":{"confidence_level":0.95,"lower_bound":153396.64288866502,"upper_bound":289226.49242520344},"point_estimate":213353.01547622666,"standard_error":36434.84763199468},"slope":null,"std_dev":{"confidence_interval":{"confidence_level":0.95,"lower_bound":194237.8872757827,"upper_bound":252555.78687231298},"point_estimate":225299.6457616552,"standard_error":14935.285172736936}}