{"mean":{"confidence_interval":{"confidence_level":0.95,"lower_bound":111228.80321311341,"upper_bound":113721.99333362185},"point_estimate":112448.97607404404,"standard_error":637.0761609392098},"median":{"confidence_interval":{"confidence_level":0.95,"lower_bound":110783.98024691358,"upper_bound":113857.57157186948},"point_estimate":112025.83560090703,"standard_error":846.4870406177763},"median_abs_dev":{"confidence_interval":{"confidence_level":0.95,"lower_bound":5459.364996043418,"upper_bound":7900.515046284008},"point_estimate":7044.461205757232,"standard_error":619.5943622239034},"slope":{"confidence_interval":{"confidence_level":0.95,"lower_bound":114911.80943391366,"upper_bound":116993.10967006917},"point_estimate":115974.81222172963,"standard_error":527.9570480086476},"std_dev":{"confidence_interval":{"confidence_level":0.95,"lower_bound":5095.223353351533,"upper_bound":7785.5009645536875},"point_estimate":6402.196422237115,"standard_error":699.8808339805632}}