{"mean":{"confidence_interval":{"confidence_level":0.95,"lower_bound":163560.56241778837,"upper_bound":168403.17501152054},"point_estimate":165758.76198318801,"standard_error":1235.8119651512102},"median":{"confidence_interval":{"confidence_level":0.95,"lower_bound":161551.2659574468,"upper_bound":167200.80237686844},"point_estimate":164936.76884920633,"standard_error":1403.7240634896104},"median_abs_dev":{"confidence_interval":{"confidence_level":0.95,"lower_bound":7895.525645540695,"upper_bound":11988.792398129444},"point_estimate":10848.942115328531,"standard_error":1074.799978715356},"slope":{"confidence_interval":{"confidence_level":0.95,"lower_bound":165637.11493098596,"upper_bound":170011.97721841303},"point_estimate":167817.15243809242,"standard_error":1112.4805725085741},"std_dev":{"confidence_interval":{"confidence_level":0.95,"lower_bound":7509.244272761791,"upper_bound":18113.39799081725},"point_estimate":12451.104877673997,"standard_error":3227.9183494319977}}