{"mean":{"confidence_interval":{"confidence_level":0.95,"lower_bound":797096.3760080168,"upper_bound":845927.6790648571},"point_estimate":821270.9071923471,"standard_error":12439.58806033211},"median":{"confidence_interval":{"confidence_level":0.95,"lower_bound":795001.4171428571,"upper_bound":821143.7870512821},"point_estimate":806422.9900412088,"standard_error":7971.44085554463},"median_abs_dev":{"confidence_interval":{"confidence_level":0.95,"lower_bound":78288.20473297857,"upper_bound":147012.97532492928},"point_estimate":119711.17428032687,"standard_error":18572.90058619134},"slope":{"confidence_interval":{"confidence_level":0.95,"lower_bound":827563.55043472,"upper_bound":863490.7453595999},"point_estimate":845495.1059538939,"standard_error":9170.63727709679},"std_dev":{"confidence_interval":{"confidence_level":0.95,"lower_bound":104255.20536625375,"upper_bound":144470.12712140448},"point_estimate":125034.76966422438,"standard_error":10325.108179632516}}