{"mean":{"confidence_interval":{"confidence_level":0.95,"lower_bound":158189.01600217828,"upper_bound":162152.61665506355},"point_estimate":160087.36285707218,"standard_error":1011.1021637453574},"median":{"confidence_interval":{"confidence_level":0.95,"lower_bound":155591.6326530612,"upper_bound":162231.1912718659},"point_estimate":159612.6067932444,"standard_error":1857.8921743259245},"median_abs_dev":{"confidence_interval":{"confidence_level":0.95,"lower_bound":7713.346168139878,"upper_bound":11874.01685894207},"point_estimate":9573.339789733682,"standard_error":1029.4832481342262},"slope":{"confidence_interval":{"confidence_level":0.95,"lower_bound":160956.6644218882,"upper_bound":165528.97861075305},"point_estimate":163191.9436302223,"standard_error":1166.4386075051032},"std_dev":{"confidence_interval":{"confidence_level":0.95,"lower_bound":7719.831443473492,"upper_bound":12647.132973265308},"point_estimate":10162.230402222343,"standard_error":1281.1726454409838}}