{"mean":{"confidence_interval":{"confidence_level":0.95,"lower_bound":165921.22884955307,"upper_bound":172294.51081249275},"point_estimate":169051.46657444045,"standard_error":1620.9239195962507},"median":{"confidence_interval":{"confidence_level":0.95,"lower_bound":165473.7474855971,"upper_bound":171613.01984126985},"point_estimate":168413.17754385964,"standard_error":1690.528264296999},"median_abs_dev":{"confidence_interval":{"confidence_level":0.95,"lower_bound":10615.945343019017,"upper_bound":18102.447878529863},"point_estimate":13294.03476264442,"standard_error":1873.4948521008273},"slope":{"confidence_interval":{"confidence_level":0.95,"lower_bound":171224.0671887815,"upper_bound":177620.5092759412},"point_estimate":174347.68348751293,"standard_error":1623.9295755177134},"std_dev":{"confidence_interval":{"confidence_level":0.95,"lower_bound":13166.792841488987,"upper_bound":19380.492646425766},"point_estimate":16272.40164933821,"standard_error":1605.742531645312}}