{"mean":{"confidence_interval":{"confidence_level":0.95,"lower_bound":13112260.5763125,"upper_bound":13426604.9810625},"point_estimate":13261820.2525,"standard_error":80293.09215673979},"median":{"confidence_interval":{"confidence_level":0.95,"lower_bound":12818700.5,"upper_bound":13219203.5},"point_estimate":13030627.25,"standard_error":108162.78144351271},"median_abs_dev":{"confidence_interval":{"confidence_level":0.95,"lower_bound":323209.0181618929,"upper_bound":709930.673283711},"point_estimate":563373.9052981138,"standard_error":100053.39482917941},"slope":null,"std_dev":{"confidence_interval":{"confidence_level":0.95,"lower_bound":611640.4257929488,"upper_bound":970153.1670646674},"point_estimate":806587.0895654635,"standard_error":91808.79902902288}}