{"mean":{"confidence_interval":{"confidence_level":0.95,"lower_bound":10644802.865999995,"upper_bound":10808766.310000002},"point_estimate":10709857.77,"standard_error":43364.132992692656},"median":{"confidence_interval":{"confidence_level":0.95,"lower_bound":10581209.1,"upper_bound":10671539.8},"point_estimate":10609797.9,"standard_error":22351.345708325076},"median_abs_dev":{"confidence_interval":{"confidence_level":0.95,"lower_bound":81394.93499945078,"upper_bound":176119.53347325325},"point_estimate":118905.55570900468,"standard_error":23439.946824072922},"slope":null,"std_dev":{"confidence_interval":{"confidence_level":0.95,"lower_bound":138709.04644817775,"upper_bound":710331.9037338692},"point_estimate":434925.74772352126,"standard_error":188187.93045224794}}