{"mean":{"confidence_interval":{"confidence_level":0.95,"lower_bound":10665788.242499996,"upper_bound":10777528.423849996},"point_estimate":10714213.464,"standard_error":28734.16337806946},"median":{"confidence_interval":{"confidence_level":0.95,"lower_bound":10609773.4,"upper_bound":10692674.0},"point_estimate":10655443.7,"standard_error":19769.371166301476},"median_abs_dev":{"confidence_interval":{"confidence_level":0.95,"lower_bound":110944.73515033611,"upper_bound":183369.15082454792},"point_estimate":155095.82106649902,"standard_error":18617.683409748497},"slope":null,"std_dev":{"confidence_interval":{"confidence_level":0.95,"lower_bound":144074.4602149313,"upper_bound":439295.6927352535},"point_estimate":288910.28072763263,"standard_error":90520.85712247995}}