{"mean":{"confidence_interval":{"confidence_level":0.95,"lower_bound":15944040.287375,"upper_bound":16357688.7171875},"point_estimate":16143103.455,"standard_error":105229.34474486466},"median":{"confidence_interval":{"confidence_level":0.95,"lower_bound":15707001.0,"upper_bound":16081631.375},"point_estimate":15902541.75,"standard_error":92757.9092578163},"median_abs_dev":{"confidence_interval":{"confidence_level":0.95,"lower_bound":564620.0305759907,"upper_bound":1013447.3352827132},"point_estimate":851582.8152313828,"standard_error":109974.51130819996},"slope":null,"std_dev":{"confidence_interval":{"confidence_level":0.95,"lower_bound":802814.9783869907,"upper_bound":1346656.9061885108},"point_estimate":1064572.2141344578,"standard_error":142588.3694621675}}