{"mean":{"confidence_interval":{"confidence_level":0.95,"lower_bound":10051264.65304167,"upper_bound":11994789.583375001},"point_estimate":10877180.963333337,"standard_error":499805.2875225168},"median":{"confidence_interval":{"confidence_level":0.95,"lower_bound":9664776.0,"upper_bound":9985180.833333334},"point_estimate":9757316.666666668,"standard_error":80146.11384037822},"median_abs_dev":{"confidence_interval":{"confidence_level":0.95,"lower_bound":240083.9618876567,"upper_bound":730006.0344398031},"point_estimate":389903.03667783877,"standard_error":112502.32599582369},"slope":null,"std_dev":{"confidence_interval":{"confidence_level":0.95,"lower_bound":590550.1848094263,"upper_bound":7986601.819835998},"point_estimate":5029607.939326084,"standard_error":1796767.9712854533}}