{"mean":{"confidence_interval":{"confidence_level":0.95,"lower_bound":3975671.601826924,"upper_bound":4134886.8602115354},"point_estimate":4042169.2992307693,"standard_error":41394.42249058217},"median":{"confidence_interval":{"confidence_level":0.95,"lower_bound":3982684.3846153845,"upper_bound":4040331.5384615385},"point_estimate":4010596.346153846,"standard_error":15650.20974919901},"median_abs_dev":{"confidence_interval":{"confidence_level":0.95,"lower_bound":78509.3153163735,"upper_bound":166019.77733717524},"point_estimate":124859.89389098587,"standard_error":21551.407280387284},"slope":null,"std_dev":{"confidence_interval":{"confidence_level":0.95,"lower_bound":114935.41983815008,"upper_bound":658117.1284144963},"point_estimate":417095.8959266007,"standard_error":149566.73495432228}}