{"mean":{"confidence_interval":{"confidence_level":0.95,"lower_bound":95036.23607031685,"upper_bound":97020.73846681067},"point_estimate":95835.15636428351,"standard_error":522.6157718436731},"median":{"confidence_interval":{"confidence_level":0.95,"lower_bound":94904.41972920696,"upper_bound":96069.2076446281},"point_estimate":95147.15120593691,"standard_error":323.6975021933007},"median_abs_dev":{"confidence_interval":{"confidence_level":0.95,"lower_bound":1610.5363187116266,"upper_bound":2804.739239918838},"point_estimate":2095.2189260590717,"standard_error":319.71141699515135},"slope":{"confidence_interval":{"confidence_level":0.95,"lower_bound":94927.20867188921,"upper_bound":95945.79667515616},"point_estimate":95438.6657157059,"standard_error":259.5038705121919},"std_dev":{"confidence_interval":{"confidence_level":0.95,"lower_bound":1889.2803888829474,"upper_bound":8594.005852630457},"point_estimate":5281.981629252834,"standard_error":2233.4977651054533}}