{"mean":{"confidence_interval":{"confidence_level":0.95,"lower_bound":120551.98373514779,"upper_bound":122869.7185755006},"point_estimate":121621.29283451378,"standard_error":591.6580573827968},"median":{"confidence_interval":{"confidence_level":0.95,"lower_bound":119883.01481481481,"upper_bound":121275.27699530516},"point_estimate":120592.00293650794,"standard_error":324.1695447156946},"median_abs_dev":{"confidence_interval":{"confidence_level":0.95,"lower_bound":2453.9284084231454,"upper_bound":4129.402794297094},"point_estimate":3227.9132242116043,"standard_error":417.9175577401041},"slope":{"confidence_interval":{"confidence_level":0.95,"lower_bound":119962.21562261347,"upper_bound":121527.29418012759},"point_estimate":120673.97260102129,"standard_error":399.3788522252833},"std_dev":{"confidence_interval":{"confidence_level":0.95,"lower_bound":3502.6260703363664,"upper_bound":8226.923400040781},"point_estimate":5968.649355560666,"standard_error":1240.5274986911738}}