{"mean":{"confidence_interval":{"confidence_level":0.95,"lower_bound":107731.72109511257,"upper_bound":110631.58937775182},"point_estimate":109013.88288977818,"standard_error":745.308131329882},"median":{"confidence_interval":{"confidence_level":0.95,"lower_bound":107321.65357142857,"upper_bound":109052.14606741573},"point_estimate":107856.9419086758,"standard_error":438.7012252490131},"median_abs_dev":{"confidence_interval":{"confidence_level":0.95,"lower_bound":2326.6124177311794,"upper_bound":3464.7362657768003},"point_estimate":2817.1136795240095,"standard_error":284.4229963950782},"slope":{"confidence_interval":{"confidence_level":0.95,"lower_bound":108408.65395383365,"upper_bound":111099.00682689328},"point_estimate":109571.62576089847,"standard_error":692.1479455504443},"std_dev":{"confidence_interval":{"confidence_level":0.95,"lower_bound":3086.400492923879,"upper_bound":10896.339124111908},"point_estimate":7497.455814344333,"standard_error":2034.1178747026706}}