{"mean":{"confidence_interval":{"confidence_level":0.95,"lower_bound":88726.95134368537,"upper_bound":92681.0862616409},"point_estimate":90388.97607214324,"standard_error":1016.9925004705465},"median":{"confidence_interval":{"confidence_level":0.95,"lower_bound":88822.08529411764,"upper_bound":89591.42447916667},"point_estimate":89184.90809811829,"standard_error":183.83998945480155},"median_abs_dev":{"confidence_interval":{"confidence_level":0.95,"lower_bound":1165.4532038189457,"upper_bound":2238.0218249042496},"point_estimate":1625.0669913203415,"standard_error":273.2370698353532},"slope":{"confidence_interval":{"confidence_level":0.95,"lower_bound":88935.74964078922,"upper_bound":89786.77546644563},"point_estimate":89352.48987660707,"standard_error":216.5136173953124},"std_dev":{"confidence_interval":{"confidence_level":0.95,"lower_bound":2881.78045268508,"upper_bound":16375.277440508315},"point_estimate":10189.44768753308,"standard_error":3808.046653649144}}