{"mean":{"confidence_interval":{"confidence_level":0.95,"lower_bound":116078.17964352696,"upper_bound":121086.69675837182},"point_estimate":118393.46392344855,"standard_error":1282.892249149982},"median":{"confidence_interval":{"confidence_level":0.95,"lower_bound":113534.79818594105,"upper_bound":116471.66439909297},"point_estimate":115054.20708748617,"standard_error":755.3791508197212},"median_abs_dev":{"confidence_interval":{"confidence_level":0.95,"lower_bound":4097.819516458695,"upper_bound":7834.089335614083},"point_estimate":5890.455196219402,"standard_error":1003.5140393406268},"slope":{"confidence_interval":{"confidence_level":0.95,"lower_bound":117185.05528269222,"upper_bound":121400.39766771584},"point_estimate":119144.48515179876,"standard_error":1073.1180412329568},"std_dev":{"confidence_interval":{"confidence_level":0.95,"lower_bound":7678.411853324353,"upper_bound":17545.014178876634},"point_estimate":12888.302080355563,"standard_error":2538.1217460601297}}