{"mean":{"confidence_interval":{"confidence_level":0.95,"lower_bound":165095.54913819107,"upper_bound":172304.86351990723},"point_estimate":168378.42767855377,"standard_error":1854.4361586693747},"median":{"confidence_interval":{"confidence_level":0.95,"lower_bound":163178.7619047619,"upper_bound":165686.53553921566},"point_estimate":164454.6919354839,"standard_error":734.9791709019697},"median_abs_dev":{"confidence_interval":{"confidence_level":0.95,"lower_bound":4753.264189416577,"upper_bound":9167.882480028615},"point_estimate":7041.836648405164,"standard_error":1133.6960487073302},"slope":{"confidence_interval":{"confidence_level":0.95,"lower_bound":162174.02460223102,"upper_bound":167724.32273689267},"point_estimate":164751.31768582828,"standard_error":1416.0905627441582},"std_dev":{"confidence_interval":{"confidence_level":0.95,"lower_bound":10152.278409029224,"upper_bound":26349.63010982032},"point_estimate":18642.713912949275,"standard_error":4233.331374702762}}