{"mean":{"confidence_interval":{"confidence_level":0.95,"lower_bound":120593.56527505729,"upper_bound":125123.46266401905},"point_estimate":122562.69721903976,"standard_error":1172.0324831586856},"median":{"confidence_interval":{"confidence_level":0.95,"lower_bound":118393.12839506172,"upper_bound":120607.85256532217},"point_estimate":118999.73411586857,"standard_error":524.4246216667242},"median_abs_dev":{"confidence_interval":{"confidence_level":0.95,"lower_bound":2535.1301077248972,"upper_bound":5220.376124256694},"point_estimate":3730.3057002168966,"standard_error":620.3668760255258},"slope":{"confidence_interval":{"confidence_level":0.95,"lower_bound":122766.04762493559,"upper_bound":127317.01750867625},"point_estimate":124928.28267999935,"standard_error":1158.0447646420075},"std_dev":{"confidence_interval":{"confidence_level":0.95,"lower_bound":5255.1644416682,"upper_bound":18295.18212203007},"point_estimate":11914.358249399118,"standard_error":3813.135718657662}}