{"mean":{"confidence_interval":{"confidence_level":0.95,"lower_bound":4628682.8007727275,"upper_bound":4887217.303204546},"point_estimate":4745153.6018181825,"standard_error":66351.2814892847},"median":{"confidence_interval":{"confidence_level":0.95,"lower_bound":4542431.909090909,"upper_bound":4655075.863636363},"point_estimate":4609805.090909091,"standard_error":28017.62380341748},"median_abs_dev":{"confidence_interval":{"confidence_level":0.95,"lower_bound":221043.72788478035,"upper_bound":358926.53630050796},"point_estimate":283596.44032879284,"standard_error":35981.57406721269},"slope":null,"std_dev":{"confidence_interval":{"confidence_level":0.95,"lower_bound":357195.4479478595,"upper_bound":942226.0911375473},"point_estimate":664635.2320127257,"standard_error":152785.45439449648}}