{"mean":{"confidence_interval":{"confidence_level":0.95,"lower_bound":4248210.13975,"upper_bound":4316096.076166668},"point_estimate":4282117.28,"standard_error":17343.256071898122},"median":{"confidence_interval":{"confidence_level":0.95,"lower_bound":4209221.125,"upper_bound":4320492.666666667},"point_estimate":4277967.458333333,"standard_error":26890.588451448042},"median_abs_dev":{"confidence_interval":{"confidence_level":0.95,"lower_bound":158262.29631528282,"upper_bound":240244.39155980945},"point_estimate":217925.02268105757,"standard_error":20879.37742257547},"slope":null,"std_dev":{"confidence_interval":{"confidence_level":0.95,"lower_bound":153765.8777599235,"upper_bound":193701.63357991565},"point_estimate":174902.33154699873,"standard_error":10216.958412103979}}