{"mean":{"confidence_interval":{"confidence_level":0.95,"lower_bound":4899462.041477274,"upper_bound":5031619.91684091},"point_estimate":4959559.091818181,"standard_error":33839.84160640138},"median":{"confidence_interval":{"confidence_level":0.95,"lower_bound":4863281.909090909,"upper_bound":4947018.272727273},"point_estimate":4913100.090909091,"standard_error":19037.718940781233},"median_abs_dev":{"confidence_interval":{"confidence_level":0.95,"lower_bound":146157.40104155132,"upper_bound":239682.50301751273},"point_estimate":197778.83648872445,"standard_error":23638.530464298685},"slope":null,"std_dev":{"confidence_interval":{"confidence_level":0.95,"lower_bound":200846.37186435412,"upper_bound":484427.98224975454},"point_estimate":340034.4202264089,"standard_error":78079.55251974262}}