{"mean":{"confidence_interval":{"confidence_level":0.95,"lower_bound":3974204.3408846147,"upper_bound":4018316.7235384593},"point_estimate":3995132.7815384613,"standard_error":11183.028542340466},"median":{"confidence_interval":{"confidence_level":0.95,"lower_bound":3961006.230769231,"upper_bound":4007110.423076923},"point_estimate":3982633.307692308,"standard_error":9325.085439900824},"median_abs_dev":{"confidence_interval":{"confidence_level":0.95,"lower_bound":65194.93744775131,"upper_bound":105271.18429644727},"point_estimate":87240.28811271412,"standard_error":9705.302677197724},"slope":null,"std_dev":{"confidence_interval":{"confidence_level":0.95,"lower_bound":80107.3825603227,"upper_bound":143534.74738816026},"point_estimate":112712.57235281091,"standard_error":16323.58039969837}}