{"mean":{"confidence_interval":{"confidence_level":0.95,"lower_bound":6128007.3343055565,"upper_bound":6351682.87911111},"point_estimate":6233254.327777778,"standard_error":57152.67853569784},"median":{"confidence_interval":{"confidence_level":0.95,"lower_bound":6020351.111111111,"upper_bound":6155766.333333333},"point_estimate":6065745.111111111,"standard_error":32143.832248817762},"median_abs_dev":{"confidence_interval":{"confidence_level":0.95,"lower_bound":187997.8526523704,"upper_bound":422974.15879070683},"point_estimate":265571.95578515483,"standard_error":61700.88637833257},"slope":null,"std_dev":{"confidence_interval":{"confidence_level":0.95,"lower_bound":397765.3750380017,"upper_bound":739695.8132488277},"point_estimate":575870.5441403142,"standard_error":87784.36973024099}}