{"mean":{"confidence_interval":{"confidence_level":0.95,"lower_bound":4718120.993068184,"upper_bound":4821484.334931817},"point_estimate":4765808.182727274,"standard_error":26504.571272042853},"median":{"confidence_interval":{"confidence_level":0.95,"lower_bound":4687145.181818182,"upper_bound":4763236.636363637},"point_estimate":4737400.181818182,"standard_error":21275.942280588035},"median_abs_dev":{"confidence_interval":{"confidence_level":0.95,"lower_bound":134446.34384946554,"upper_bound":220627.18636785672},"point_estimate":183075.8925497532,"standard_error":21841.825130543344},"slope":null,"std_dev":{"confidence_interval":{"confidence_level":0.95,"lower_bound":151261.64735453032,"upper_bound":368292.06916504644},"point_estimate":266338.0640106756,"standard_error":56868.06587809153}}