{"mean":{"confidence_interval":{"confidence_level":0.95,"lower_bound":3827298.6684038467,"upper_bound":3930938.619653847},"point_estimate":3871976.2984615397,"standard_error":26721.152324420866},"median":{"confidence_interval":{"confidence_level":0.95,"lower_bound":3806101.9615384615,"upper_bound":3870941.153846154},"point_estimate":3848963.9615384615,"standard_error":19202.243021938586},"median_abs_dev":{"confidence_interval":{"confidence_level":0.95,"lower_bound":94026.37628454418,"upper_bound":144823.10253656874},"point_estimate":121112.62245751357,"standard_error":13420.97113124659},"slope":null,"std_dev":{"confidence_interval":{"confidence_level":0.95,"lower_bound":95164.96139439208,"upper_bound":407299.14114052244},"point_estimate":269004.49142478546,"standard_error":84370.99283739664}}