{"mean":{"confidence_interval":{"confidence_level":0.95,"lower_bound":4346424.465416666,"upper_bound":4447568.925354169},"point_estimate":4385030.245833335,"standard_error":27419.480675163035},"median":{"confidence_interval":{"confidence_level":0.95,"lower_bound":4336142.5,"upper_bound":4359844.083333333},"point_estimate":4345626.458333334,"standard_error":6554.056035914412},"median_abs_dev":{"confidence_interval":{"confidence_level":0.95,"lower_bound":47613.14217969775,"upper_bound":77168.21667999029},"point_estimate":62069.41854804754,"standard_error":7807.8170744621675},"slope":null,"std_dev":{"confidence_interval":{"confidence_level":0.95,"lower_bound":59080.91278039223,"upper_bound":459561.3747306683},"point_estimate":275498.7033967585,"standard_error":131408.57089071025}}