{"mean":{"confidence_interval":{"confidence_level":0.95,"lower_bound":3878521.7427499993,"upper_bound":3961060.245392857},"point_estimate":3914169.0014285706,"standard_error":21227.39301153869},"median":{"confidence_interval":{"confidence_level":0.95,"lower_bound":3878445.6785714286,"upper_bound":3905219.214285714},"point_estimate":3893862.1428571427,"standard_error":7194.698285566809},"median_abs_dev":{"confidence_interval":{"confidence_level":0.95,"lower_bound":58042.83454578345,"upper_bound":112020.22376124299},"point_estimate":82299.49518889154,"standard_error":13742.49167335463},"slope":null,"std_dev":{"confidence_interval":{"confidence_level":0.95,"lower_bound":89627.31717087342,"upper_bound":330682.35992249544},"point_estimate":214214.73927397977,"standard_error":68231.11256839048}}