{"mean":{"confidence_interval":{"confidence_level":0.95,"lower_bound":3898415.3813653844,"upper_bound":3940533.056307694},"point_estimate":3918812.9753846163,"standard_error":10729.356818378581},"median":{"confidence_interval":{"confidence_level":0.95,"lower_bound":3874235.5384615385,"upper_bound":3935421.153846154},"point_estimate":3911213.076923077,"standard_error":15084.201306362702},"median_abs_dev":{"confidence_interval":{"confidence_level":0.95,"lower_bound":81128.15567507186,"upper_bound":131714.18166160583},"point_estimate":104302.67586364188,"standard_error":13134.70577363692},"slope":null,"std_dev":{"confidence_interval":{"confidence_level":0.95,"lower_bound":85519.22026143782,"upper_bound":131657.75120084634},"point_estimate":108033.74876921719,"standard_error":11982.714277025887}}