{"mean":{"confidence_interval":{"confidence_level":0.95,"lower_bound":5140408.486825,"upper_bound":5306324.615974997},"point_estimate":5217225.6499999985,"standard_error":42663.026544050124},"median":{"confidence_interval":{"confidence_level":0.95,"lower_bound":5053339.1,"upper_bound":5134518.2},"point_estimate":5084273.5,"standard_error":22358.478754375174},"median_abs_dev":{"confidence_interval":{"confidence_level":0.95,"lower_bound":121127.64319105445,"upper_bound":205472.19601214014},"point_estimate":151098.28675746973,"standard_error":22382.752624625413},"slope":null,"std_dev":{"confidence_interval":{"confidence_level":0.95,"lower_bound":250791.0059051655,"upper_bound":573252.7377639299},"point_estimate":429257.93905006483,"standard_error":81527.34713097634}}