{"mean":{"confidence_interval":{"confidence_level":0.95,"lower_bound":4566028.696477271,"upper_bound":4788063.841045455},"point_estimate":4666608.360909089,"standard_error":57155.64412322138},"median":{"confidence_interval":{"confidence_level":0.95,"lower_bound":4472373.045454546,"upper_bound":4601238.818181818},"point_estimate":4522911.954545455,"standard_error":34010.59763533327},"median_abs_dev":{"confidence_interval":{"confidence_level":0.95,"lower_bound":154137.76496350765,"upper_bound":270891.9063725253},"point_estimate":201172.30565575056,"standard_error":27506.517847041614},"slope":null,"std_dev":{"confidence_interval":{"confidence_level":0.95,"lower_bound":304581.53528700303,"upper_bound":795075.2237767632},"point_estimate":572952.4512057699,"standard_error":126257.27177572911}}