{"mean":{"confidence_interval":{"confidence_level":0.95,"lower_bound":3857066.9184999997,"upper_bound":3893364.6015384616},"point_estimate":3874864.880769232,"standard_error":9291.485592717447},"median":{"confidence_interval":{"confidence_level":0.95,"lower_bound":3833855.3076923075,"upper_bound":3876867.3076923075},"point_estimate":3853043.9615384615,"standard_error":11391.411836665773},"median_abs_dev":{"confidence_interval":{"confidence_level":0.95,"lower_bound":67310.69314480409,"upper_bound":118381.30123042713},"point_estimate":90827.32470287719,"standard_error":13304.36216542886},"slope":null,"std_dev":{"confidence_interval":{"confidence_level":0.95,"lower_bound":80674.71459531273,"upper_bound":105366.98819483539},"point_estimate":93766.01518020555,"standard_error":6295.916836695359}}