{"mean":{"confidence_interval":{"confidence_level":0.95,"lower_bound":4163554.4159038467,"upper_bound":4333458.515249999},"point_estimate":4238120.306153846,"standard_error":43666.54833597936},"median":{"confidence_interval":{"confidence_level":0.95,"lower_bound":4136566.923076923,"upper_bound":4185128.769230769},"point_estimate":4164705.5384615385,"standard_error":12095.066616377544},"median_abs_dev":{"confidence_interval":{"confidence_level":0.95,"lower_bound":86390.58725856805,"upper_bound":155257.81222054586},"point_estimate":120741.4592564106,"standard_error":16936.581522673532},"slope":null,"std_dev":{"confidence_interval":{"confidence_level":0.95,"lower_bound":139373.15698296347,"upper_bound":642999.4409754672},"point_estimate":440149.5969362911,"standard_error":122591.92084816958}}