{"mean":{"confidence_interval":{"confidence_level":0.95,"lower_bound":5509536.187524998,"upper_bound":5643958.539475},"point_estimate":5573380.495,"standard_error":34443.0828770872},"median":{"confidence_interval":{"confidence_level":0.95,"lower_bound":5404752.9,"upper_bound":5535532.7},"point_estimate":5444372.7,"standard_error":32552.399979884678},"median_abs_dev":{"confidence_interval":{"confidence_level":0.95,"lower_bound":149542.22395509496,"upper_bound":302568.7061083314},"point_estimate":208772.0187735555,"standard_error":36854.662490413335},"slope":null,"std_dev":{"confidence_interval":{"confidence_level":0.95,"lower_bound":257320.98212471858,"upper_bound":439697.08919932303},"point_estimate":346848.6822018613,"standard_error":47529.19838309242}}