{"mean":{"confidence_interval":{"confidence_level":0.95,"lower_bound":8449679.113750001,"upper_bound":8647253.050999999},"point_estimate":8539380.364285715,"standard_error":50540.756211515676},"median":{"confidence_interval":{"confidence_level":0.95,"lower_bound":8378921.142857143,"upper_bound":8495064.07142857},"point_estimate":8427028.357142858,"standard_error":30359.90868634456},"median_abs_dev":{"confidence_interval":{"confidence_level":0.95,"lower_bound":224444.5619153121,"upper_bound":395155.1470845931},"point_estimate":301793.81464208924,"standard_error":41835.67380887547},"slope":null,"std_dev":{"confidence_interval":{"confidence_level":0.95,"lower_bound":303069.77705213113,"upper_bound":725539.1606575806},"point_estimate":507663.1176019002,"standard_error":118494.0840379037}}