{"mean":{"confidence_interval":{"confidence_level":0.95,"lower_bound":9696661.882749999,"upper_bound":9947341.834583333},"point_estimate":9819301.513333336,"standard_error":63880.25404370528},"median":{"confidence_interval":{"confidence_level":0.95,"lower_bound":9642383.833333334,"upper_bound":9889352.333333334},"point_estimate":9774159.833333334,"standard_error":62304.00458363864},"median_abs_dev":{"confidence_interval":{"confidence_level":0.95,"lower_bound":442966.77233576775,"upper_bound":753253.9371495718},"point_estimate":625636.9266927252,"standard_error":78390.87691728398},"slope":null,"std_dev":{"confidence_interval":{"confidence_level":0.95,"lower_bound":532452.8103549419,"upper_bound":742638.1165475032},"point_estimate":641496.1673169641,"standard_error":53762.45496145442}}