{"mean":{"confidence_interval":{"confidence_level":0.95,"lower_bound":8361080.218375001,"upper_bound":8626298.244208328},"point_estimate":8473683.008333335,"standard_error":68531.39639057571},"median":{"confidence_interval":{"confidence_level":0.95,"lower_bound":8301716.0,"upper_bound":8427500.333333334},"point_estimate":8348599.75,"standard_error":36458.70853530491},"median_abs_dev":{"confidence_interval":{"confidence_level":0.95,"lower_bound":212236.16303205444,"upper_bound":349982.9204365604},"point_estimate":279632.93393552327,"standard_error":35009.212334207026},"slope":null,"std_dev":{"confidence_interval":{"confidence_level":0.95,"lower_bound":305376.9046099083,"upper_bound":1067703.8116714216},"point_estimate":686261.3314358578,"standard_error":236948.0188449337}}