{"mean":{"confidence_interval":{"confidence_level":0.95,"lower_bound":97679.73067515537,"upper_bound":99160.90182821319},"point_estimate":98390.65438517262,"standard_error":377.521483410646},"median":{"confidence_interval":{"confidence_level":0.95,"lower_bound":97497.67145135567,"upper_bound":98850.311942959},"point_estimate":98497.11476023975,"standard_error":343.11192580130813},"median_abs_dev":{"confidence_interval":{"confidence_level":0.95,"lower_bound":2371.189405017048,"upper_bound":4409.808149815245},"point_estimate":3429.5686945462294,"standard_error":524.2140804420669},"slope":{"confidence_interval":{"confidence_level":0.95,"lower_bound":97517.77147884987,"upper_bound":98830.05366329206},"point_estimate":98155.76059835835,"standard_error":334.2536932497877},"std_dev":{"confidence_interval":{"confidence_level":0.95,"lower_bound":2914.899042389492,"upper_bound":4712.334705454614},"point_estimate":3806.254929974702,"standard_error":466.623997531968}}