{"mean":{"confidence_interval":{"confidence_level":0.95,"lower_bound":94003.52721947477,"upper_bound":96054.57944069976},"point_estimate":94864.98325942656,"standard_error":530.7984273708074},"median":{"confidence_interval":{"confidence_level":0.95,"lower_bound":93340.63159824046,"upper_bound":94732.95090909091},"point_estimate":94035.01567504312,"standard_error":360.35249256924305},"median_abs_dev":{"confidence_interval":{"confidence_level":0.95,"lower_bound":2026.7172675472884,"upper_bound":3015.1493791145454},"point_estimate":2576.3719681472257,"standard_error":251.5565604370175},"slope":{"confidence_interval":{"confidence_level":0.95,"lower_bound":94015.30493759896,"upper_bound":95338.28871554759},"point_estimate":94631.79376842162,"standard_error":337.06257273332125},"std_dev":{"confidence_interval":{"confidence_level":0.95,"lower_bound":2303.7071857851274,"upper_bound":8365.01109625961},"point_estimate":5330.62446113856,"standard_error":1912.7152209084627}}