{"mean":{"confidence_interval":{"confidence_level":0.95,"lower_bound":96236.89022470065,"upper_bound":102324.63844177903},"point_estimate":98927.56466349208,"standard_error":1567.04366062507},"median":{"confidence_interval":{"confidence_level":0.95,"lower_bound":93433.77320574163,"upper_bound":95381.36022727273},"point_estimate":94774.06390434962,"standard_error":437.581942118587},"median_abs_dev":{"confidence_interval":{"confidence_level":0.95,"lower_bound":2712.54706523828,"upper_bound":4713.227639417162},"point_estimate":3770.522259530345,"standard_error":476.9998758858997},"slope":{"confidence_interval":{"confidence_level":0.95,"lower_bound":93953.33772411932,"upper_bound":97903.04739212996},"point_estimate":95466.9991880382,"standard_error":1054.3979784294079},"std_dev":{"confidence_interval":{"confidence_level":0.95,"lower_bound":7846.311599695774,"upper_bound":23182.99029201171},"point_estimate":15717.346324791823,"standard_error":4206.435093014944}}