{"mean":{"confidence_interval":{"confidence_level":0.95,"lower_bound":148170.3151621594,"upper_bound":151473.7261404213},"point_estimate":149728.0846836429,"standard_error":838.8368338750386},"median":{"confidence_interval":{"confidence_level":0.95,"lower_bound":147175.86147186148,"upper_bound":149805.26321437667},"point_estimate":148846.6,"standard_error":665.5097314564557},"median_abs_dev":{"confidence_interval":{"confidence_level":0.95,"lower_bound":4463.070927939827,"upper_bound":6857.059931356063},"point_estimate":5899.284311223284,"standard_error":597.5408541404944},"slope":{"confidence_interval":{"confidence_level":0.95,"lower_bound":147459.67507566258,"upper_bound":152272.89621078403},"point_estimate":149664.39316092804,"standard_error":1233.300239984349},"std_dev":{"confidence_interval":{"confidence_level":0.95,"lower_bound":5709.23184032451,"upper_bound":10843.625616550316},"point_estimate":8404.234994045937,"standard_error":1316.5314125118143}}