{"mean":{"confidence_interval":{"confidence_level":0.95,"lower_bound":1299706.0133683044,"upper_bound":1328478.5410215752},"point_estimate":1311902.3748562334,"standard_error":7467.341631686869},"median":{"confidence_interval":{"confidence_level":0.95,"lower_bound":1294691.2727272727,"upper_bound":1305789.4},"point_estimate":1300198.3005852844,"standard_error":2828.6605815458483},"median_abs_dev":{"confidence_interval":{"confidence_level":0.95,"lower_bound":16036.268783017656,"upper_bound":24697.92673378225},"point_estimate":19910.785551247547,"standard_error":2236.0356024376074},"slope":{"confidence_interval":{"confidence_level":0.95,"lower_bound":1295873.901554924,"upper_bound":1318468.1517338543},"point_estimate":1304885.030338407,"standard_error":5909.715932409871},"std_dev":{"confidence_interval":{"confidence_level":0.95,"lower_bound":20031.29609200646,"upper_bound":116126.63127220952},"point_estimate":74975.95296138785,"standard_error":25616.708240948534}}