{"mean":{"confidence_interval":{"confidence_level":0.95,"lower_bound":1300886.1747957324,"upper_bound":1333507.4386083048},"point_estimate":1316042.0663916534,"standard_error":8314.708549417031},"median":{"confidence_interval":{"confidence_level":0.95,"lower_bound":1281500.962962963,"upper_bound":1287157.2083333335},"point_estimate":1284578.0814061053,"standard_error":1308.851472383454},"median_abs_dev":{"confidence_interval":{"confidence_level":0.95,"lower_bound":9985.783704285475,"upper_bound":18289.466835087882},"point_estimate":13165.514608476426,"standard_error":2188.2463491309186},"slope":{"confidence_interval":{"confidence_level":0.95,"lower_bound":1304027.7563238004,"upper_bound":1350991.4814669823},"point_estimate":1325713.011358061,"standard_error":11997.828837436617},"std_dev":{"confidence_interval":{"confidence_level":0.95,"lower_bound":54983.983614568104,"upper_bound":108687.85184104567},"point_estimate":84024.56151276309,"standard_error":13685.732926774588}}