{"mean":{"confidence_interval":{"confidence_level":0.95,"lower_bound":1250747.49401314,"upper_bound":1277424.9281744512},"point_estimate":1262536.6515926702,"standard_error":6872.322596879587},"median":{"confidence_interval":{"confidence_level":0.95,"lower_bound":1243442.656716418,"upper_bound":1249106.134425919},"point_estimate":1246529.4093567252,"standard_error":1376.7468606432506},"median_abs_dev":{"confidence_interval":{"confidence_level":0.95,"lower_bound":9575.30526922425,"upper_bound":18169.424809708897},"point_estimate":13628.79351894968,"standard_error":2192.276085467617},"slope":{"confidence_interval":{"confidence_level":0.95,"lower_bound":1246720.1266338967,"upper_bound":1290151.3269412224},"point_estimate":1263689.3551677258,"standard_error":11575.841032653767},"std_dev":{"confidence_interval":{"confidence_level":0.95,"lower_bound":22870.18511976955,"upper_bound":99850.25338105837},"point_estimate":69080.29157319148,"standard_error":18669.988628535695}}