{"mean":{"confidence_interval":{"confidence_level":0.95,"lower_bound":95667.35464285988,"upper_bound":97390.44978561201},"point_estimate":96400.57146298733,"standard_error":445.69542300897024},"median":{"confidence_interval":{"confidence_level":0.95,"lower_bound":95173.96837944664,"upper_bound":96184.22736710042},"point_estimate":95708.54958677686,"standard_error":284.5642014382483},"median_abs_dev":{"confidence_interval":{"confidence_level":0.95,"lower_bound":1265.9064914294102,"upper_bound":2614.9293476808025},"point_estimate":1760.3074755664788,"standard_error":349.5792259504635},"slope":{"confidence_interval":{"confidence_level":0.95,"lower_bound":95006.06368351508,"upper_bound":96027.99923116216},"point_estimate":95506.20468019936,"standard_error":259.72516947283356},"std_dev":{"confidence_interval":{"confidence_level":0.95,"lower_bound":2106.594025257186,"upper_bound":6992.955020784498},"point_estimate":4483.423018285534,"standard_error":1567.6370802153888}}