{"mean":{"confidence_interval":{"confidence_level":0.95,"lower_bound":110017.07050408244,"upper_bound":113189.1710242218},"point_estimate":111462.24135498771,"standard_error":809.5832415241258},"median":{"confidence_interval":{"confidence_level":0.95,"lower_bound":109141.78975095786,"upper_bound":111080.62222222223},"point_estimate":110023.62100840337,"standard_error":527.0395372489247},"median_abs_dev":{"confidence_interval":{"confidence_level":0.95,"lower_bound":2725.873233410883,"upper_bound":4498.018491497854},"point_estimate":3390.7011250262235,"standard_error":459.2812352808004},"slope":{"confidence_interval":{"confidence_level":0.95,"lower_bound":109952.19753965079,"upper_bound":113169.47255073494},"point_estimate":111457.19409014334,"standard_error":826.7684956625516},"std_dev":{"confidence_interval":{"confidence_level":0.95,"lower_bound":4717.330585158861,"upper_bound":11405.332150336804},"point_estimate":8126.663721109518,"standard_error":1760.3676900924506}}