{"mean":{"confidence_interval":{"confidence_level":0.95,"lower_bound":160032.7433506741,"upper_bound":169821.04351855593},"point_estimate":164528.70817389214,"standard_error":2501.120085729852},"median":{"confidence_interval":{"confidence_level":0.95,"lower_bound":156746.79166666666,"upper_bound":159878.76888888888},"point_estimate":157274.05181498828,"standard_error":1018.9086232950124},"median_abs_dev":{"confidence_interval":{"confidence_level":0.95,"lower_bound":6207.923154670323,"upper_bound":10941.805681860867},"point_estimate":8088.111708558696,"standard_error":1264.4318777640726},"slope":{"confidence_interval":{"confidence_level":0.95,"lower_bound":159512.76619847634,"upper_bound":166276.91210966583},"point_estimate":162574.79327126744,"standard_error":1730.4041536093437},"std_dev":{"confidence_interval":{"confidence_level":0.95,"lower_bound":15275.886239064981,"upper_bound":33659.77778173164},"point_estimate":25188.835163326108,"standard_error":4689.801376313546}}