{"mean":{"confidence_interval":{"confidence_level":0.95,"lower_bound":92186.61831447836,"upper_bound":94139.26310121261},"point_estimate":93079.91490712843,"standard_error":499.93532262981296},"median":{"confidence_interval":{"confidence_level":0.95,"lower_bound":91894.87424242424,"upper_bound":92806.48698523699},"point_estimate":92390.82434769532,"standard_error":235.15627923224847},"median_abs_dev":{"confidence_interval":{"confidence_level":0.95,"lower_bound":1759.8511436150293,"upper_bound":3115.9838703689315},"point_estimate":2477.235126931247,"standard_error":345.2163981004858},"slope":{"confidence_interval":{"confidence_level":0.95,"lower_bound":92552.63982748435,"upper_bound":94977.25038708403},"point_estimate":93552.03359135914,"standard_error":630.763379282546},"std_dev":{"confidence_interval":{"confidence_level":0.95,"lower_bound":2802.2912625747617,"upper_bound":6972.83867167386},"point_estimate":5027.597199418023,"standard_error":1083.6736307122012}}