{"mean":{"confidence_interval":{"confidence_level":0.95,"lower_bound":91150.93249408645,"upper_bound":94191.80276867909},"point_estimate":92532.6424104052,"standard_error":776.7904350350902},"median":{"confidence_interval":{"confidence_level":0.95,"lower_bound":91280.27603238265,"upper_bound":92189.04660147314},"point_estimate":91877.22064045019,"standard_error":247.12210763495827},"median_abs_dev":{"confidence_interval":{"confidence_level":0.95,"lower_bound":2412.5848918747897,"upper_bound":4508.10845027294},"point_estimate":3325.830048297369,"standard_error":531.0285049791864},"slope":{"confidence_interval":{"confidence_level":0.95,"lower_bound":91222.6072066649,"upper_bound":92283.2122508984},"point_estimate":91753.7835828956,"standard_error":271.23697612721355},"std_dev":{"confidence_interval":{"confidence_level":0.95,"lower_bound":4449.6762581933335,"upper_bound":11509.47239073062},"point_estimate":7865.698674648881,"standard_error":2023.3854492078165}}