{"mean":{"confidence_interval":{"confidence_level":0.95,"lower_bound":158916.29863520616,"upper_bound":164003.8930866637},"point_estimate":161288.65926899278,"standard_error":1298.5490702972186},"median":{"confidence_interval":{"confidence_level":0.95,"lower_bound":156843.52583586625,"upper_bound":159565.60119047618},"point_estimate":158556.8976190476,"standard_error":781.1206878014355},"median_abs_dev":{"confidence_interval":{"confidence_level":0.95,"lower_bound":5967.8037740503205,"upper_bound":10093.868276541762},"point_estimate":8125.521761533935,"standard_error":1068.919479496236},"slope":{"confidence_interval":{"confidence_level":0.95,"lower_bound":158554.81012851375,"upper_bound":162453.2864898918},"point_estimate":160421.70041883932,"standard_error":996.0531242377876},"std_dev":{"confidence_interval":{"confidence_level":0.95,"lower_bound":8517.672414574401,"upper_bound":17050.479997268503},"point_estimate":13049.283373906836,"standard_error":2170.5651575171796}}