{"mean":{"confidence_interval":{"confidence_level":0.95,"lower_bound":135802.771717901,"upper_bound":141345.37760983763},"point_estimate":138349.21614350015,"standard_error":1418.7832298561882},"median":{"confidence_interval":{"confidence_level":0.95,"lower_bound":132469.05030181087,"upper_bound":136477.4703341014},"point_estimate":133725.1420269803,"standard_error":854.3708347585806},"median_abs_dev":{"confidence_interval":{"confidence_level":0.95,"lower_bound":3859.0936985972976,"upper_bound":7859.929806958324},"point_estimate":5606.4096512126125,"standard_error":959.5478954128774},"slope":{"confidence_interval":{"confidence_level":0.95,"lower_bound":133482.27343236108,"upper_bound":137820.99858413992},"point_estimate":135440.5483269649,"standard_error":1112.2761941700485},"std_dev":{"confidence_interval":{"confidence_level":0.95,"lower_bound":8028.488956320459,"upper_bound":19593.05299890619},"point_estimate":14293.937648951445,"standard_error":2986.9254799955197}}