{"mean":{"confidence_interval":{"confidence_level":0.95,"lower_bound":77306.22841564067,"upper_bound":78433.54300787165},"point_estimate":77805.43135020765,"standard_error":290.3605357178831},"median":{"confidence_interval":{"confidence_level":0.95,"lower_bound":77044.49519230769,"upper_bound":77454.66083916085},"point_estimate":77211.0861894676,"standard_error":102.28846538259876},"median_abs_dev":{"confidence_interval":{"confidence_level":0.95,"lower_bound":637.7871837453679,"upper_bound":1039.1660478351369},"point_estimate":801.1813866561365,"standard_error":101.72655272606374},"slope":{"confidence_interval":{"confidence_level":0.95,"lower_bound":77339.68580343734,"upper_bound":79282.78639239725},"point_estimate":78148.45160450603,"standard_error":500.42685752399154},"std_dev":{"confidence_interval":{"confidence_level":0.95,"lower_bound":1210.9067284101156,"upper_bound":4176.266405218819},"point_estimate":2905.2635348829604,"standard_error":745.5385521911294}}