{"mean":{"confidence_interval":{"confidence_level":0.95,"lower_bound":141984.26317166927,"upper_bound":147517.41571797206},"point_estimate":144617.46148989833,"standard_error":1412.4826998273986},"median":{"confidence_interval":{"confidence_level":0.95,"lower_bound":139249.69431643625,"upper_bound":145152.35714285713},"point_estimate":142250.73198198198,"standard_error":1661.449076328301},"median_abs_dev":{"confidence_interval":{"confidence_level":0.95,"lower_bound":7537.941358555734,"upper_bound":13228.380876934676},"point_estimate":9749.60149509179,"standard_error":1574.4778705761637},"slope":{"confidence_interval":{"confidence_level":0.95,"lower_bound":139537.05454443378,"upper_bound":146937.3877630133},"point_estimate":142936.8744242015,"standard_error":1893.0420535634803},"std_dev":{"confidence_interval":{"confidence_level":0.95,"lower_bound":10388.8622887479,"upper_bound":17971.919912333604},"point_estimate":14233.686272541898,"standard_error":1957.524570469222}}