{"mean":{"confidence_interval":{"confidence_level":0.95,"lower_bound":78494.53279676798,"upper_bound":80003.79234561317},"point_estimate":79157.34890290521,"standard_error":387.4120309097735},"median":{"confidence_interval":{"confidence_level":0.95,"lower_bound":78261.4520242915,"upper_bound":78499.45337995338},"point_estimate":78397.9936999937,"standard_error":59.49701340027189},"median_abs_dev":{"confidence_interval":{"confidence_level":0.95,"lower_bound":517.8089504609545,"upper_bound":1012.684468909367},"point_estimate":790.2869566923927,"standard_error":131.8706197486051},"slope":{"confidence_interval":{"confidence_level":0.95,"lower_bound":78399.65890824726,"upper_bound":79801.80143411159},"point_estimate":78908.9016532721,"standard_error":383.94346223179963},"std_dev":{"confidence_interval":{"confidence_level":0.95,"lower_bound":1425.8562961760574,"upper_bound":5716.558012104224},"point_estimate":3901.5244894745165,"standard_error":1069.6651775292}}