{"mean":{"confidence_interval":{"confidence_level":0.95,"lower_bound":79368.72044677076,"upper_bound":80737.08387888873},"point_estimate":79885.34949322084,"standard_error":369.79900360666136},"median":{"confidence_interval":{"confidence_level":0.95,"lower_bound":79301.97022332506,"upper_bound":79560.2564102564},"point_estimate":79394.21048603137,"standard_error":63.679249695574235},"median_abs_dev":{"confidence_interval":{"confidence_level":0.95,"lower_bound":429.1501397936552,"upper_bound":702.9914545065869},"point_estimate":583.2982069004335,"standard_error":69.99699187499876},"slope":{"confidence_interval":{"confidence_level":0.95,"lower_bound":79052.55072423219,"upper_bound":79666.20044452285},"point_estimate":79395.03645178524,"standard_error":158.32428709067457},"std_dev":{"confidence_interval":{"confidence_level":0.95,"lower_bound":790.1319841976511,"upper_bound":6209.562958286656},"point_estimate":3713.3136668988245,"standard_error":1787.45391413898}}