{"mean":{"confidence_interval":{"confidence_level":0.95,"lower_bound":77871.08314437068,"upper_bound":79070.9521760557},"point_estimate":78343.96360862604,"standard_error":316.3490221554253},"median":{"confidence_interval":{"confidence_level":0.95,"lower_bound":77716.18162393162,"upper_bound":77989.08974358975},"point_estimate":77868.39418476261,"standard_error":67.61023592367599},"median_abs_dev":{"confidence_interval":{"confidence_level":0.95,"lower_bound":512.8370999193858,"upper_bound":824.2751038976623},"point_estimate":712.8826057421537,"standard_error":77.50040727310059},"slope":{"confidence_interval":{"confidence_level":0.95,"lower_bound":77842.85957235619,"upper_bound":78520.82179848957},"point_estimate":78131.37027293086,"standard_error":174.16955111587953},"std_dev":{"confidence_interval":{"confidence_level":0.95,"lower_bound":774.1074978730767,"upper_bound":5203.770606294093},"point_estimate":3175.3816458737306,"standard_error":1361.9273931485052}}