{"mean":{"confidence_interval":{"confidence_level":0.95,"lower_bound":138137.50022355848,"upper_bound":143042.6153407671},"point_estimate":140507.59427654688,"standard_error":1249.6248665505218},"median":{"confidence_interval":{"confidence_level":0.95,"lower_bound":135418.53463955026,"upper_bound":139129.625},"point_estimate":137011.51380208333,"standard_error":784.7309183628604},"median_abs_dev":{"confidence_interval":{"confidence_level":0.95,"lower_bound":6024.956696524974,"upper_bound":10740.697664256351},"point_estimate":8278.083908416742,"standard_error":1149.5560636094547},"slope":{"confidence_interval":{"confidence_level":0.95,"lower_bound":136487.99634743313,"upper_bound":141276.85190061803},"point_estimate":138752.66628860647,"standard_error":1219.7094849365772},"std_dev":{"confidence_interval":{"confidence_level":0.95,"lower_bound":9694.462220496533,"upper_bound":15052.480508198687},"point_estimate":12530.446995881579,"standard_error":1368.78359412609}}