{"mean":{"confidence_interval":{"confidence_level":0.95,"lower_bound":162118.38295695587,"upper_bound":166653.37073910786},"point_estimate":164292.75761338175,"standard_error":1157.786146182807},"median":{"confidence_interval":{"confidence_level":0.95,"lower_bound":160021.69544740973,"upper_bound":164206.03464673914},"point_estimate":161656.0640161725,"standard_error":1111.0786899434588},"median_abs_dev":{"confidence_interval":{"confidence_level":0.95,"lower_bound":5950.272640972312,"upper_bound":11423.816803395095},"point_estimate":8079.272489290052,"standard_error":1424.8387417141375},"slope":{"confidence_interval":{"confidence_level":0.95,"lower_bound":163458.70772050277,"upper_bound":168916.55260726175},"point_estimate":166076.4844940784,"standard_error":1391.9866847814717},"std_dev":{"confidence_interval":{"confidence_level":0.95,"lower_bound":9117.038953747475,"upper_bound":13943.583742316396},"point_estimate":11611.05798577776,"standard_error":1238.0056748687712}}