{"mean":{"confidence_interval":{"confidence_level":0.95,"lower_bound":17464905.318750005,"upper_bound":18058193.913583335},"point_estimate":17736419.090000004,"standard_error":151131.22001422086},"median":{"confidence_interval":{"confidence_level":0.95,"lower_bound":17146136.333333336,"upper_bound":17684053.666666668},"point_estimate":17305036.666666664,"standard_error":127688.75133968299},"median_abs_dev":{"confidence_interval":{"confidence_level":0.95,"lower_bound":781281.7545294771,"upper_bound":1272566.2129074326},"point_estimate":1075380.6635081735,"standard_error":127285.739615274},"slope":null,"std_dev":{"confidence_interval":{"confidence_level":0.95,"lower_bound":960635.3493072089,"upper_bound":2130708.4589108326},"point_estimate":1515580.6845728264,"standard_error":336203.2666996939}}