{"mean":{"confidence_interval":{"confidence_level":0.95,"lower_bound":12885510.267700002,"upper_bound":13229701.60515},"point_estimate":13052636.322,"standard_error":87839.44080614798},"median":{"confidence_interval":{"confidence_level":0.95,"lower_bound":12838874.6,"upper_bound":13145536.0},"point_estimate":12972274.0,"standard_error":82889.32367069671},"median_abs_dev":{"confidence_interval":{"confidence_level":0.95,"lower_bound":548329.518585204,"upper_bound":1022827.9306411743},"point_estimate":784185.2288979281,"standard_error":126693.3198906677},"slope":null,"std_dev":{"confidence_interval":{"confidence_level":0.95,"lower_bound":688206.73661527,"upper_bound":1086346.2749127112},"point_estimate":884842.0607889291,"standard_error":103453.24775800174}}