{"mean":{"confidence_interval":{"confidence_level":0.95,"lower_bound":10692828.776699994,"upper_bound":10805531.807399996},"point_estimate":10743560.995999994,"standard_error":28916.38531028171},"median":{"confidence_interval":{"confidence_level":0.95,"lower_bound":10620498.0,"upper_bound":10709948.6},"point_estimate":10673398.4,"standard_error":23730.483092848295},"median_abs_dev":{"confidence_interval":{"confidence_level":0.95,"lower_bound":82329.22131836387,"upper_bound":153568.5948336119},"point_estimate":124998.89334082548,"standard_error":18152.077008387238},"slope":null,"std_dev":{"confidence_interval":{"confidence_level":0.95,"lower_bound":165924.91081781956,"upper_bound":416416.32230917556},"point_estimate":289627.7837260211,"standard_error":70497.85459594548}}