{"mean":{"confidence_interval":{"confidence_level":0.95,"lower_bound":9912675.173699997,"upper_bound":10159689.838349998},"point_estimate":10035287.268000001,"standard_error":63083.135214253714},"median":{"confidence_interval":{"confidence_level":0.95,"lower_bound":9523406.6,"upper_bound":10593514.0},"point_estimate":9653907.6,"standard_error":269949.7634354582},"median_abs_dev":{"confidence_interval":{"confidence_level":0.95,"lower_bound":182568.8433587551,"upper_bound":1132224.9796789896},"point_estimate":380067.17193245725,"standard_error":221984.07860111387},"slope":null,"std_dev":{"confidence_interval":{"confidence_level":0.95,"lower_bound":581561.104187558,"upper_bound":676415.182743951},"point_estimate":631667.7670567399,"standard_error":24162.431467251103}}