{"mean":{"confidence_interval":{"confidence_level":0.95,"lower_bound":9959557.13865,"upper_bound":10162514.941450002},"point_estimate":10056211.15,"standard_error":51757.95595419269},"median":{"confidence_interval":{"confidence_level":0.95,"lower_bound":9776565.2,"upper_bound":9902464.8},"point_estimate":9831945.0,"standard_error":35616.73436400918},"median_abs_dev":{"confidence_interval":{"confidence_level":0.95,"lower_bound":135247.76225437337,"upper_bound":284085.2804964786},"point_estimate":214689.66830849674,"standard_error":40644.894215517576},"slope":null,"std_dev":{"confidence_interval":{"confidence_level":0.95,"lower_bound":402058.61890608375,"upper_bound":631846.4348548872},"point_estimate":520506.8983858509,"standard_error":58895.122310314175}}