{"mean":{"confidence_interval":{"confidence_level":0.95,"lower_bound":10571699.78425,"upper_bound":10687882.324050002},"point_estimate":10625910.076,"standard_error":29646.708155286502},"median":{"confidence_interval":{"confidence_level":0.95,"lower_bound":10537072.2,"upper_bound":10566962.4},"point_estimate":10544682.4,"standard_error":7780.545620979508},"median_abs_dev":{"confidence_interval":{"confidence_level":0.95,"lower_bound":41779.81551825945,"upper_bound":80640.68079534196},"point_estimate":53433.199571371355,"standard_error":9698.331937852783},"slope":null,"std_dev":{"confidence_interval":{"confidence_level":0.95,"lower_bound":162348.40987690512,"upper_bound":407480.6766759675},"point_estimate":298180.7070706611,"standard_error":62465.503355134606}}