{"mean":{"confidence_interval":{"confidence_level":0.95,"lower_bound":11720136.4323,"upper_bound":11806019.29785},"point_estimate":11759083.581999995,"standard_error":21991.07308326069},"median":{"confidence_interval":{"confidence_level":0.95,"lower_bound":11668567.0,"upper_bound":11701096.8},"point_estimate":11684037.1,"standard_error":9918.533867318754},"median_abs_dev":{"confidence_interval":{"confidence_level":0.95,"lower_bound":39689.201295375824,"upper_bound":82046.7860233781},"point_estimate":62343.03237318965,"standard_error":10769.058553942343},"slope":null,"std_dev":{"confidence_interval":{"confidence_level":0.95,"lower_bound":132477.75774918133,"upper_bound":312810.6883144753},"point_estimate":221057.89153520652,"standard_error":50167.356977778116}}