{"mean":{"confidence_interval":{"confidence_level":0.95,"lower_bound":37403621.644499995,"upper_bound":38280199.04075},"point_estimate":37737940.83,"standard_error":237482.726759252},"median":{"confidence_interval":{"confidence_level":0.95,"lower_bound":37267044.5,"upper_bound":37558505.25},"point_estimate":37412008.5,"standard_error":87272.33534236418},"median_abs_dev":{"confidence_interval":{"confidence_level":0.95,"lower_bound":458290.1843637228,"upper_bound":773621.0369154811},"point_estimate":604228.8008227944,"standard_error":83817.97808034148},"slope":null,"std_dev":{"confidence_interval":{"confidence_level":0.95,"lower_bound":609840.9755576936,"upper_bound":3986582.905468925},"point_estimate":2390397.6273924545,"standard_error":1151761.9841429265}}