{"mean":{"confidence_interval":{"confidence_level":0.95,"lower_bound":31212465.633125003,"upper_bound":31786855.657625},"point_estimate":31454041.6,"standard_error":148582.55547789237},"median":{"confidence_interval":{"confidence_level":0.95,"lower_bound":31152016.5,"upper_bound":31512319.5},"point_estimate":31320818.0,"standard_error":93901.14619853669},"median_abs_dev":{"confidence_interval":{"confidence_level":0.95,"lower_bound":563615.19844383,"upper_bound":955617.5966843963},"point_estimate":726739.372497797,"standard_error":101198.88388242628},"slope":null,"std_dev":{"confidence_interval":{"confidence_level":0.95,"lower_bound":667475.4703676022,"upper_bound":2346597.705946518},"point_estimate":1491260.5084176168,"standard_error":538540.6572389877}}