{"mean":{"confidence_interval":{"confidence_level":0.95,"lower_bound":980246.1589187945,"upper_bound":1063361.8348808303},"point_estimate":1020621.4797768658,"standard_error":21179.03225295694},"median":{"confidence_interval":{"confidence_level":0.95,"lower_bound":892898.3088235294,"upper_bound":1068679.8623595505},"point_estimate":1030736.0153388279,"standard_error":58917.9003472841},"median_abs_dev":{"confidence_interval":{"confidence_level":0.95,"lower_bound":136535.8028516807,"upper_bound":277712.85110566363},"point_estimate":243129.44369171886,"standard_error":35753.655697751405},"slope":{"confidence_interval":{"confidence_level":0.95,"lower_bound":1011224.1232870527,"upper_bound":1065666.380574495},"point_estimate":1038940.4793675188,"standard_error":13899.049016615065},"std_dev":{"confidence_interval":{"confidence_level":0.95,"lower_bound":169075.0817997064,"upper_bound":255863.64550285062},"point_estimate":213177.83254659243,"standard_error":22300.229457303707}}