{"mean":{"confidence_interval":{"confidence_level":0.95,"lower_bound":1626102.662859342,"upper_bound":1697070.0996342234},"point_estimate":1655881.2865205342,"standard_error":18341.574697732995},"median":{"confidence_interval":{"confidence_level":0.95,"lower_bound":1624753.5555555555,"upper_bound":1653232.8823529412},"point_estimate":1635534.847963801,"standard_error":6834.948458728715},"median_abs_dev":{"confidence_interval":{"confidence_level":0.95,"lower_bound":59365.257107534424,"upper_bound":99121.25981524587},"point_estimate":80381.3384800906,"standard_error":9785.61656283968},"slope":{"confidence_interval":{"confidence_level":0.95,"lower_bound":1613726.9128874412,"upper_bound":1668785.1184473305},"point_estimate":1640280.5040313285,"standard_error":14061.216066122579},"std_dev":{"confidence_interval":{"confidence_level":0.95,"lower_bound":79823.75274463973,"upper_bound":290213.91492211446},"point_estimate":184456.15964358335,"standard_error":66667.61097820332}}