{"mean":{"confidence_interval":{"confidence_level":0.95,"lower_bound":2454190.021075,"upper_bound":2616066.916012501},"point_estimate":2534370.2254999997,"standard_error":41264.690294437256},"median":{"confidence_interval":{"confidence_level":0.95,"lower_bound":2357124.75,"upper_bound":2615282.8},"point_estimate":2465749.85,"standard_error":64475.25704439322},"median_abs_dev":{"confidence_interval":{"confidence_level":0.95,"lower_bound":373885.95318719745,"upper_bound":570660.0668855086},"point_estimate":475944.13235530263,"standard_error":49909.96153092333},"slope":null,"std_dev":{"confidence_interval":{"confidence_level":0.95,"lower_bound":361622.8668285961,"upper_bound":464085.6378838964},"point_estimate":414823.4811471547,"standard_error":26148.131071188196}}