{"mean":{"confidence_interval":{"confidence_level":0.95,"lower_bound":1560289.9549491438,"upper_bound":1686591.0493344376},"point_estimate":1621556.101954536,"standard_error":32209.849391088803},"median":{"confidence_interval":{"confidence_level":0.95,"lower_bound":1519464.6382978724,"upper_bound":1657196.1914893617},"point_estimate":1598853.1394573643,"standard_error":38801.27108791269},"median_abs_dev":{"confidence_interval":{"confidence_level":0.95,"lower_bound":196660.08918036846,"upper_bound":340394.21223955945},"point_estimate":272120.5813404883,"standard_error":36598.28216382816},"slope":{"confidence_interval":{"confidence_level":0.95,"lower_bound":1561130.537121136,"upper_bound":1646661.211547491},"point_estimate":1604406.6265671642,"standard_error":21751.51181774766},"std_dev":{"confidence_interval":{"confidence_level":0.95,"lower_bound":254762.15131072322,"upper_bound":387691.4836455595},"point_estimate":322240.4979692533,"standard_error":34208.91325837616}}