{"mean":{"confidence_interval":{"confidence_level":0.95,"lower_bound":1402564.4937909765,"upper_bound":1485295.550881066},"point_estimate":1440741.04164226,"standard_error":21217.595876634896},"median":{"confidence_interval":{"confidence_level":0.95,"lower_bound":1376655.4583333335,"upper_bound":1434760.3577862182},"point_estimate":1403744.0403135498,"standard_error":16753.787891083997},"median_abs_dev":{"confidence_interval":{"confidence_level":0.95,"lower_bound":91838.50726800566,"upper_bound":164375.50005635104},"point_estimate":131195.83850901457,"standard_error":18668.44917423102},"slope":{"confidence_interval":{"confidence_level":0.95,"lower_bound":1415936.9945943237,"upper_bound":1471442.3243015024},"point_estimate":1443497.5414009162,"standard_error":14156.958438029873},"std_dev":{"confidence_interval":{"confidence_level":0.95,"lower_bound":127558.9838961167,"upper_bound":291927.1224114662},"point_estimate":212836.41962297197,"standard_error":43100.03525494705}}