{"mean":{"confidence_interval":{"confidence_level":0.95,"lower_bound":1614947.3608881065,"upper_bound":1645566.1919164683},"point_estimate":1629944.4060074491,"standard_error":7794.683130540106},"median":{"confidence_interval":{"confidence_level":0.95,"lower_bound":1606773.5263157894,"upper_bound":1638461.7391304348},"point_estimate":1620139.1973684211,"standard_error":8156.394370806658},"median_abs_dev":{"confidence_interval":{"confidence_level":0.95,"lower_bound":50423.07423125381,"upper_bound":87692.11614877738},"point_estimate":65436.8913577105,"standard_error":9668.32269802339},"slope":{"confidence_interval":{"confidence_level":0.95,"lower_bound":1607998.3070475822,"upper_bound":1646214.8501098393},"point_estimate":1626627.690093099,"standard_error":9765.923104943811},"std_dev":{"confidence_interval":{"confidence_level":0.95,"lower_bound":63478.11665574977,"upper_bound":91889.41053695315},"point_estimate":78246.08034352702,"standard_error":7263.983385557664}}