{"mean":{"confidence_interval":{"confidence_level":0.95,"lower_bound":2879088.0414852942,"upper_bound":3056739.23982353},"point_estimate":2966776.310588236,"standard_error":45586.71797785201},"median":{"confidence_interval":{"confidence_level":0.95,"lower_bound":2834520.7647058824,"upper_bound":3075246.529411765},"point_estimate":2912527.382352941,"standard_error":55547.603856278634},"median_abs_dev":{"confidence_interval":{"confidence_level":0.95,"lower_bound":361670.5830731818,"upper_bound":543639.5839249387},"point_estimate":467878.0711817391,"standard_error":46324.21357564675},"slope":null,"std_dev":{"confidence_interval":{"confidence_level":0.95,"lower_bound":381562.0235667714,"upper_bound":528046.6675265245},"point_estimate":456647.74064962054,"standard_error":37503.724589591824}}