{"mean":{"confidence_interval":{"confidence_level":0.95,"lower_bound":1280958.4187198717,"upper_bound":1323566.0989716414},"point_estimate":1302059.9427485939,"standard_error":10894.490905535973},"median":{"confidence_interval":{"confidence_level":0.95,"lower_bound":1276435.0,"upper_bound":1313850.3095238095},"point_estimate":1296494.0809294872,"standard_error":11527.05387601635},"median_abs_dev":{"confidence_interval":{"confidence_level":0.95,"lower_bound":70230.25953327736,"upper_bound":124069.81839643347},"point_estimate":96680.59179985008,"standard_error":13641.78904579485},"slope":{"confidence_interval":{"confidence_level":0.95,"lower_bound":1276172.1993320738,"upper_bound":1319122.3601191202},"point_estimate":1297973.4172040785,"standard_error":10917.515636316464},"std_dev":{"confidence_interval":{"confidence_level":0.95,"lower_bound":88778.41465490141,"upper_bound":129319.2764212638},"point_estimate":109266.12946661853,"standard_error":10430.598018433753}}