{"mean":{"confidence_interval":{"confidence_level":0.95,"lower_bound":1082871.4797330988,"upper_bound":1164865.8698739076},"point_estimate":1123262.001266415,"standard_error":20896.001024051795},"median":{"confidence_interval":{"confidence_level":0.95,"lower_bound":1090808.2551020407,"upper_bound":1184819.542124542},"point_estimate":1144883.1763729977,"standard_error":24443.597119822494},"median_abs_dev":{"confidence_interval":{"confidence_level":0.95,"lower_bound":121706.40508165234,"upper_bound":257386.80736744046},"point_estimate":176463.0443418862,"standard_error":35695.84960673262},"slope":{"confidence_interval":{"confidence_level":0.95,"lower_bound":1155358.9856043607,"upper_bound":1210140.2034219864},"point_estimate":1182505.719027634,"standard_error":13964.175491398233},"std_dev":{"confidence_interval":{"confidence_level":0.95,"lower_bound":176256.7952041523,"upper_bound":241660.6484481529},"point_estimate":209666.8293824769,"standard_error":16733.78836083059}}