{"mean":{"confidence_interval":{"confidence_level":0.95,"lower_bound":10917445.191800004,"upper_bound":11059808.006949995},"point_estimate":10992698.287999999,"standard_error":36414.6289113031},"median":{"confidence_interval":{"confidence_level":0.95,"lower_bound":11009819.8,"upper_bound":11082272.6},"point_estimate":11040088.7,"standard_error":18983.07344615589},"median_abs_dev":{"confidence_interval":{"confidence_level":0.95,"lower_bound":104855.99357843454,"upper_bound":193872.3338180775},"point_estimate":156675.9761184454,"standard_error":22247.646929775263},"slope":null,"std_dev":{"confidence_interval":{"confidence_level":0.95,"lower_bound":245371.50588924132,"upper_bound":459983.2248241686},"point_estimate":364760.6175799239,"standard_error":54738.32946874201}}