{"mean":{"confidence_interval":{"confidence_level":0.95,"lower_bound":9891923.899458338,"upper_bound":9943309.803708335},"point_estimate":9917516.501666669,"standard_error":13093.650066402319},"median":{"confidence_interval":{"confidence_level":0.95,"lower_bound":9861382.333333334,"upper_bound":9952716.666666666},"point_estimate":9929599.75,"standard_error":25533.241769194396},"median_abs_dev":{"confidence_interval":{"confidence_level":0.95,"lower_bound":118226.72260105702,"upper_bound":175851.1828780202},"point_estimate":155526.83758884575,"standard_error":14074.915524424929},"slope":null,"std_dev":{"confidence_interval":{"confidence_level":0.95,"lower_bound":115667.3335068271,"upper_bound":146391.79572811013},"point_estimate":131904.80842527703,"standard_error":7851.054181178937}}