{"mean":{"confidence_interval":{"confidence_level":0.95,"lower_bound":9659629.357850002,"upper_bound":10093779.412000004},"point_estimate":9861216.493999997,"standard_error":111377.17478141002},"median":{"confidence_interval":{"confidence_level":0.95,"lower_bound":9410314.0,"upper_bound":9465543.4},"point_estimate":9424164.0,"standard_error":14777.409469578195},"median_abs_dev":{"confidence_interval":{"confidence_level":0.95,"lower_bound":75287.61274337879,"upper_bound":168437.73822963127},"point_estimate":112041.56261086464,"standard_error":26303.08144580353},"slope":null,"std_dev":{"confidence_interval":{"confidence_level":0.95,"lower_bound":710980.1071413426,"upper_bound":1432083.199145015},"point_estimate":1115027.0403122206,"standard_error":183721.20780534568}}