{"mean":{"confidence_interval":{"confidence_level":0.95,"lower_bound":80090.45011672251,"upper_bound":81389.85053127211},"point_estimate":80596.77584075135,"standard_error":346.2031778908522},"median":{"confidence_interval":{"confidence_level":0.95,"lower_bound":79737.23076923077,"upper_bound":80247.85198135198},"point_estimate":80010.27557997558,"standard_error":115.27339688155675},"median_abs_dev":{"confidence_interval":{"confidence_level":0.95,"lower_bound":599.2045529950898,"upper_bound":1040.2702939449575},"point_estimate":826.1436423027116,"standard_error":109.90591077288501},"slope":{"confidence_interval":{"confidence_level":0.95,"lower_bound":80003.06558179866,"upper_bound":80831.83660196063},"point_estimate":80395.10120994419,"standard_error":212.05004953426723},"std_dev":{"confidence_interval":{"confidence_level":0.95,"lower_bound":1002.8574298028897,"upper_bound":5740.524853616812},"point_estimate":3485.7545032364724,"standard_error":1574.4275579624257}}