{"mean":{"confidence_interval":{"confidence_level":0.95,"lower_bound":102308.62339269154,"upper_bound":103275.8871050522},"point_estimate":102731.7135798077,"standard_error":248.55214305256135},"median":{"confidence_interval":{"confidence_level":0.95,"lower_bound":102297.30408163265,"upper_bound":102956.02},"point_estimate":102635.42816666666,"standard_error":153.65793068324686},"median_abs_dev":{"confidence_interval":{"confidence_level":0.95,"lower_bound":1044.8378564640127,"upper_bound":1748.3170868354628},"point_estimate":1455.7949905218547,"standard_error":176.98831070371367},"slope":{"confidence_interval":{"confidence_level":0.95,"lower_bound":102457.6807292761,"upper_bound":103078.41583963268},"point_estimate":102772.63361666913,"standard_error":158.7812196616253},"std_dev":{"confidence_interval":{"confidence_level":0.95,"lower_bound":1289.875597689632,"upper_bound":3821.530660875284},"point_estimate":2499.381254455951,"standard_error":793.1595225843691}}