{"mean":{"confidence_interval":{"confidence_level":0.95,"lower_bound":106039.68101040575,"upper_bound":110188.58624959755},"point_estimate":107878.61841208408,"standard_error":1067.6456510623575},"median":{"confidence_interval":{"confidence_level":0.95,"lower_bound":104567.93705634153,"upper_bound":106088.50677410902},"point_estimate":105560.0510638298,"standard_error":322.3558524107051},"median_abs_dev":{"confidence_interval":{"confidence_level":0.95,"lower_bound":2440.6087822619315,"upper_bound":4366.319516792519},"point_estimate":3491.3601167659745,"standard_error":525.2025488474362},"slope":{"confidence_interval":{"confidence_level":0.95,"lower_bound":106545.38457156038,"upper_bound":109789.79495754348},"point_estimate":107968.94517068125,"standard_error":832.9484544299322},"std_dev":{"confidence_interval":{"confidence_level":0.95,"lower_bound":4665.838162214341,"upper_bound":15547.177290534086},"point_estimate":10743.97748716456,"standard_error":2742.7793909026886}}