{"mean":{"confidence_interval":{"confidence_level":0.95,"lower_bound":136220.75901113395,"upper_bound":138774.0641255874},"point_estimate":137381.71325190898,"standard_error":652.6401218740629},"median":{"confidence_interval":{"confidence_level":0.95,"lower_bound":135964.45263157896,"upper_bound":138127.5100911458},"point_estimate":137027.56170515396,"standard_error":593.4418891362183},"median_abs_dev":{"confidence_interval":{"confidence_level":0.95,"lower_bound":2635.11519409225,"upper_bound":3959.819862354958},"point_estimate":3316.364187009727,"standard_error":339.47695973102185},"slope":{"confidence_interval":{"confidence_level":0.95,"lower_bound":135070.37710570233,"upper_bound":137006.5701750732},"point_estimate":136022.13807115413,"standard_error":492.93669565453513},"std_dev":{"confidence_interval":{"confidence_level":0.95,"lower_bound":3517.7107773363027,"upper_bound":9606.2764006731},"point_estimate":6554.109542060411,"standard_error":1673.7104926270679}}