{"mean":{"confidence_interval":{"confidence_level":0.95,"lower_bound":134307.36002033978,"upper_bound":137188.73253189697},"point_estimate":135501.5616251678,"standard_error":749.7886426888546},"median":{"confidence_interval":{"confidence_level":0.95,"lower_bound":134090.2325,"upper_bound":135743.33242753625},"point_estimate":135172.4082711443,"standard_error":442.9351263785715},"median_abs_dev":{"confidence_interval":{"confidence_level":0.95,"lower_bound":2269.1005306285474,"upper_bound":3645.9495519771126},"point_estimate":2787.0250476134465,"standard_error":358.930477356316},"slope":{"confidence_interval":{"confidence_level":0.95,"lower_bound":134053.85466180916,"upper_bound":135469.1556515506},"point_estimate":134761.73546697208,"standard_error":360.2639975381303},"std_dev":{"confidence_interval":{"confidence_level":0.95,"lower_bound":2984.536514456544,"upper_bound":12022.324878005953},"point_estimate":7523.0551608196265,"standard_error":2910.2916502423723}}