{"mean":{"confidence_interval":{"confidence_level":0.95,"lower_bound":110323.95236942376,"upper_bound":123337.26374997315},"point_estimate":116062.96262045679,"standard_error":3342.7279961430904},"median":{"confidence_interval":{"confidence_level":0.95,"lower_bound":104930.20634920635,"upper_bound":108484.60606060606},"point_estimate":105661.67469135803,"standard_error":938.9110280788966},"median_abs_dev":{"confidence_interval":{"confidence_level":0.95,"lower_bound":4636.541849602278,"upper_bound":8416.525248623248},"point_estimate":6077.28793145843,"standard_error":974.3267571211162},"slope":{"confidence_interval":{"confidence_level":0.95,"lower_bound":108119.77622317674,"upper_bound":114556.8243618911},"point_estimate":111108.3947798959,"standard_error":1656.2156866846049},"std_dev":{"confidence_interval":{"confidence_level":0.95,"lower_bound":15628.646489191438,"upper_bound":49922.35337268545},"point_estimate":33641.24710259408,"standard_error":9183.487966449484}}