{"mean":{"confidence_interval":{"confidence_level":0.95,"lower_bound":86173.64988731677,"upper_bound":88625.35954266191},"point_estimate":87278.25799745548,"standard_error":628.0620459267259},"median":{"confidence_interval":{"confidence_level":0.95,"lower_bound":85750.0004418976,"upper_bound":86862.89867424243},"point_estimate":86067.91907894737,"standard_error":254.33457167785522},"median_abs_dev":{"confidence_interval":{"confidence_level":0.95,"lower_bound":1798.8680567018948,"upper_bound":2910.4340299992537},"point_estimate":2400.5234430290307,"standard_error":283.1484850867316},"slope":{"confidence_interval":{"confidence_level":0.95,"lower_bound":87145.03808176126,"upper_bound":92140.37013476384},"point_estimate":89398.0431289099,"standard_error":1281.6693131207235},"std_dev":{"confidence_interval":{"confidence_level":0.95,"lower_bound":3389.7833547783744,"upper_bound":8982.398128696204},"point_estimate":6299.2768126634655,"standard_error":1474.9034153370326}}