{"mean":{"confidence_interval":{"confidence_level":0.95,"lower_bound":158941.17773296844,"upper_bound":163543.60638641877},"point_estimate":161041.217956547,"standard_error":1178.8045621015926},"median":{"confidence_interval":{"confidence_level":0.95,"lower_bound":158121.17486338798,"upper_bound":159811.4882629108},"point_estimate":158925.86327895353,"standard_error":513.7674282715734},"median_abs_dev":{"confidence_interval":{"confidence_level":0.95,"lower_bound":2575.1239295794417,"upper_bound":4531.801188737677},"point_estimate":3380.4310843079465,"standard_error":510.13781395710964},"slope":{"confidence_interval":{"confidence_level":0.95,"lower_bound":159247.32459569,"upper_bound":164719.5365551544},"point_estimate":161444.01383872714,"standard_error":1434.2468724867294},"std_dev":{"confidence_interval":{"confidence_level":0.95,"lower_bound":6056.106876803805,"upper_bound":16563.866039935947},"point_estimate":11902.916704815403,"standard_error":2670.96606884961}}