{"mean":{"confidence_interval":{"confidence_level":0.95,"lower_bound":132041.9224765219,"upper_bound":134422.71533720035},"point_estimate":133178.14989972863,"standard_error":605.8084759944219},"median":{"confidence_interval":{"confidence_level":0.95,"lower_bound":132311.54808433552,"upper_bound":134555.65566037735},"point_estimate":133025.51740591397,"standard_error":553.5228185972214},"median_abs_dev":{"confidence_interval":{"confidence_level":0.95,"lower_bound":3200.0730450294454,"upper_bound":4946.957734793483},"point_estimate":3989.597111287446,"standard_error":434.2196255459038},"slope":{"confidence_interval":{"confidence_level":0.95,"lower_bound":131535.85057531638,"upper_bound":133910.46733667643},"point_estimate":132769.37034838184,"standard_error":609.0001999058377},"std_dev":{"confidence_interval":{"confidence_level":0.95,"lower_bound":3935.8572008640363,"upper_bound":8480.62565101126},"point_estimate":6080.981155328537,"standard_error":1235.6292978570625}}