{"mean":{"confidence_interval":{"confidence_level":0.95,"lower_bound":179368.11601464453,"upper_bound":187039.81441868193},"point_estimate":182926.00946742497,"standard_error":1961.209587456773},"median":{"confidence_interval":{"confidence_level":0.95,"lower_bound":175492.96893939393,"upper_bound":184089.70075757575},"point_estimate":179505.82953181272,"standard_error":2036.2593296350826},"median_abs_dev":{"confidence_interval":{"confidence_level":0.95,"lower_bound":11744.135925628703,"upper_bound":18369.981907502723},"point_estimate":15091.4160195738,"standard_error":1738.7017614390575},"slope":{"confidence_interval":{"confidence_level":0.95,"lower_bound":182076.93686320412,"upper_bound":189993.27699294055},"point_estimate":185810.38277129206,"standard_error":2029.2537772706817},"std_dev":{"confidence_interval":{"confidence_level":0.95,"lower_bound":13037.39311334492,"upper_bound":26593.276654711433},"point_estimate":19625.988292019414,"standard_error":3591.7008261065844}}