{"mean":{"confidence_interval":{"confidence_level":0.95,"lower_bound":245918.67872532847,"upper_bound":268917.8704713678},"point_estimate":257139.37525176056,"standard_error":5845.282472032194},"median":{"confidence_interval":{"confidence_level":0.95,"lower_bound":237763.30303030304,"upper_bound":259279.07391304348},"point_estimate":251439.7700607903,"standard_error":6518.022523681018},"median_abs_dev":{"confidence_interval":{"confidence_level":0.95,"lower_bound":33632.494979647105,"upper_bound":68414.8370718409},"point_estimate":46164.60545283378,"standard_error":8582.670272097237},"slope":{"confidence_interval":{"confidence_level":0.95,"lower_bound":254604.9100487215,"upper_bound":275910.0292541773},"point_estimate":264831.8247347421,"standard_error":5432.137793799545},"std_dev":{"confidence_interval":{"confidence_level":0.95,"lower_bound":48175.5799531803,"upper_bound":67944.30187869513},"point_estimate":58611.657478450026,"standard_error":5068.127526083276}}