{"mean":{"confidence_interval":{"confidence_level":0.95,"lower_bound":1079000.8582190175,"upper_bound":1118805.4430943385},"point_estimate":1097558.8800451683,"standard_error":10196.716538232698},"median":{"confidence_interval":{"confidence_level":0.95,"lower_bound":1051203.475609756,"upper_bound":1081579.7826086956},"point_estimate":1059542.225062705,"standard_error":8783.034308930612},"median_abs_dev":{"confidence_interval":{"confidence_level":0.95,"lower_bound":31671.937857310833,"upper_bound":62724.24269703776},"point_estimate":42855.35762659848,"standard_error":8663.712971129691},"slope":{"confidence_interval":{"confidence_level":0.95,"lower_bound":1073725.3483472508,"upper_bound":1106374.9796070498},"point_estimate":1088570.180756613,"standard_error":8342.049420192427},"std_dev":{"confidence_interval":{"confidence_level":0.95,"lower_bound":66910.50455511338,"upper_bound":134173.22706073045},"point_estimate":102484.6043077457,"standard_error":17266.503726716266}}