{"mean":{"confidence_interval":{"confidence_level":0.95,"lower_bound":561.7254471850488,"upper_bound":570.715484082503},"point_estimate":566.1347385262548,"standard_error":2.2908440255167766},"median":{"confidence_interval":{"confidence_level":0.95,"lower_bound":559.7397792252996,"upper_bound":567.6666791064908},"point_estimate":564.1136809664695,"standard_error":2.197468011636767},"median_abs_dev":{"confidence_interval":{"confidence_level":0.95,"lower_bound":12.521500676172979,"upper_bound":22.60949180849402},"point_estimate":17.08447668051981,"standard_error":2.5759457016675364},"slope":{"confidence_interval":{"confidence_level":0.95,"lower_bound":563.6156932680686,"upper_bound":576.5502468430367},"point_estimate":569.7384668881266,"standard_error":3.3213666312063905},"std_dev":{"confidence_interval":{"confidence_level":0.95,"lower_bound":17.975910842707094,"upper_bound":27.611576346227388},"point_estimate":23.014745691991532,"standard_error":2.463291294442821}}