{"mean":{"confidence_interval":{"confidence_level":0.95,"lower_bound":493.52414067571306,"upper_bound":497.06758939966363},"point_estimate":495.3180939640499,"standard_error":0.9011485786775909},"median":{"confidence_interval":{"confidence_level":0.95,"lower_bound":492.5044834307992,"upper_bound":496.2859725070251},"point_estimate":494.62735432242175,"standard_error":1.0277587078352641},"median_abs_dev":{"confidence_interval":{"confidence_level":0.95,"lower_bound":4.680415576686107,"upper_bound":7.137614529012921},"point_estimate":5.693984615113844,"standard_error":0.6316860111145101},"slope":{"confidence_interval":{"confidence_level":0.95,"lower_bound":493.9626485832391,"upper_bound":496.0165357749776},"point_estimate":494.9807054017488,"standard_error":0.5243370570474595},"std_dev":{"confidence_interval":{"confidence_level":0.95,"lower_bound":6.168067118400845,"upper_bound":11.98528682951157},"point_estimate":9.041639618991987,"standard_error":1.5159842304175892}}