{"mean":{"confidence_interval":{"confidence_level":0.95,"lower_bound":868796.9176316845,"upper_bound":928370.033858814},"point_estimate":897658.7974712321,"standard_error":15087.723870394055},"median":{"confidence_interval":{"confidence_level":0.95,"lower_bound":806468.0744680851,"upper_bound":935629.161805381},"point_estimate":839495.9893048129,"standard_error":32524.130655493642},"median_abs_dev":{"confidence_interval":{"confidence_level":0.95,"lower_bound":74410.54934353901,"upper_bound":185117.06408293985},"point_estimate":134235.68019499158,"standard_error":26226.1255444318},"slope":{"confidence_interval":{"confidence_level":0.95,"lower_bound":894850.7755789339,"upper_bound":946703.1223211946},"point_estimate":920899.2773282104,"standard_error":13210.450391210483},"std_dev":{"confidence_interval":{"confidence_level":0.95,"lower_bound":123146.47802236365,"upper_bound":179661.71810977402},"point_estimate":151943.07073685754,"standard_error":14560.585052914515}}