{"mean":{"confidence_interval":{"confidence_level":0.95,"lower_bound":21980.307193940607,"upper_bound":22549.47504464803},"point_estimate":22266.38602929009,"standard_error":142.50006665387008},"median":{"confidence_interval":{"confidence_level":0.95,"lower_bound":22052.403603603605,"upper_bound":22322.530749354006},"point_estimate":22187.279386457165,"standard_error":66.45234691029029},"median_abs_dev":{"confidence_interval":{"confidence_level":0.95,"lower_bound":322.25890482694484,"upper_bound":618.7428817423923},"point_estimate":475.4671888202742,"standard_error":75.12593575624875},"slope":{"confidence_interval":{"confidence_level":0.95,"lower_bound":21709.765939956287,"upper_bound":22395.434510623654},"point_estimate":22138.577693906704,"standard_error":185.33082381666836},"std_dev":{"confidence_interval":{"confidence_level":0.95,"lower_bound":470.82606770503634,"upper_bound":2167.5829417964983},"point_estimate":1426.5746565367938,"standard_error":460.4875171109493}}