{"mean":{"confidence_interval":{"confidence_level":0.95,"lower_bound":542.2732702718051,"upper_bound":546.3112898909507},"point_estimate":544.1575419946923,"standard_error":1.032291541251169},"median":{"confidence_interval":{"confidence_level":0.95,"lower_bound":540.9003045381625,"upper_bound":543.6609810479375},"point_estimate":542.3067716857611,"standard_error":0.7102013018792916},"median_abs_dev":{"confidence_interval":{"confidence_level":0.95,"lower_bound":4.108883091112664,"upper_bound":6.511654965732694},"point_estimate":5.510157396126597,"standard_error":0.6132675292781219},"slope":{"confidence_interval":{"confidence_level":0.95,"lower_bound":540.312714109558,"upper_bound":546.7944081799403},"point_estimate":543.18743932742,"standard_error":1.6538806052256287},"std_dev":{"confidence_interval":{"confidence_level":0.95,"lower_bound":6.57327178696173,"upper_bound":14.116298658632957},"point_estimate":10.409452474344453,"standard_error":1.9677363046719638}}