{"mean":{"confidence_interval":{"confidence_level":0.95,"lower_bound":21609.5041154511,"upper_bound":22138.23457165094},"point_estimate":21876.324336608122,"standard_error":133.95977260042798},"median":{"confidence_interval":{"confidence_level":0.95,"lower_bound":21783.833776595744,"upper_bound":22075.698975571315},"point_estimate":21952.606346608474,"standard_error":79.07082458524798},"median_abs_dev":{"confidence_interval":{"confidence_level":0.95,"lower_bound":363.1215841368357,"upper_bound":641.7413030893018},"point_estimate":476.2932240176188,"standard_error":69.64037455777115},"slope":{"confidence_interval":{"confidence_level":0.95,"lower_bound":21878.025891538877,"upper_bound":22093.588645271186},"point_estimate":21987.76877173014,"standard_error":54.82146247526124},"std_dev":{"confidence_interval":{"confidence_level":0.95,"lower_bound":741.1986975708624,"upper_bound":1847.3785736611692},"point_estimate":1342.4545837513067,"standard_error":281.2692812246544}}