{"mean":{"confidence_interval":{"confidence_level":0.95,"lower_bound":481.48057007522743,"upper_bound":498.73054658271013},"point_estimate":488.4354747299225,"standard_error":4.537095183781975},"median":{"confidence_interval":{"confidence_level":0.95,"lower_bound":482.7112254627375,"upper_bound":485.0924285383144},"point_estimate":483.80153658531856,"standard_error":0.5874113029232407},"median_abs_dev":{"confidence_interval":{"confidence_level":0.95,"lower_bound":4.266299027489656,"upper_bound":10.024942757752132},"point_estimate":7.333088362242672,"standard_error":1.6688229452550754},"slope":{"confidence_interval":{"confidence_level":0.95,"lower_bound":479.2284885023176,"upper_bound":485.53872675825266},"point_estimate":482.53194092439895,"standard_error":1.6008951482352096},"std_dev":{"confidence_interval":{"confidence_level":0.95,"lower_bound":13.192402989620495,"upper_bound":74.36306325783642},"point_estimate":45.5663832267648,"standard_error":19.09696388661528}}