{"mean":{"confidence_interval":{"confidence_level":0.95,"lower_bound":96697.04056325718,"upper_bound":98704.73832678246},"point_estimate":97594.14117562045,"standard_error":517.6535034130204},"median":{"confidence_interval":{"confidence_level":0.95,"lower_bound":96373.72474747474,"upper_bound":97271.8276797829},"point_estimate":96934.68368686868,"standard_error":200.5125328567364},"median_abs_dev":{"confidence_interval":{"confidence_level":0.95,"lower_bound":1407.7904201348751,"upper_bound":2881.0806067463327},"point_estimate":2056.062196392413,"standard_error":409.6170427420899},"slope":{"confidence_interval":{"confidence_level":0.95,"lower_bound":96144.67887185424,"upper_bound":97318.89150265529},"point_estimate":96710.24997219125,"standard_error":298.42280831386324},"std_dev":{"confidence_interval":{"confidence_level":0.95,"lower_bound":2682.9384335064515,"upper_bound":7671.846748191639},"point_estimate":5218.110018054067,"standard_error":1362.298740581605}}