{"mean":{"confidence_interval":{"confidence_level":0.95,"lower_bound":132004.7945919178,"upper_bound":134269.16662180625},"point_estimate":133037.42562652472,"standard_error":579.5910679045561},"median":{"confidence_interval":{"confidence_level":0.95,"lower_bound":131465.05902777778,"upper_bound":132883.66768040386},"point_estimate":132131.35279605264,"standard_error":376.43762785099676},"median_abs_dev":{"confidence_interval":{"confidence_level":0.95,"lower_bound":1873.8469872325468,"upper_bound":2966.385566102945},"point_estimate":2368.6701655344373,"standard_error":280.2617347498773},"slope":{"confidence_interval":{"confidence_level":0.95,"lower_bound":131880.35872808742,"upper_bound":134795.17428714604},"point_estimate":133017.25588037536,"standard_error":775.5707878021208},"std_dev":{"confidence_interval":{"confidence_level":0.95,"lower_bound":3041.7565444771158,"upper_bound":8145.14324709971},"point_estimate":5827.863628581952,"standard_error":1311.7513160206033}}