{"mean":{"confidence_interval":{"confidence_level":0.95,"lower_bound":240843.42837984592,"upper_bound":248109.53241485424},"point_estimate":244384.30312086464,"standard_error":1850.3014155613537},"median":{"confidence_interval":{"confidence_level":0.95,"lower_bound":237073.40291005292,"upper_bound":249072.95084134617},"point_estimate":243087.7756286267,"standard_error":3474.791780467625},"median_abs_dev":{"confidence_interval":{"confidence_level":0.95,"lower_bound":14883.460355273084,"upper_bound":23022.90556077059},"point_estimate":19583.907555075057,"standard_error":2067.6539533869595},"slope":{"confidence_interval":{"confidence_level":0.95,"lower_bound":248403.7686873916,"upper_bound":255315.52911368923},"point_estimate":251943.43565952417,"standard_error":1765.0511050394625},"std_dev":{"confidence_interval":{"confidence_level":0.95,"lower_bound":15175.091160015994,"upper_bound":22131.962284385845},"point_estimate":18684.116169647612,"standard_error":1785.7522286839755}}