{"mean":{"confidence_interval":{"confidence_level":0.95,"lower_bound":162712.04452080952,"upper_bound":165925.23970107816},"point_estimate":164176.54955935714,"standard_error":825.1204531901083},"median":{"confidence_interval":{"confidence_level":0.95,"lower_bound":161716.3742857143,"upper_bound":164340.53846153847},"point_estimate":162961.32104899932,"standard_error":638.4842001869143},"median_abs_dev":{"confidence_interval":{"confidence_level":0.95,"lower_bound":3697.018179131543,"upper_bound":6338.633978234875},"point_estimate":5118.455717775865,"standard_error":673.392314996061},"slope":{"confidence_interval":{"confidence_level":0.95,"lower_bound":163823.56113922768,"upper_bound":167608.52924052032},"point_estimate":165566.12014735377,"standard_error":970.8648818977712},"std_dev":{"confidence_interval":{"confidence_level":0.95,"lower_bound":4326.387957084883,"upper_bound":11453.852320674116},"point_estimate":8276.854004042274,"standard_error":1793.9647745339528}}