{"mean":{"confidence_interval":{"confidence_level":0.95,"lower_bound":100483.623150561,"upper_bound":103110.0553061797},"point_estimate":101693.01074121699,"standard_error":668.4188225805007},"median":{"confidence_interval":{"confidence_level":0.95,"lower_bound":100251.87727272727,"upper_bound":101953.59278350516},"point_estimate":101317.72789855073,"standard_error":456.7670944710422},"median_abs_dev":{"confidence_interval":{"confidence_level":0.95,"lower_bound":2622.4034288253856,"upper_bound":4249.013074288348},"point_estimate":3532.524037920531,"standard_error":411.9179048043719},"slope":{"confidence_interval":{"confidence_level":0.95,"lower_bound":100356.54593549985,"upper_bound":102279.12375274529},"point_estimate":101270.00213447613,"standard_error":490.0492861450182},"std_dev":{"confidence_interval":{"confidence_level":0.95,"lower_bound":3587.9891129078997,"upper_bound":9394.025658479291},"point_estimate":6751.947722389889,"standard_error":1488.7881258479733}}