{"mean":{"confidence_interval":{"confidence_level":0.95,"lower_bound":30887.553200449813,"upper_bound":32744.881542748553},"point_estimate":31768.931981853075,"standard_error":472.3783293001805},"median":{"confidence_interval":{"confidence_level":0.95,"lower_bound":31295.678125,"upper_bound":31630.525280898877},"point_estimate":31424.361205242967,"standard_error":94.51859625367929},"median_abs_dev":{"confidence_interval":{"confidence_level":0.95,"lower_bound":456.4497194141777,"upper_bound":744.6778063037362},"point_estimate":569.696637214493,"standard_error":74.5337750921971},"slope":{"confidence_interval":{"confidence_level":0.95,"lower_bound":31342.580386624308,"upper_bound":31676.724744469844},"point_estimate":31508.223558168316,"standard_error":84.60431578667436},"std_dev":{"confidence_interval":{"confidence_level":0.95,"lower_bound":2082.521037188029,"upper_bound":6933.6305175810785},"point_estimate":4742.702981139655,"standard_error":1257.8871878636594}}