{"mean":{"confidence_interval":{"confidence_level":0.95,"lower_bound":579105.932065282,"upper_bound":596939.2557721828},"point_estimate":587512.0024792945,"standard_error":4561.348825162279},"median":{"confidence_interval":{"confidence_level":0.95,"lower_bound":569408.3725490196,"upper_bound":583021.9090909091},"point_estimate":577177.0632253385,"standard_error":3461.668536919006},"median_abs_dev":{"confidence_interval":{"confidence_level":0.95,"lower_bound":18502.255836885088,"upper_bound":34780.106865863025},"point_estimate":25372.709408729177,"standard_error":4153.02628568534},"slope":{"confidence_interval":{"confidence_level":0.95,"lower_bound":573211.0251395248,"upper_bound":588344.1471464069},"point_estimate":580595.52,"standard_error":3854.689152772337},"std_dev":{"confidence_interval":{"confidence_level":0.95,"lower_bound":32341.610733307836,"upper_bound":57638.66470813491},"point_estimate":45810.33646529443,"standard_error":6473.445343416936}}