{"mean":{"confidence_interval":{"confidence_level":0.95,"lower_bound":434102.27395584364,"upper_bound":446439.0060852319},"point_estimate":439280.44619581854,"standard_error":3208.787872314891},"median":{"confidence_interval":{"confidence_level":0.95,"lower_bound":430263.7451388889,"upper_bound":434098.625},"point_estimate":431735.45953032374,"standard_error":1051.7566777801294},"median_abs_dev":{"confidence_interval":{"confidence_level":0.95,"lower_bound":4355.167614159226,"upper_bound":8275.129715071858},"point_estimate":6463.570702684449,"standard_error":1023.3311817153295},"slope":{"confidence_interval":{"confidence_level":0.95,"lower_bound":434181.42278287554,"upper_bound":439690.24501933175},"point_estimate":436892.2540643318,"standard_error":1409.9447011615825},"std_dev":{"confidence_interval":{"confidence_level":0.95,"lower_bound":9263.616778967595,"upper_bound":51146.27268890623},"point_estimate":32367.0932947292,"standard_error":11609.518741711821}}