{"mean":{"confidence_interval":{"confidence_level":0.95,"lower_bound":463983.8630596461,"upper_bound":476214.8367487707},"point_estimate":469482.9462542351,"standard_error":3134.6974115520825},"median":{"confidence_interval":{"confidence_level":0.95,"lower_bound":458206.1053358844,"upper_bound":460076.9247311828},"point_estimate":458831.7894736842,"standard_error":535.507417722138},"median_abs_dev":{"confidence_interval":{"confidence_level":0.95,"lower_bound":3047.7054674542564,"upper_bound":5861.339653525571},"point_estimate":4263.631933717199,"standard_error":726.2083334233724},"slope":{"confidence_interval":{"confidence_level":0.95,"lower_bound":458878.8898954231,"upper_bound":461820.1432968091},"point_estimate":460212.37895965716,"standard_error":750.3128553396729},"std_dev":{"confidence_interval":{"confidence_level":0.95,"lower_bound":16763.072602937544,"upper_bound":44576.236657969974},"point_estimate":31526.787609661318,"standard_error":7229.395608870577}}