{"mean":{"confidence_interval":{"confidence_level":0.95,"lower_bound":419565.1066033166,"upper_bound":425127.58319541725},"point_estimate":422124.955947549,"standard_error":1422.373066503469},"median":{"confidence_interval":{"confidence_level":0.95,"lower_bound":416798.8156746032,"upper_bound":419357.40650406503},"point_estimate":418040.56169806165,"standard_error":654.2669167716886},"median_abs_dev":{"confidence_interval":{"confidence_level":0.95,"lower_bound":3220.950619104138,"upper_bound":6402.182405469515},"point_estimate":4448.058375476218,"standard_error":866.0850370427247},"slope":{"confidence_interval":{"confidence_level":0.95,"lower_bound":420879.55110921874,"upper_bound":426912.86933117075},"point_estimate":423737.8747716861,"standard_error":1541.6413137734598},"std_dev":{"confidence_interval":{"confidence_level":0.95,"lower_bound":8535.14826145349,"upper_bound":19123.10179921913},"point_estimate":14277.814815843825,"standard_error":2705.869390934621}}