{"mean":{"confidence_interval":{"confidence_level":0.95,"lower_bound":1709370.1415480764,"upper_bound":1832983.217471154},"point_estimate":1770601.538076923,"standard_error":31492.605640027403},"median":{"confidence_interval":{"confidence_level":0.95,"lower_bound":1620180.7307692308,"upper_bound":1785761.9615384615},"point_estimate":1681801.2884615385,"standard_error":48106.80068457556},"median_abs_dev":{"confidence_interval":{"confidence_level":0.95,"lower_bound":200364.81801271712,"upper_bound":391484.97084975225},"point_estimate":305007.9366081037,"standard_error":51611.50003944732},"slope":null,"std_dev":{"confidence_interval":{"confidence_level":0.95,"lower_bound":276321.4643302178,"upper_bound":352821.3355777942},"point_estimate":317080.4035048885,"standard_error":19522.31787681723}}