{"mean":{"confidence_interval":{"confidence_level":0.95,"lower_bound":1880695.1555299994,"upper_bound":1968046.6690500001},"point_estimate":1922936.1932000008,"standard_error":22274.05315146393},"median":{"confidence_interval":{"confidence_level":0.95,"lower_bound":1843761.96,"upper_bound":1921496.48},"point_estimate":1885860.22,"standard_error":18030.55026272459},"median_abs_dev":{"confidence_interval":{"confidence_level":0.95,"lower_bound":132432.59030485162,"upper_bound":236600.83540749562},"point_estimate":169678.76336359978,"standard_error":26206.259149778634},"slope":null,"std_dev":{"confidence_interval":{"confidence_level":0.95,"lower_bound":170385.78264827732,"upper_bound":275397.71473593765},"point_estimate":223477.49628150687,"standard_error":27012.235597895447}}