{"mean":{"confidence_interval":{"confidence_level":0.95,"lower_bound":15911511.784875,"upper_bound":16113852.423562499},"point_estimate":16001507.06,"standard_error":51887.726842575605},"median":{"confidence_interval":{"confidence_level":0.95,"lower_bound":15862525.125,"upper_bound":16026902.5},"point_estimate":15953538.875,"standard_error":41360.65122392386},"median_abs_dev":{"confidence_interval":{"confidence_level":0.95,"lower_bound":265240.84179103374,"upper_bound":412724.5127476752},"point_estimate":354124.0074880421,"standard_error":37905.20020887305},"slope":null,"std_dev":{"confidence_interval":{"confidence_level":0.95,"lower_bound":296179.3722923285,"upper_bound":770032.5595139342},"point_estimate":520115.93876405136,"standard_error":145731.75998280977}}