{"mean":{"confidence_interval":{"confidence_level":0.95,"lower_bound":15617975.73458334,"upper_bound":15984652.653583331},"point_estimate":15775456.046666667,"standard_error":94495.43804803307},"median":{"confidence_interval":{"confidence_level":0.95,"lower_bound":15463431.333333334,"upper_bound":15783666.666666668},"point_estimate":15594799.0,"standard_error":91730.38903881589},"median_abs_dev":{"confidence_interval":{"confidence_level":0.95,"lower_bound":444090.8302158122,"upper_bound":702262.6353323478},"point_estimate":570829.1592657566,"standard_error":67204.05501417023},"slope":null,"std_dev":{"confidence_interval":{"confidence_level":0.95,"lower_bound":467549.40192001977,"upper_bound":1463588.960162327},"point_estimate":951827.3078253692,"standard_error":312448.4591553004}}