{"mean":{"confidence_interval":{"confidence_level":0.95,"lower_bound":15690134.161375001,"upper_bound":15909159.5899375},"point_estimate":15797772.6725,"standard_error":55908.193706506725},"median":{"confidence_interval":{"confidence_level":0.95,"lower_bound":15586004.0,"upper_bound":15910722.25},"point_estimate":15760576.375,"standard_error":77046.55108133235},"median_abs_dev":{"confidence_interval":{"confidence_level":0.95,"lower_bound":429125.58963149786,"upper_bound":676807.9999342561},"point_estimate":570351.206099242,"standard_error":62781.07365709026},"slope":null,"std_dev":{"confidence_interval":{"confidence_level":0.95,"lower_bound":475707.3423856121,"upper_bound":649257.567754708},"point_estimate":563612.9667575005,"standard_error":44328.06866859117}}