{"mean":{"confidence_interval":{"confidence_level":0.95,"lower_bound":4020463.495403849,"upper_bound":4064764.905442309},"point_estimate":4042096.260000001,"standard_error":11289.328646502952},"median":{"confidence_interval":{"confidence_level":0.95,"lower_bound":3996368.769230769,"upper_bound":4060746.846153846},"point_estimate":4031034.730769231,"standard_error":15586.99942189885},"median_abs_dev":{"confidence_interval":{"confidence_level":0.95,"lower_bound":75568.29172762556,"upper_bound":118530.50353412444},"point_estimate":96918.1305101283,"standard_error":11184.252837612225},"slope":null,"std_dev":{"confidence_interval":{"confidence_level":0.95,"lower_bound":92621.3510896374,"upper_bound":133298.93122166334},"point_estimate":113935.17120861741,"standard_error":10402.628064208766}}