{"mean":{"confidence_interval":{"confidence_level":0.95,"lower_bound":4082571.508687501,"upper_bound":4200700.409583333},"point_estimate":4128741.9158333326,"standard_error":31390.46500671297},"median":{"confidence_interval":{"confidence_level":0.95,"lower_bound":4069409.0833333335,"upper_bound":4116641.291666667},"point_estimate":4094689.875,"standard_error":11459.101395851492},"median_abs_dev":{"confidence_interval":{"confidence_level":0.95,"lower_bound":65436.40308827162,"upper_bound":105463.01942765736},"point_estimate":83895.94648554898,"standard_error":10069.41262237843},"slope":null,"std_dev":{"confidence_interval":{"confidence_level":0.95,"lower_bound":70514.3272334148,"upper_bound":521916.77837531484},"point_estimate":316060.77349967917,"standard_error":140463.76416039496}}