{"mean":{"confidence_interval":{"confidence_level":0.95,"lower_bound":4335799.023875002,"upper_bound":4510365.781958335},"point_estimate":4416072.105833334,"standard_error":44687.09224755726},"median":{"confidence_interval":{"confidence_level":0.95,"lower_bound":4246265.166666667,"upper_bound":4351495.416666666},"point_estimate":4295928.333333334,"standard_error":31063.632704777636},"median_abs_dev":{"confidence_interval":{"confidence_level":0.95,"lower_bound":162340.3110928838,"upper_bound":303751.1290073397},"point_estimate":220427.77498662335,"standard_error":35914.62150917312},"slope":null,"std_dev":{"confidence_interval":{"confidence_level":0.95,"lower_bound":266336.1454036022,"upper_bound":610378.8229910913},"point_estimate":449999.8071348263,"standard_error":88720.95428188494}}