{"mean":{"confidence_interval":{"confidence_level":0.95,"lower_bound":4638451.067454545,"upper_bound":4721625.96525},"point_estimate":4680076.669090909,"standard_error":21185.921637355776},"median":{"confidence_interval":{"confidence_level":0.95,"lower_bound":4608786.0,"upper_bound":4729657.454545454},"point_estimate":4662711.454545454,"standard_error":28062.871977324045},"median_abs_dev":{"confidence_interval":{"confidence_level":0.95,"lower_bound":172204.83775298082,"upper_bound":283043.56532042637},"point_estimate":214390.49311198984,"standard_error":27870.173509168224},"slope":null,"std_dev":{"confidence_interval":{"confidence_level":0.95,"lower_bound":186836.536241477,"upper_bound":238303.6063564809},"point_estimate":213788.8449452982,"standard_error":13088.87144038697}}