{"mean":{"confidence_interval":{"confidence_level":0.95,"lower_bound":4285839.754541666,"upper_bound":4408026.185458331},"point_estimate":4339733.653333333,"standard_error":31467.867964348698},"median":{"confidence_interval":{"confidence_level":0.95,"lower_bound":4247713.666666666,"upper_bound":4325056.291666666},"point_estimate":4273789.0,"standard_error":24368.98259419197},"median_abs_dev":{"confidence_interval":{"confidence_level":0.95,"lower_bound":113933.05130228447,"upper_bound":182522.57388457737},"point_estimate":155681.02798610902,"standard_error":17066.677468505448},"slope":null,"std_dev":{"confidence_interval":{"confidence_level":0.95,"lower_bound":140628.2918735576,"upper_bound":466156.1949819025},"point_estimate":315955.31284233544,"standard_error":87393.75755898622}}