{"mean":{"confidence_interval":{"confidence_level":0.95,"lower_bound":4154400.735038461,"upper_bound":4205682.4331153855},"point_estimate":4180183.0969230765,"standard_error":13041.479631860308},"median":{"confidence_interval":{"confidence_level":0.95,"lower_bound":4137636.153846154,"upper_bound":4212640.5},"point_estimate":4175790.307692308,"standard_error":19433.92449529231},"median_abs_dev":{"confidence_interval":{"confidence_level":0.95,"lower_bound":106411.50325697144,"upper_bound":170545.86994143648},"point_estimate":127202.17375709418,"standard_error":16335.600399178775},"slope":null,"std_dev":{"confidence_interval":{"confidence_level":0.95,"lower_bound":114895.61446113996,"upper_bound":145357.29641257977},"point_estimate":130914.8559434129,"standard_error":7764.2315773951495}}