{"mean":{"confidence_interval":{"confidence_level":0.95,"lower_bound":5272071.593775001,"upper_bound":5453190.0344250025},"point_estimate":5352313.82,"standard_error":46703.43518964266},"median":{"confidence_interval":{"confidence_level":0.95,"lower_bound":5223651.1,"upper_bound":5328473.7},"point_estimate":5284375.4,"standard_error":28247.23577844499},"median_abs_dev":{"confidence_interval":{"confidence_level":0.95,"lower_bound":157611.78766208104,"upper_bound":275271.21994645667},"point_estimate":223711.21501833186,"standard_error":29527.90277342338},"slope":null,"std_dev":{"confidence_interval":{"confidence_level":0.95,"lower_bound":210273.5673886841,"upper_bound":686450.5789289329},"point_estimate":467770.8740636569,"standard_error":128365.50443893365}}