{"mean":{"confidence_interval":{"confidence_level":0.95,"lower_bound":126015.45534007714,"upper_bound":130391.24755129416},"point_estimate":127896.70563001763,"standard_error":1135.7397465313225},"median":{"confidence_interval":{"confidence_level":0.95,"lower_bound":125335.74489795919,"upper_bound":126027.921686747},"point_estimate":125518.96019736843,"standard_error":141.30136538420513},"median_abs_dev":{"confidence_interval":{"confidence_level":0.95,"lower_bound":1300.8833013562432,"upper_bound":2442.9228430119865},"point_estimate":1905.2273190907651,"standard_error":292.4345177306016},"slope":{"confidence_interval":{"confidence_level":0.95,"lower_bound":125346.16111490171,"upper_bound":126878.19135262442},"point_estimate":125980.23554012118,"standard_error":395.81699894234094},"std_dev":{"confidence_interval":{"confidence_level":0.95,"lower_bound":3883.2613275315084,"upper_bound":17629.23948333607},"point_estimate":11455.437990079487,"standard_error":3647.922301846382}}