{"mean":{"confidence_interval":{"confidence_level":0.95,"lower_bound":93903.79899237481,"upper_bound":95355.48839747757},"point_estimate":94584.78854687113,"standard_error":370.1725849026934},"median":{"confidence_interval":{"confidence_level":0.95,"lower_bound":93428.888379359,"upper_bound":94916.50181818182},"point_estimate":93990.56584148118,"standard_error":439.99277058383734},"median_abs_dev":{"confidence_interval":{"confidence_level":0.95,"lower_bound":2068.4371871105554,"upper_bound":3612.120465868511},"point_estimate":2710.244470488195,"standard_error":405.8375728264621},"slope":{"confidence_interval":{"confidence_level":0.95,"lower_bound":94492.2928992546,"upper_bound":95931.61376821666},"point_estimate":95234.4661609146,"standard_error":368.3737093652704},"std_dev":{"confidence_interval":{"confidence_level":0.95,"lower_bound":2584.776428729689,"upper_bound":5030.095471284724},"point_estimate":3718.504667010405,"standard_error":683.5199627683551}}