{"mean":{"confidence_interval":{"confidence_level":0.95,"lower_bound":33884551.96075,"upper_bound":34509297.490625},"point_estimate":34194172.76,"standard_error":159645.6222297315},"median":{"confidence_interval":{"confidence_level":0.95,"lower_bound":33571861.5,"upper_bound":34582634.5},"point_estimate":34093598.25,"standard_error":264195.01120112254},"median_abs_dev":{"confidence_interval":{"confidence_level":0.95,"lower_bound":1316085.093484819,"upper_bound":2128530.975911021},"point_estimate":1712463.756197691,"standard_error":210872.16340759746},"slope":null,"std_dev":{"confidence_interval":{"confidence_level":0.95,"lower_bound":1399789.9282378072,"upper_bound":1784533.405595421},"point_estimate":1604102.007416183,"standard_error":98365.1081314166}}