{"mean":{"confidence_interval":{"confidence_level":0.95,"lower_bound":92593.68367125011,"upper_bound":94788.9754442811},"point_estimate":93648.27673532852,"standard_error":560.368694278529},"median":{"confidence_interval":{"confidence_level":0.95,"lower_bound":91943.20319044098,"upper_bound":93967.3953886693},"point_estimate":92963.0388342566,"standard_error":488.6178134674493},"median_abs_dev":{"confidence_interval":{"confidence_level":0.95,"lower_bound":3028.9277480096157,"upper_bound":5358.248796122025},"point_estimate":3865.9931661246474,"standard_error":614.2313251343513},"slope":{"confidence_interval":{"confidence_level":0.95,"lower_bound":93146.17246947633,"upper_bound":94980.55695254685},"point_estimate":94022.47337802437,"standard_error":467.81814039499835},"std_dev":{"confidence_interval":{"confidence_level":0.95,"lower_bound":4320.76451966659,"upper_bound":6881.506905617518},"point_estimate":5636.23069884705,"standard_error":658.5251927976741}}