{"mean":{"confidence_interval":{"confidence_level":0.95,"lower_bound":138908.84066425584,"upper_bound":142652.4872339504},"point_estimate":140731.03867471966,"standard_error":957.4906382958122},"median":{"confidence_interval":{"confidence_level":0.95,"lower_bound":137670.6913726334,"upper_bound":141235.9521780303},"point_estimate":139720.09545200894,"standard_error":1036.264210962083},"median_abs_dev":{"confidence_interval":{"confidence_level":0.95,"lower_bound":6963.796275976156,"upper_bound":11222.029965007656},"point_estimate":9385.750219586702,"standard_error":1157.0589453068835},"slope":{"confidence_interval":{"confidence_level":0.95,"lower_bound":140141.6078085604,"upper_bound":144921.23855865627},"point_estimate":142525.32886877493,"standard_error":1218.0623665024568},"std_dev":{"confidence_interval":{"confidence_level":0.95,"lower_bound":7841.6944981252645,"upper_bound":11481.68382419201},"point_estimate":9685.49519995476,"standard_error":934.5384677064494}}