{"mean":{"confidence_interval":{"confidence_level":0.95,"lower_bound":122072.27408823442,"upper_bound":123955.4024473746},"point_estimate":122894.83076744984,"standard_error":483.2968075022735},"median":{"confidence_interval":{"confidence_level":0.95,"lower_bound":121959.84175084175,"upper_bound":123456.17901234567},"point_estimate":122510.67229902714,"standard_error":369.6003899460021},"median_abs_dev":{"confidence_interval":{"confidence_level":0.95,"lower_bound":1856.855911061995,"upper_bound":3239.118456323661},"point_estimate":2677.6498369740025,"standard_error":357.93821348772514},"slope":{"confidence_interval":{"confidence_level":0.95,"lower_bound":121929.62932204339,"upper_bound":123024.2125664245},"point_estimate":122476.73927491257,"standard_error":278.75739310846376},"std_dev":{"confidence_interval":{"confidence_level":0.95,"lower_bound":2491.641088257249,"upper_bound":7494.974738286526},"point_estimate":4881.939541440814,"standard_error":1562.7885468137633}}