{"mean":{"confidence_interval":{"confidence_level":0.95,"lower_bound":156557.40118394746,"upper_bound":162507.5908427099},"point_estimate":159278.70776753363,"standard_error":1519.681688911309},"median":{"confidence_interval":{"confidence_level":0.95,"lower_bound":153295.16807610993,"upper_bound":156795.83650793653},"point_estimate":155480.6806386247,"standard_error":826.9783694659225},"median_abs_dev":{"confidence_interval":{"confidence_level":0.95,"lower_bound":5188.575702884373,"upper_bound":8918.397806477315},"point_estimate":6743.755891736375,"standard_error":925.8987604460436},"slope":{"confidence_interval":{"confidence_level":0.95,"lower_bound":156964.93133314684,"upper_bound":163057.50754261413},"point_estimate":159858.36613523614,"standard_error":1561.808271154072},"std_dev":{"confidence_interval":{"confidence_level":0.95,"lower_bound":8919.20356150887,"upper_bound":21037.785915467033},"point_estimate":15264.209773804614,"standard_error":3149.8738877609626}}