{"mean":{"confidence_interval":{"confidence_level":0.95,"lower_bound":170618.386895473,"upper_bound":186069.18547330238},"point_estimate":178290.36260964218,"standard_error":3948.6758545593},"median":{"confidence_interval":{"confidence_level":0.95,"lower_bound":141211.5241935484,"upper_bound":207113.4365079365},"point_estimate":199633.14166666666,"standard_error":18218.714558567222},"median_abs_dev":{"confidence_interval":{"confidence_level":0.95,"lower_bound":15520.319375753023,"upper_bound":65289.471253380194},"point_estimate":35185.733505545744,"standard_error":14886.643720123191},"slope":{"confidence_interval":{"confidence_level":0.95,"lower_bound":143762.85668961483,"upper_bound":154350.75736815625},"point_estimate":148387.80878035564,"standard_error":2702.390859993609},"std_dev":{"confidence_interval":{"confidence_level":0.95,"lower_bound":36341.75953578716,"upper_bound":44200.87784814291},"point_estimate":39837.627403848695,"standard_error":2083.656953251207}}