{"mean":{"confidence_interval":{"confidence_level":0.95,"lower_bound":650.4839014938168,"upper_bound":665.4639460070782},"point_estimate":656.6910715175359,"standard_error":3.883414837451856},"median":{"confidence_interval":{"confidence_level":0.95,"lower_bound":654.274465336601,"upper_bound":657.317956863446},"point_estimate":656.1188215760536,"standard_error":0.8455103074769422},"median_abs_dev":{"confidence_interval":{"confidence_level":0.95,"lower_bound":5.617375910834053,"upper_bound":10.88633325638993},"point_estimate":8.064528970083787,"standard_error":1.3116579494538758},"slope":{"confidence_interval":{"confidence_level":0.95,"lower_bound":650.1484841188029,"upper_bound":686.4277490247126},"point_estimate":663.3500465824123,"standard_error":10.07210407778529},"std_dev":{"confidence_interval":{"confidence_level":0.95,"lower_bound":12.89107268186644,"upper_bound":63.64145177688331},"point_estimate":39.13931538341914,"standard_error":15.905277578820929}}