{"mean":{"confidence_interval":{"confidence_level":0.95,"lower_bound":36707334.133,"upper_bound":38055247.124625},"point_estimate":37313511.33,"standard_error":345623.20423699263},"median":{"confidence_interval":{"confidence_level":0.95,"lower_bound":36381166.5,"upper_bound":37105681.25},"point_estimate":36814401.5,"standard_error":194850.83707229412},"median_abs_dev":{"confidence_interval":{"confidence_level":0.95,"lower_bound":1292269.348807633,"upper_bound":2206454.947927594},"point_estimate":1654982.6139181852,"standard_error":219312.86195089016},"slope":null,"std_dev":{"confidence_interval":{"confidence_level":0.95,"lower_bound":1776969.638936795,"upper_bound":4940843.79471402},"point_estimate":3475730.92024095,"standard_error":837028.2894486791}}