{"mean":{"confidence_interval":{"confidence_level":0.95,"lower_bound":35283667.745125,"upper_bound":35854686.6225},"point_estimate":35562639.67,"standard_error":145557.9008073924},"median":{"confidence_interval":{"confidence_level":0.95,"lower_bound":34960011.0,"upper_bound":35457369.75},"point_estimate":35170452.25,"standard_error":123075.46462544118},"median_abs_dev":{"confidence_interval":{"confidence_level":0.95,"lower_bound":789906.5729301056,"upper_bound":1709477.0585507154},"point_estimate":1317637.005007267,"standard_error":223326.89289912928},"slope":null,"std_dev":{"confidence_interval":{"confidence_level":0.95,"lower_bound":1250116.104371594,"upper_bound":1647518.7219689079},"point_estimate":1462213.176811681,"standard_error":101282.59081565468}}