{"mean":{"confidence_interval":{"confidence_level":0.95,"lower_bound":98595.00481628822,"upper_bound":107558.48566490435},"point_estimate":102222.74679952399,"standard_error":2361.8592580587288},"median":{"confidence_interval":{"confidence_level":0.95,"lower_bound":97155.00434782609,"upper_bound":98867.47380952381},"point_estimate":97590.1435355689,"standard_error":404.2008367161391},"median_abs_dev":{"confidence_interval":{"confidence_level":0.95,"lower_bound":2515.286611242171,"upper_bound":4213.81500478983},"point_estimate":3338.709952680275,"standard_error":421.5429453262012},"slope":{"confidence_interval":{"confidence_level":0.95,"lower_bound":98890.9548753061,"upper_bound":102423.26549204819},"point_estimate":100562.58842766366,"standard_error":901.551881454291},"std_dev":{"confidence_interval":{"confidence_level":0.95,"lower_bound":5125.618312284581,"upper_bound":38668.09591136321},"point_estimate":23809.838022421856,"standard_error":9749.301142175042}}