{"mean":{"confidence_interval":{"confidence_level":0.95,"lower_bound":80084.66576283387,"upper_bound":81169.19086586652},"point_estimate":80531.27556107202,"standard_error":283.85005638669475},"median":{"confidence_interval":{"confidence_level":0.95,"lower_bound":80030.4349373882,"upper_bound":80295.18733031674},"point_estimate":80116.66215628263,"standard_error":64.56299114459205},"median_abs_dev":{"confidence_interval":{"confidence_level":0.95,"lower_bound":513.4305588555148,"upper_bound":842.8773949173029},"point_estimate":696.2176153361537,"standard_error":85.65409610207705},"slope":{"confidence_interval":{"confidence_level":0.95,"lower_bound":80047.59439400992,"upper_bound":80331.74641838837},"point_estimate":80184.50405065305,"standard_error":72.51510650943983},"std_dev":{"confidence_interval":{"confidence_level":0.95,"lower_bound":665.4421525094141,"upper_bound":4551.765541076579},"point_estimate":2852.4972488873186,"standard_error":1079.2443758806023}}