{"mean":{"confidence_interval":{"confidence_level":0.95,"lower_bound":87700.97204872927,"upper_bound":89978.35616225668},"point_estimate":88639.78002213006,"standard_error":594.012766901452},"median":{"confidence_interval":{"confidence_level":0.95,"lower_bound":87387.08333333333,"upper_bound":88085.36000881833},"point_estimate":87784.6193674332,"standard_error":162.01855612122128},"median_abs_dev":{"confidence_interval":{"confidence_level":0.95,"lower_bound":1354.896832890216,"upper_bound":2583.8748129234996},"point_estimate":1996.5206409537864,"standard_error":302.8544977455067},"slope":{"confidence_interval":{"confidence_level":0.95,"lower_bound":87579.68302136064,"upper_bound":90239.69524104717},"point_estimate":88609.90767178957,"standard_error":704.2942717140724},"std_dev":{"confidence_interval":{"confidence_level":0.95,"lower_bound":1798.318452873058,"upper_bound":9579.59999287649},"point_estimate":5980.435403626771,"standard_error":2260.485971878951}}