{"mean":{"confidence_interval":{"confidence_level":0.95,"lower_bound":79102.35917950889,"upper_bound":80236.85113679817},"point_estimate":79566.59759711177,"standard_error":298.52068243886646},"median":{"confidence_interval":{"confidence_level":0.95,"lower_bound":78983.54144584513,"upper_bound":79271.55076923077},"point_estimate":79149.00030959753,"standard_error":73.45073652911842},"median_abs_dev":{"confidence_interval":{"confidence_level":0.95,"lower_bound":374.0487682961825,"upper_bound":593.8633061405869},"point_estimate":487.76703590079677,"standard_error":53.680405107319935},"slope":{"confidence_interval":{"confidence_level":0.95,"lower_bound":79197.8416660703,"upper_bound":80717.29621539424},"point_estimate":79744.83444271407,"standard_error":427.19686851577484},"std_dev":{"confidence_interval":{"confidence_level":0.95,"lower_bound":557.0624098854272,"upper_bound":4838.1477800312505},"point_estimate":3010.694625850411,"standard_error":1181.8370654370938}}