{"mean":{"confidence_interval":{"confidence_level":0.95,"lower_bound":80777.21014420169,"upper_bound":81934.62159172037},"point_estimate":81262.7275461699,"standard_error":300.843226396823},"median":{"confidence_interval":{"confidence_level":0.95,"lower_bound":80382.75141700405,"upper_bound":81010.79950900163},"point_estimate":80586.15846153846,"standard_error":152.5900285104117},"median_abs_dev":{"confidence_interval":{"confidence_level":0.95,"lower_bound":823.3863441491649,"upper_bound":1428.6603178181272},"point_estimate":1058.255600066712,"standard_error":152.74117933750696},"slope":{"confidence_interval":{"confidence_level":0.95,"lower_bound":80452.25636333523,"upper_bound":80977.84200242674},"point_estimate":80710.42057518955,"standard_error":134.3533415202226},"std_dev":{"confidence_interval":{"confidence_level":0.95,"lower_bound":1181.5717932775756,"upper_bound":4740.347245962332},"point_estimate":3010.5451142152447,"standard_error":1079.5370576336447}}