{"mean":{"confidence_interval":{"confidence_level":0.95,"lower_bound":127985.53758542537,"upper_bound":131977.3886693438},"point_estimate":129771.37070201803,"standard_error":1020.7340067945538},"median":{"confidence_interval":{"confidence_level":0.95,"lower_bound":128280.20454545454,"upper_bound":129928.28725961538},"point_estimate":129391.28098086125,"standard_error":486.37821179178053},"median_abs_dev":{"confidence_interval":{"confidence_level":0.95,"lower_bound":3668.8792795624763,"upper_bound":5759.479405372803},"point_estimate":4910.445568907204,"standard_error":526.1911510312888},"slope":{"confidence_interval":{"confidence_level":0.95,"lower_bound":125503.6928418188,"upper_bound":129509.79426385103},"point_estimate":127759.53542226984,"standard_error":1040.6922750221256},"std_dev":{"confidence_interval":{"confidence_level":0.95,"lower_bound":4593.637675628073,"upper_bound":15367.966750494052},"point_estimate":10301.70600142673,"standard_error":2848.8200772647297}}