{"mean":{"confidence_interval":{"confidence_level":0.95,"lower_bound":94973.11933325673,"upper_bound":97483.57057964988},"point_estimate":96067.88656195474,"standard_error":646.2027491579895},"median":{"confidence_interval":{"confidence_level":0.95,"lower_bound":94255.94805194806,"upper_bound":95623.82311912226},"point_estimate":94931.56096681097,"standard_error":321.3801602956262},"median_abs_dev":{"confidence_interval":{"confidence_level":0.95,"lower_bound":1914.3855062409098,"upper_bound":3332.0045362889423},"point_estimate":2566.3196047652677,"standard_error":364.5786641031558},"slope":{"confidence_interval":{"confidence_level":0.95,"lower_bound":94495.8150571909,"upper_bound":95748.41432812806},"point_estimate":95072.09680212797,"standard_error":320.0842549234207},"std_dev":{"confidence_interval":{"confidence_level":0.95,"lower_bound":3179.198167731319,"upper_bound":9818.682689842004},"point_estimate":6497.71631006402,"standard_error":1955.7025705954654}}