{"mean":{"confidence_interval":{"confidence_level":0.95,"lower_bound":165580.3616147464,"upper_bound":176248.3318072542},"point_estimate":170155.62176740702,"standard_error":2752.8955435829876},"median":{"confidence_interval":{"confidence_level":0.95,"lower_bound":162439.7033898305,"upper_bound":167377.66666666666},"point_estimate":165157.7674984784,"standard_error":1026.979444737372},"median_abs_dev":{"confidence_interval":{"confidence_level":0.95,"lower_bound":8156.83344439515,"upper_bound":13368.43896499777},"point_estimate":10737.614708782154,"standard_error":1294.731065300841},"slope":{"confidence_interval":{"confidence_level":0.95,"lower_bound":166860.37454028305,"upper_bound":173406.11298799713},"point_estimate":170054.04444657898,"standard_error":1670.8279159460806},"std_dev":{"confidence_interval":{"confidence_level":0.95,"lower_bound":11625.921579324342,"upper_bound":42773.313145723645},"point_estimate":27701.708038440876,"standard_error":8907.78539049215}}