{"mean":{"confidence_interval":{"confidence_level":0.95,"lower_bound":91741.12321128919,"upper_bound":106191.55538816078},"point_estimate":96900.91954207818,"standard_error":4311.289669370762},"median":{"confidence_interval":{"confidence_level":0.95,"lower_bound":93033.078125,"upper_bound":94773.06941083573},"point_estimate":94035.94008308896,"standard_error":460.6762708739832},"median_abs_dev":{"confidence_interval":{"confidence_level":0.95,"lower_bound":2509.0372550066236,"upper_bound":4392.994569500917},"point_estimate":3237.4799071146476,"standard_error":484.58475553067376},"slope":{"confidence_interval":{"confidence_level":0.95,"lower_bound":93234.92237775742,"upper_bound":94537.47988222276},"point_estimate":93899.09206684848,"standard_error":330.69761028171405},"std_dev":{"confidence_interval":{"confidence_level":0.95,"lower_bound":4811.874299170486,"upper_bound":73472.97779842222},"point_estimate":43015.172929135515,"standard_error":24348.48316215892}}