{"mean":{"confidence_interval":{"confidence_level":0.95,"lower_bound":109993.19178360354,"upper_bound":114232.88488577197},"point_estimate":111821.40650799486,"standard_error":1097.3308226527802},"median":{"confidence_interval":{"confidence_level":0.95,"lower_bound":109041.64052287582,"upper_bound":110788.67359961195},"point_estimate":109949.39229024944,"standard_error":458.7118647161186},"median_abs_dev":{"confidence_interval":{"confidence_level":0.95,"lower_bound":3065.947201763041,"upper_bound":4798.895365330472},"point_estimate":3851.0135059218196,"standard_error":432.69975176047643},"slope":{"confidence_interval":{"confidence_level":0.95,"lower_bound":111027.5927987425,"upper_bound":114886.21882304378},"point_estimate":112637.99460519187,"standard_error":997.1702683906391},"std_dev":{"confidence_interval":{"confidence_level":0.95,"lower_bound":3717.655129551958,"upper_bound":16530.48294367524},"point_estimate":11013.819294179344,"standard_error":3490.5638305352627}}