{"mean":{"confidence_interval":{"confidence_level":0.95,"lower_bound":110964.65160823325,"upper_bound":113710.28744187731},"point_estimate":112152.50410591465,"standard_error":710.7572546964823},"median":{"confidence_interval":{"confidence_level":0.95,"lower_bound":109877.7311827957,"upper_bound":111705.47905282331},"point_estimate":110652.34226590503,"standard_error":390.6475169938815},"median_abs_dev":{"confidence_interval":{"confidence_level":0.95,"lower_bound":2036.5142718693255,"upper_bound":3541.9652081738736},"point_estimate":2736.2882160150657,"standard_error":375.54459516617146},"slope":{"confidence_interval":{"confidence_level":0.95,"lower_bound":110154.66572932784,"upper_bound":115293.05530306675},"point_estimate":112069.07818498267,"standard_error":1403.3424664621675},"std_dev":{"confidence_interval":{"confidence_level":0.95,"lower_bound":2614.711529826898,"upper_bound":10705.18400607203},"point_estimate":7139.927658649678,"standard_error":2193.5546470612057}}