{"mean":{"confidence_interval":{"confidence_level":0.95,"lower_bound":95425.89729374576,"upper_bound":97900.93875867243},"point_estimate":96546.20173048413,"standard_error":634.2827427583483},"median":{"confidence_interval":{"confidence_level":0.95,"lower_bound":94465.38461538461,"upper_bound":96435.1114922813},"point_estimate":95826.41822180751,"standard_error":416.0111046243981},"median_abs_dev":{"confidence_interval":{"confidence_level":0.95,"lower_bound":2688.4287999171593,"upper_bound":4317.929001663114},"point_estimate":3589.611926183674,"standard_error":400.004481263782},"slope":{"confidence_interval":{"confidence_level":0.95,"lower_bound":94765.42133557127,"upper_bound":96338.98148099547},"point_estimate":95470.62035654312,"standard_error":400.72934202568666},"std_dev":{"confidence_interval":{"confidence_level":0.95,"lower_bound":2952.2521473095194,"upper_bound":8980.032196053602},"point_estimate":6389.91009343022,"standard_error":1498.4656558107617}}