{"mean":{"confidence_interval":{"confidence_level":0.95,"lower_bound":528.2874552083703,"upper_bound":532.041873144643},"point_estimate":530.2553004273942,"standard_error":0.9538374923383601},"median":{"confidence_interval":{"confidence_level":0.95,"lower_bound":527.4207094541025,"upper_bound":530.8261434655163},"point_estimate":529.8790297817338,"standard_error":0.8233785748650089},"median_abs_dev":{"confidence_interval":{"confidence_level":0.95,"lower_bound":4.659033558634647,"upper_bound":7.908163107964324},"point_estimate":6.768552074165379,"standard_error":0.8337858891233593},"slope":{"confidence_interval":{"confidence_level":0.95,"lower_bound":529.2072240453799,"upper_bound":531.3746686988972},"point_estimate":530.277251831481,"standard_error":0.5538498261713576},"std_dev":{"confidence_interval":{"confidence_level":0.95,"lower_bound":6.011574279376602,"upper_bound":13.451649941095773},"point_estimate":9.557151822615802,"standard_error":2.0155804887321174}}