{"mean":{"confidence_interval":{"confidence_level":0.95,"lower_bound":623.6095033544469,"upper_bound":630.5940025763355},"point_estimate":627.1842325002673,"standard_error":1.775314126885796},"median":{"confidence_interval":{"confidence_level":0.95,"lower_bound":624.8671903889012,"upper_bound":629.9380834556323},"point_estimate":627.2884595795084,"standard_error":1.3754548595516358},"median_abs_dev":{"confidence_interval":{"confidence_level":0.95,"lower_bound":8.863665312973044,"upper_bound":16.244442808877206},"point_estimate":11.635434562812884,"standard_error":1.8881687742266964},"slope":{"confidence_interval":{"confidence_level":0.95,"lower_bound":624.3158211855484,"upper_bound":629.7716792681168},"point_estimate":627.1244290701811,"standard_error":1.3904276568735847},"std_dev":{"confidence_interval":{"confidence_level":0.95,"lower_bound":13.338087237779654,"upper_bound":22.63596682695193},"point_estimate":17.87836549195364,"standard_error":2.422140415633605}}