{"mean":{"confidence_interval":{"confidence_level":0.95,"lower_bound":443731.7415716897,"upper_bound":447705.3719109297},"point_estimate":445604.6591948725,"standard_error":1014.9372518083727},"median":{"confidence_interval":{"confidence_level":0.95,"lower_bound":441593.75326797384,"upper_bound":443511.623655914},"point_estimate":442533.12740929704,"standard_error":498.4918805274548},"median_abs_dev":{"confidence_interval":{"confidence_level":0.95,"lower_bound":3351.7085931093493,"upper_bound":6801.323978072539},"point_estimate":4670.248761478705,"standard_error":879.8552402730024},"slope":{"confidence_interval":{"confidence_level":0.95,"lower_bound":446349.0426660261,"upper_bound":452423.43945600744},"point_estimate":449328.5400088666,"standard_error":1551.54324883254},"std_dev":{"confidence_interval":{"confidence_level":0.95,"lower_bound":7146.515188224143,"upper_bound":12816.003016935145},"point_estimate":10185.53683399788,"standard_error":1448.587566741614}}