{"mean":{"confidence_interval":{"confidence_level":0.95,"lower_bound":168372.81699648793,"upper_bound":172861.93075820818},"point_estimate":170307.42636172322,"standard_error":1163.5440750294044},"median":{"confidence_interval":{"confidence_level":0.95,"lower_bound":167801.05459770115,"upper_bound":169374.021566126},"point_estimate":168486.88987093154,"standard_error":420.5503146068301},"median_abs_dev":{"confidence_interval":{"confidence_level":0.95,"lower_bound":2934.3653065689086,"upper_bound":4387.8341168632005},"point_estimate":3714.0553854235,"standard_error":369.85606355439074},"slope":{"confidence_interval":{"confidence_level":0.95,"lower_bound":170221.31815389672,"upper_bound":172387.2781620312},"point_estimate":171202.22284567263,"standard_error":554.2583892693021},"std_dev":{"confidence_interval":{"confidence_level":0.95,"lower_bound":3564.7243614820522,"upper_bound":17795.112132149334},"point_estimate":11691.565509502041,"standard_error":3753.2569624275234}}