{"mean":{"confidence_interval":{"confidence_level":0.95,"lower_bound":119172.11888906463,"upper_bound":121709.26296838831},"point_estimate":120204.90718312672,"standard_error":662.9787014844394},"median":{"confidence_interval":{"confidence_level":0.95,"lower_bound":119105.01908169349,"upper_bound":119668.07605820106},"point_estimate":119364.80575256108,"standard_error":138.99290415282516},"median_abs_dev":{"confidence_interval":{"confidence_level":0.95,"lower_bound":959.4515057733453,"upper_bound":1816.2983001171206},"point_estimate":1297.721871942851,"standard_error":218.3168732713144},"slope":{"confidence_interval":{"confidence_level":0.95,"lower_bound":119173.46032216793,"upper_bound":124414.30398874257},"point_estimate":120980.30605224702,"standard_error":1515.0728847716193},"std_dev":{"confidence_interval":{"confidence_level":0.95,"lower_bound":1568.4620117228362,"upper_bound":10594.3841161367},"point_estimate":6603.018174355246,"standard_error":2521.4657437476276}}