{"mean":{"confidence_interval":{"confidence_level":0.95,"lower_bound":137391.42067524136,"upper_bound":139977.008825114},"point_estimate":138532.13803808417,"standard_error":663.8467832489059},"median":{"confidence_interval":{"confidence_level":0.95,"lower_bound":136146.27651515152,"upper_bound":137912.963028169},"point_estimate":136660.2005907626,"standard_error":469.0828266099479},"median_abs_dev":{"confidence_interval":{"confidence_level":0.95,"lower_bound":2434.198904511602,"upper_bound":4448.205749340117},"point_estimate":3442.100105460559,"standard_error":529.3131380517327},"slope":{"confidence_interval":{"confidence_level":0.95,"lower_bound":135843.20891540384,"upper_bound":137254.7528959882},"point_estimate":136512.02491798432,"standard_error":359.04302817485706},"std_dev":{"confidence_interval":{"confidence_level":0.95,"lower_bound":3665.908469738033,"upper_bound":9944.291137598273},"point_estimate":6661.650747897808,"standard_error":1953.1137997518547}}