{"mean":{"confidence_interval":{"confidence_level":0.95,"lower_bound":92173.81425344676,"upper_bound":94035.18040736821},"point_estimate":93005.01629516388,"standard_error":475.9366304461627},"median":{"confidence_interval":{"confidence_level":0.95,"lower_bound":91903.24782754011,"upper_bound":92871.83370288249},"point_estimate":92257.94332939788,"standard_error":255.999809853168},"median_abs_dev":{"confidence_interval":{"confidence_level":0.95,"lower_bound":1687.616980907455,"upper_bound":3094.1090771018894},"point_estimate":2443.2062420632847,"standard_error":356.15082861153934},"slope":{"confidence_interval":{"confidence_level":0.95,"lower_bound":92109.99967351287,"upper_bound":93304.46371189415},"point_estimate":92673.30178459638,"standard_error":304.6551320863274},"std_dev":{"confidence_interval":{"confidence_level":0.95,"lower_bound":2373.06493400048,"upper_bound":6806.521864302306},"point_estimate":4760.796666777223,"standard_error":1171.640150904483}}