{"mean":{"confidence_interval":{"confidence_level":0.95,"lower_bound":124128.31685612134,"upper_bound":126771.19301447191},"point_estimate":125303.18637911456,"standard_error":680.807326280087},"median":{"confidence_interval":{"confidence_level":0.95,"lower_bound":123224.59646739131,"upper_bound":124659.99568965517},"point_estimate":123780.96371915394,"standard_error":366.9373384144836},"median_abs_dev":{"confidence_interval":{"confidence_level":0.95,"lower_bound":2051.4112937885,"upper_bound":3462.3492936446564},"point_estimate":2621.57420514205,"standard_error":348.8077469143476},"slope":{"confidence_interval":{"confidence_level":0.95,"lower_bound":123658.99874284743,"upper_bound":125705.91756250153},"point_estimate":124492.46920348752,"standard_error":531.8177441567373},"std_dev":{"confidence_interval":{"confidence_level":0.95,"lower_bound":3051.0272177147,"upper_bound":9816.899464571316},"point_estimate":6814.359573421151,"standard_error":1766.3928250645151}}