{"mean":{"confidence_interval":{"confidence_level":0.95,"lower_bound":33592653.015125,"upper_bound":34506116.021},"point_estimate":33988448.995,"standard_error":235942.76467417937},"median":{"confidence_interval":{"confidence_level":0.95,"lower_bound":33468255.0,"upper_bound":34178059.5},"point_estimate":33795357.5,"standard_error":158009.48094163998},"median_abs_dev":{"confidence_interval":{"confidence_level":0.95,"lower_bound":952576.7841383815,"upper_bound":1845663.1323829293},"point_estimate":1263516.1755681038,"standard_error":245875.05359786353},"slope":null,"std_dev":{"confidence_interval":{"confidence_level":0.95,"lower_bound":1207658.0828422643,"upper_bound":3636041.7537141973},"point_estimate":2368015.6869595125,"standard_error":768904.1015731746}}