{"mean":{"confidence_interval":{"confidence_level":0.95,"lower_bound":32018523.756375,"upper_bound":32706114.56975},"point_estimate":32337794.385,"standard_error":175577.39446162534},"median":{"confidence_interval":{"confidence_level":0.95,"lower_bound":31804758.0,"upper_bound":32338612.0},"point_estimate":32135860.25,"standard_error":153659.19710146997},"median_abs_dev":{"confidence_interval":{"confidence_level":0.95,"lower_bound":818400.7452204823,"upper_bound":1326084.1183573008},"point_estimate":1070815.6146392226,"standard_error":128951.23708427395},"slope":null,"std_dev":{"confidence_interval":{"confidence_level":0.95,"lower_bound":1071694.1393292595,"upper_bound":2425840.5382053773},"point_estimate":1764377.6822022323,"standard_error":354816.53702905803}}