{"mean":{"confidence_interval":{"confidence_level":0.95,"lower_bound":15534420.7376875,"upper_bound":15763154.0154375},"point_estimate":15635741.5625,"standard_error":58731.74991753614},"median":{"confidence_interval":{"confidence_level":0.95,"lower_bound":15466731.125,"upper_bound":15621421.25},"point_estimate":15518144.5,"standard_error":45040.654438126694},"median_abs_dev":{"confidence_interval":{"confidence_level":0.95,"lower_bound":255177.22652407375,"upper_bound":388151.5301339328},"point_estimate":344988.5971002281,"standard_error":34846.79540190937},"slope":null,"std_dev":{"confidence_interval":{"confidence_level":0.95,"lower_bound":282013.901356646,"upper_bound":874230.4845186193},"point_estimate":587726.4308425226,"standard_error":158733.99307301774}}