{"mean":{"confidence_interval":{"confidence_level":0.95,"lower_bound":1072578.0915159518,"upper_bound":1100402.4675293188},"point_estimate":1085174.872667101,"standard_error":7096.18810374514},"median":{"confidence_interval":{"confidence_level":0.95,"lower_bound":1055758.9464285714,"upper_bound":1067942.3176470587},"point_estimate":1060532.5871212122,"standard_error":3305.8309195146167},"median_abs_dev":{"confidence_interval":{"confidence_level":0.95,"lower_bound":14894.821340554156,"upper_bound":30905.002354215903},"point_estimate":20609.45625279589,"standard_error":4401.030186753506},"slope":{"confidence_interval":{"confidence_level":0.95,"lower_bound":1068728.5365629815,"upper_bound":1095377.1643300722},"point_estimate":1081022.9089197577,"standard_error":6831.17132924586},"std_dev":{"confidence_interval":{"confidence_level":0.95,"lower_bound":41591.16799461002,"upper_bound":102901.09316175088},"point_estimate":71828.66592949639,"standard_error":17190.555729136704}}