{"mean":{"confidence_interval":{"confidence_level":0.95,"lower_bound":25021.50998616492,"upper_bound":25588.427916820132},"point_estimate":25277.12240568484,"standard_error":145.52778258447495},"median":{"confidence_interval":{"confidence_level":0.95,"lower_bound":25042.35703125,"upper_bound":25275.92125},"point_estimate":25151.032149484538,"standard_error":57.75578377524616},"median_abs_dev":{"confidence_interval":{"confidence_level":0.95,"lower_bound":352.8215853512515,"upper_bound":632.9535991987253},"point_estimate":538.6489176579645,"standard_error":71.35255348959888},"slope":{"confidence_interval":{"confidence_level":0.95,"lower_bound":24823.16483205711,"upper_bound":25478.308018663836},"point_estimate":25162.54047679917,"standard_error":164.64947549481747},"std_dev":{"confidence_interval":{"confidence_level":0.95,"lower_bound":570.3525450004973,"upper_bound":2260.8797041683038},"point_estimate":1467.2355692534327,"standard_error":454.33224312259654}}