{"mean":{"confidence_interval":{"confidence_level":0.95,"lower_bound":3764.0529778555183,"upper_bound":3803.0983383684747},"point_estimate":3785.44462226788,"standard_error":10.03076252342537},"median":{"confidence_interval":{"confidence_level":0.95,"lower_bound":3792.2492320524757,"upper_bound":3809.5305832147938},"point_estimate":3797.669580577951,"standard_error":3.7790717925336357},"median_abs_dev":{"confidence_interval":{"confidence_level":0.95,"lower_bound":25.018758036998868,"upper_bound":37.56718828041762},"point_estimate":32.42114586827915,"standard_error":3.3667051352103496},"slope":{"confidence_interval":{"confidence_level":0.95,"lower_bound":3764.455170144896,"upper_bound":3800.789633672412},"point_estimate":3786.4047249089176,"standard_error":9.499855285309165},"std_dev":{"confidence_interval":{"confidence_level":0.95,"lower_bound":49.7760906524517,"upper_bound":139.89064635176445},"point_estimate":100.88388587962733,"standard_error":22.862476523748853}}