{"mean":{"confidence_interval":{"confidence_level":0.95,"lower_bound":3758.960977900222,"upper_bound":3786.0856260790533},"point_estimate":3774.4097448545344,"standard_error":6.973340308382481},"median":{"confidence_interval":{"confidence_level":0.95,"lower_bound":3773.556634370081,"upper_bound":3786.5726676241165},"point_estimate":3783.2916335641053,"standard_error":3.9777293709036483},"median_abs_dev":{"confidence_interval":{"confidence_level":0.95,"lower_bound":19.20638728138693,"upper_bound":32.85158211701465},"point_estimate":25.9057363096018,"standard_error":3.6231566117701197},"slope":{"confidence_interval":{"confidence_level":0.95,"lower_bound":3779.087315720123,"upper_bound":3789.140384672295},"point_estimate":3784.0255622211557,"standard_error":2.5725532905598762},"std_dev":{"confidence_interval":{"confidence_level":0.95,"lower_bound":29.9164500554568,"upper_bound":108.66285147220675},"point_estimate":69.84111026985784,"standard_error":23.22982008426549}}