{"mean":{"confidence_interval":{"confidence_level":0.95,"lower_bound":25886.43178344229,"upper_bound":26593.28437810285},"point_estimate":26196.073321144617,"standard_error":181.38143213818074},"median":{"confidence_interval":{"confidence_level":0.95,"lower_bound":25639.931967213113,"upper_bound":26039.670582340194},"point_estimate":25775.974781976744,"standard_error":91.60639918269365},"median_abs_dev":{"confidence_interval":{"confidence_level":0.95,"lower_bound":412.0265107711645,"upper_bound":692.3401225244007},"point_estimate":565.2513244680673,"standard_error":72.29980253069662},"slope":{"confidence_interval":{"confidence_level":0.95,"lower_bound":25898.430035705154,"upper_bound":26419.96529697719},"point_estimate":26135.846026451898,"standard_error":133.2404313064704},"std_dev":{"confidence_interval":{"confidence_level":0.95,"lower_bound":641.3814212150996,"upper_bound":2650.259639298843},"point_estimate":1822.246100726839,"standard_error":494.59434426533335}}