{"mean":{"confidence_interval":{"confidence_level":0.95,"lower_bound":3801.6637889511553,"upper_bound":3833.530657032637},"point_estimate":3818.836062728422,"standard_error":8.149052316067019},"median":{"confidence_interval":{"confidence_level":0.95,"lower_bound":3820.2704170977195,"upper_bound":3839.064756129369},"point_estimate":3825.933434530837,"standard_error":4.325277978777046},"median_abs_dev":{"confidence_interval":{"confidence_level":0.95,"lower_bound":30.9801601993218,"upper_bound":62.28825152476341},"point_estimate":49.075312849848444,"standard_error":8.274458238899674},"slope":{"confidence_interval":{"confidence_level":0.95,"lower_bound":3830.639816120721,"upper_bound":3847.9800218803025},"point_estimate":3840.083269532177,"standard_error":4.424801171170376},"std_dev":{"confidence_interval":{"confidence_level":0.95,"lower_bound":47.539161155532916,"upper_bound":112.4991953847361},"point_estimate":82.10032146660745,"standard_error":16.774887996596856}}