{"mean":{"confidence_interval":{"confidence_level":0.95,"lower_bound":26186.528106124348,"upper_bound":26598.006013831742},"point_estimate":26364.197097892145,"standard_error":105.85976913351239},"median":{"confidence_interval":{"confidence_level":0.95,"lower_bound":26143.398421052632,"upper_bound":26337.31907894737},"point_estimate":26248.792319865206,"standard_error":51.99921439628222},"median_abs_dev":{"confidence_interval":{"confidence_level":0.95,"lower_bound":437.37543778602515,"upper_bound":737.2091371858736},"point_estimate":633.3164090540981,"standard_error":75.08920568929297},"slope":{"confidence_interval":{"confidence_level":0.95,"lower_bound":26105.63850573239,"upper_bound":26301.544995475437},"point_estimate":26204.172942997364,"standard_error":49.72411698192208},"std_dev":{"confidence_interval":{"confidence_level":0.95,"lower_bound":537.3916032342929,"upper_bound":1645.2935526861106},"point_estimate":1067.2380019286156,"standard_error":354.2424545291168}}