{"mean":{"confidence_interval":{"confidence_level":0.95,"lower_bound":25003.318164454635,"upper_bound":25375.200010726894},"point_estimate":25168.82582793294,"standard_error":95.09265055565265},"median":{"confidence_interval":{"confidence_level":0.95,"lower_bound":24946.862931034484,"upper_bound":25170.304098360655},"point_estimate":25080.877834008097,"standard_error":47.40860421538692},"median_abs_dev":{"confidence_interval":{"confidence_level":0.95,"lower_bound":278.4646480979355,"upper_bound":526.1098669096838},"point_estimate":382.7063149175613,"standard_error":66.32903645072798},"slope":{"confidence_interval":{"confidence_level":0.95,"lower_bound":24947.858537341523,"upper_bound":25195.653503431735},"point_estimate":25061.549594428845,"standard_error":63.05816521040706},"std_dev":{"confidence_interval":{"confidence_level":0.95,"lower_bound":463.00230232628473,"upper_bound":1422.2581470501327},"point_estimate":952.5227259676407,"standard_error":258.5821738686052}}