{"mean":{"confidence_interval":{"confidence_level":0.95,"lower_bound":4331.01372991975,"upper_bound":4411.554129134076},"point_estimate":4369.91787452541,"standard_error":20.52725154580102},"median":{"confidence_interval":{"confidence_level":0.95,"lower_bound":4320.392180046891,"upper_bound":4394.192186962504},"point_estimate":4352.063187731233,"standard_error":19.055021542529303},"median_abs_dev":{"confidence_interval":{"confidence_level":0.95,"lower_bound":131.22915276435603,"upper_bound":221.53877504644467},"point_estimate":156.53524668873064,"standard_error":23.31440141381312},"slope":{"confidence_interval":{"confidence_level":0.95,"lower_bound":4352.225483240847,"upper_bound":4455.446913360212},"point_estimate":4403.1587836611625,"standard_error":26.26994287155036},"std_dev":{"confidence_interval":{"confidence_level":0.95,"lower_bound":157.22597443791307,"upper_bound":260.12969829196504},"point_estimate":206.12923962986926,"standard_error":27.115540509386804}}