{"mean":{"confidence_interval":{"confidence_level":0.95,"lower_bound":4187.130478614176,"upper_bound":4291.4509427386},"point_estimate":4240.490323774296,"standard_error":26.623211904080716},"median":{"confidence_interval":{"confidence_level":0.95,"lower_bound":4169.695652173913,"upper_bound":4267.370335626433},"point_estimate":4208.966205322456,"standard_error":26.744386494415735},"median_abs_dev":{"confidence_interval":{"confidence_level":0.95,"lower_bound":128.31269683441005,"upper_bound":218.31632963981315},"point_estimate":178.4548264935207,"standard_error":23.33240534246943},"slope":{"confidence_interval":{"confidence_level":0.95,"lower_bound":4231.34177896433,"upper_bound":4335.273465332273},"point_estimate":4281.515377997042,"standard_error":26.672645099513847},"std_dev":{"confidence_interval":{"confidence_level":0.95,"lower_bound":188.52720913580245,"upper_bound":340.98475135789545},"point_estimate":266.6356472343677,"standard_error":39.32391489805207}}