{"mean":{"confidence_interval":{"confidence_level":0.95,"lower_bound":92652.68301352957,"upper_bound":94933.16780988472},"point_estimate":93745.53167831877,"standard_error":580.603900233837},"median":{"confidence_interval":{"confidence_level":0.95,"lower_bound":91578.34216101695,"upper_bound":93041.80272727273},"point_estimate":92239.33703907699,"standard_error":322.5524074191801},"median_abs_dev":{"confidence_interval":{"confidence_level":0.95,"lower_bound":2900.7092581189295,"upper_bound":4999.1165708161125},"point_estimate":3799.7419511599796,"standard_error":524.3893911074008},"slope":{"confidence_interval":{"confidence_level":0.95,"lower_bound":94212.81833425371,"upper_bound":97619.30752461305},"point_estimate":95947.26853527143,"standard_error":867.8525524205266},"std_dev":{"confidence_interval":{"confidence_level":0.95,"lower_bound":4382.623149237273,"upper_bound":7342.9600277546515},"point_estimate":5860.06459531901,"standard_error":768.9111911242074}}