{"mean":{"confidence_interval":{"confidence_level":0.95,"lower_bound":97180.92692907972,"upper_bound":100792.35109013726},"point_estimate":98957.98108683777,"standard_error":923.3679069457536},"median":{"confidence_interval":{"confidence_level":0.95,"lower_bound":96049.99898296467,"upper_bound":99650.91674447557},"point_estimate":97952.06260162602,"standard_error":938.1724898314765},"median_abs_dev":{"confidence_interval":{"confidence_level":0.95,"lower_bound":6064.310017429575,"upper_bound":11078.954170326148},"point_estimate":8320.468192044664,"standard_error":1345.1325489062983},"slope":{"confidence_interval":{"confidence_level":0.95,"lower_bound":96233.66875502007,"upper_bound":101163.23177850069},"point_estimate":98606.85949559134,"standard_error":1259.467351902118},"std_dev":{"confidence_interval":{"confidence_level":0.95,"lower_bound":7689.418774159552,"upper_bound":10847.686274450938},"point_estimate":9277.661121788828,"standard_error":810.6020387891192}}