{"mean":{"confidence_interval":{"confidence_level":0.95,"lower_bound":4405.72242182474,"upper_bound":4489.658972292209},"point_estimate":4447.200522243404,"standard_error":21.461624524027513},"median":{"confidence_interval":{"confidence_level":0.95,"lower_bound":4359.226242534448,"upper_bound":4499.097120604201},"point_estimate":4443.830310944661,"standard_error":37.58566114702904},"median_abs_dev":{"confidence_interval":{"confidence_level":0.95,"lower_bound":152.80554657591557,"upper_bound":254.16730060653114},"point_estimate":188.0653437014271,"standard_error":25.260032777146325},"slope":{"confidence_interval":{"confidence_level":0.95,"lower_bound":4403.393692474104,"upper_bound":4505.026139029824},"point_estimate":4453.508568130355,"standard_error":25.966232205775224},"std_dev":{"confidence_interval":{"confidence_level":0.95,"lower_bound":171.26561220727876,"upper_bound":256.72555155941654},"point_estimate":215.05560959692238,"standard_error":21.835735870521688}}