{"mean":{"confidence_interval":{"confidence_level":0.95,"lower_bound":27246.67119435763,"upper_bound":28074.007102783857},"point_estimate":27642.595690100155,"standard_error":210.58904422132767},"median":{"confidence_interval":{"confidence_level":0.95,"lower_bound":26829.49398148148,"upper_bound":27320.811616161616},"point_estimate":27094.674010093167,"standard_error":128.61953688854715},"median_abs_dev":{"confidence_interval":{"confidence_level":0.95,"lower_bound":640.5026264295873,"upper_bound":1380.707527356033},"point_estimate":916.1325996504705,"standard_error":197.05424622115882},"slope":{"confidence_interval":{"confidence_level":0.95,"lower_bound":26783.797110066345,"upper_bound":27586.035045061584},"point_estimate":27172.86341239348,"standard_error":203.75432624127652},"std_dev":{"confidence_interval":{"confidence_level":0.95,"lower_bound":1497.022142743983,"upper_bound":2687.6062532410174},"point_estimate":2122.67790827262,"standard_error":304.5543556990941}}