{"mean":{"confidence_interval":{"confidence_level":0.95,"lower_bound":125599.47549815562,"upper_bound":130811.95110952116},"point_estimate":128013.87889810174,"standard_error":1333.652405423899},"median":{"confidence_interval":{"confidence_level":0.95,"lower_bound":122287.98192771085,"upper_bound":126576.16935483871},"point_estimate":124307.27990430623,"standard_error":1139.599968983018},"median_abs_dev":{"confidence_interval":{"confidence_level":0.95,"lower_bound":5820.3340952860835,"upper_bound":10332.420780909468},"point_estimate":8011.333242668722,"standard_error":1156.441707842069},"slope":{"confidence_interval":{"confidence_level":0.95,"lower_bound":125042.87540726566,"upper_bound":129978.15684879772},"point_estimate":127382.61626200679,"standard_error":1255.6478532892472},"std_dev":{"confidence_interval":{"confidence_level":0.95,"lower_bound":8793.111814267617,"upper_bound":18585.123138794534},"point_estimate":13423.632915911383,"standard_error":2797.520905360693}}