{"mean":{"confidence_interval":{"confidence_level":0.95,"lower_bound":117930.6346114472,"upper_bound":119641.09179277092},"point_estimate":118757.77229887575,"standard_error":435.4398175526232},"median":{"confidence_interval":{"confidence_level":0.95,"lower_bound":117447.44345238095,"upper_bound":119557.03924663301},"point_estimate":118897.99312500001,"standard_error":523.2888038325357},"median_abs_dev":{"confidence_interval":{"confidence_level":0.95,"lower_bound":2871.6487314044043,"upper_bound":4647.414976522272},"point_estimate":3715.3401772213424,"standard_error":455.721601723828},"slope":{"confidence_interval":{"confidence_level":0.95,"lower_bound":116627.3355940186,"upper_bound":118264.39557215662},"point_estimate":117427.88543963352,"standard_error":416.79980212801377},"std_dev":{"confidence_interval":{"confidence_level":0.95,"lower_bound":3378.6226735911337,"upper_bound":5519.648398627269},"point_estimate":4367.184704428872,"standard_error":573.3283677782049}}