{"mean":{"confidence_interval":{"confidence_level":0.95,"lower_bound":186829.5798649166,"upper_bound":195093.8744672055},"point_estimate":190846.43421250998,"standard_error":2111.6511725996934},"median":{"confidence_interval":{"confidence_level":0.95,"lower_bound":183707.73251028807,"upper_bound":192192.75169172933},"point_estimate":186377.10520833335,"standard_error":2511.6630199006304},"median_abs_dev":{"confidence_interval":{"confidence_level":0.95,"lower_bound":13802.452721624144,"upper_bound":24110.91102076931},"point_estimate":17879.538518372185,"standard_error":2786.065587442372},"slope":{"confidence_interval":{"confidence_level":0.95,"lower_bound":188876.2295689946,"upper_bound":196036.07514923264},"point_estimate":192220.28916605093,"standard_error":1828.2678397624866},"std_dev":{"confidence_interval":{"confidence_level":0.95,"lower_bound":16831.182247389144,"upper_bound":25282.842406967586},"point_estimate":21209.723972912423,"standard_error":2166.301061690982}}