{"mean":{"confidence_interval":{"confidence_level":0.95,"lower_bound":123137.89022387845,"upper_bound":124757.22196321124},"point_estimate":123924.27452351058,"standard_error":412.4879989516738},"median":{"confidence_interval":{"confidence_level":0.95,"lower_bound":122350.24375,"upper_bound":124536.16787965185},"point_estimate":123052.18951612903,"standard_error":652.7180645601065},"median_abs_dev":{"confidence_interval":{"confidence_level":0.95,"lower_bound":2992.1816848354783,"upper_bound":4725.136426950126},"point_estimate":3873.627580661182,"standard_error":436.7814215036423},"slope":{"confidence_interval":{"confidence_level":0.95,"lower_bound":122347.69705837996,"upper_bound":124277.42148751314},"point_estimate":123276.16682059997,"standard_error":490.7039026738664},"std_dev":{"confidence_interval":{"confidence_level":0.95,"lower_bound":3313.592057982705,"upper_bound":5075.92390844568},"point_estimate":4136.768398605136,"standard_error":465.1457718393599}}