{"mean":{"confidence_interval":{"confidence_level":0.95,"lower_bound":184583.0510920173,"upper_bound":197147.21827522825},"point_estimate":190575.93713183896,"standard_error":3201.742087132126},"median":{"confidence_interval":{"confidence_level":0.95,"lower_bound":176648.66504629632,"upper_bound":184612.84825498576},"point_estimate":179875.2224157956,"standard_error":2057.6392366437954},"median_abs_dev":{"confidence_interval":{"confidence_level":0.95,"lower_bound":12776.17875778769,"upper_bound":24440.205261470008},"point_estimate":16879.276218250357,"standard_error":2998.7560451677973},"slope":{"confidence_interval":{"confidence_level":0.95,"lower_bound":178388.8192255888,"upper_bound":190255.8050824167},"point_estimate":183880.93359735975,"standard_error":3037.1375446064967},"std_dev":{"confidence_interval":{"confidence_level":0.95,"lower_bound":24740.909681781166,"upper_bound":38673.269341786196},"point_estimate":32209.576138433837,"standard_error":3548.2503847642133}}