{"mean":{"confidence_interval":{"confidence_level":0.95,"lower_bound":206367.64449645413,"upper_bound":216658.06472952178},"point_estimate":211133.80425115261,"standard_error":2626.719258333018},"median":{"confidence_interval":{"confidence_level":0.95,"lower_bound":200621.048,"upper_bound":207770.5750503018},"point_estimate":202657.3082324455,"standard_error":1752.649658012089},"median_abs_dev":{"confidence_interval":{"confidence_level":0.95,"lower_bound":9929.604918552981,"upper_bound":18436.922524673828},"point_estimate":13713.866999363043,"standard_error":2310.6370285391354},"slope":{"confidence_interval":{"confidence_level":0.95,"lower_bound":212177.4611732747,"upper_bound":224404.03770651115},"point_estimate":217989.1588432097,"standard_error":3118.5884184806555},"std_dev":{"confidence_interval":{"confidence_level":0.95,"lower_bound":16563.54994290222,"upper_bound":35783.935206834845},"point_estimate":26322.320591831576,"standard_error":5015.177793786043}}