{"mean":{"confidence_interval":{"confidence_level":0.95,"lower_bound":183475.3528295508,"upper_bound":195598.47953184153},"point_estimate":189076.08300153504,"standard_error":3098.133132166533},"median":{"confidence_interval":{"confidence_level":0.95,"lower_bound":176818.12878787878,"upper_bound":182771.74615384615},"point_estimate":180195.06938131314,"standard_error":1504.5779989976031},"median_abs_dev":{"confidence_interval":{"confidence_level":0.95,"lower_bound":10054.819530664223,"upper_bound":17096.160509016223},"point_estimate":13879.494257809476,"standard_error":1857.7290690156262},"slope":{"confidence_interval":{"confidence_level":0.95,"lower_bound":184081.92871385117,"upper_bound":196678.14132263252},"point_estimate":190034.68781882667,"standard_error":3221.9876708551},"std_dev":{"confidence_interval":{"confidence_level":0.95,"lower_bound":19620.130029822478,"upper_bound":42388.44082431245},"point_estimate":31042.013161512645,"standard_error":5964.039272820891}}