{"mean":{"confidence_interval":{"confidence_level":0.95,"lower_bound":103281.20644445183,"upper_bound":112274.41362470579},"point_estimate":106611.72341587042,"standard_error":2501.5705366972184},"median":{"confidence_interval":{"confidence_level":0.95,"lower_bound":102490.11322463768,"upper_bound":104057.24219317356},"point_estimate":103197.16840009611,"standard_error":408.1391591361986},"median_abs_dev":{"confidence_interval":{"confidence_level":0.95,"lower_bound":2877.4012005825803,"upper_bound":4687.015601633995},"point_estimate":3970.934212898295,"standard_error":456.6608010593131},"slope":{"confidence_interval":{"confidence_level":0.95,"lower_bound":105177.72754266103,"upper_bound":108328.08593410086},"point_estimate":106607.5156123672,"standard_error":807.0624490271855},"std_dev":{"confidence_interval":{"confidence_level":0.95,"lower_bound":4578.612800633298,"upper_bound":42284.697224707474},"point_estimate":25118.210322710907,"standard_error":12813.408627783569}}