{"mean":{"confidence_interval":{"confidence_level":0.95,"lower_bound":2117795.55932,"upper_bound":2216354.63777},"point_estimate":2166210.338799999,"standard_error":25208.7275982253},"median":{"confidence_interval":{"confidence_level":0.95,"lower_bound":2061018.52,"upper_bound":2196494.66},"point_estimate":2139158.56,"standard_error":34539.5325877569},"median_abs_dev":{"confidence_interval":{"confidence_level":0.95,"lower_bound":182738.17110174862,"upper_bound":280973.8072357181},"point_estimate":231941.23125421963,"standard_error":24248.905921023725},"slope":null,"std_dev":{"confidence_interval":{"confidence_level":0.95,"lower_bound":209549.774661922,"upper_bound":296337.81660234625},"point_estimate":254455.30337732582,"standard_error":22239.78548753558}}