{"mean":{"confidence_interval":{"confidence_level":0.95,"lower_bound":194360.05418042582,"upper_bound":199838.39821848852},"point_estimate":196744.4230083661,"standard_error":1410.374623321498},"median":{"confidence_interval":{"confidence_level":0.95,"lower_bound":194011.96377688172,"upper_bound":194982.82285714286},"point_estimate":194610.848015873,"standard_error":298.9503309760113},"median_abs_dev":{"confidence_interval":{"confidence_level":0.95,"lower_bound":1812.4903390810937,"upper_bound":3168.032556945824},"point_estimate":2811.515841775567,"standard_error":371.9293852942006},"slope":{"confidence_interval":{"confidence_level":0.95,"lower_bound":194733.69999823798,"upper_bound":195862.4225535097},"point_estimate":195265.42859642382,"standard_error":287.89025402402723},"std_dev":{"confidence_interval":{"confidence_level":0.95,"lower_bound":4583.778931418492,"upper_bound":20877.587150524538},"point_estimate":14174.78307493267,"standard_error":4054.356405263646}}