{"mean":{"confidence_interval":{"confidence_level":0.95,"lower_bound":165116.3806176273,"upper_bound":167169.3332148332},"point_estimate":166101.7682121678,"standard_error":523.7472588616253},"median":{"confidence_interval":{"confidence_level":0.95,"lower_bound":164104.6883043758,"upper_bound":165796.9568452381},"point_estimate":164759.80948712304,"standard_error":423.7246777336283},"median_abs_dev":{"confidence_interval":{"confidence_level":0.95,"lower_bound":2804.569439602879,"upper_bound":4952.860322191415},"point_estimate":3656.828700310591,"standard_error":560.2278226489235},"slope":{"confidence_interval":{"confidence_level":0.95,"lower_bound":166875.64958832445,"upper_bound":169346.79665422146},"point_estimate":168041.03758829614,"standard_error":629.495224866652},"std_dev":{"confidence_interval":{"confidence_level":0.95,"lower_bound":4047.857131010839,"upper_bound":6363.826125214034},"point_estimate":5257.119169792823,"standard_error":594.8936632339872}}