{"mean":{"confidence_interval":{"confidence_level":0.95,"lower_bound":172174.96975324562,"upper_bound":177596.94772776574},"point_estimate":174858.8599020284,"standard_error":1381.5448016198116},"median":{"confidence_interval":{"confidence_level":0.95,"lower_bound":171314.3754147813,"upper_bound":176789.9423076923},"point_estimate":174029.10179990652,"standard_error":1444.901933960768},"median_abs_dev":{"confidence_interval":{"confidence_level":0.95,"lower_bound":8012.668658441122,"upper_bound":16357.444319597318},"point_estimate":11720.07025572026,"standard_error":2125.9041679741895},"slope":{"confidence_interval":{"confidence_level":0.95,"lower_bound":176201.4770961017,"upper_bound":183235.57998163425},"point_estimate":179624.70204768237,"standard_error":1794.0447468117693},"std_dev":{"confidence_interval":{"confidence_level":0.95,"lower_bound":11734.791488199024,"upper_bound":15785.202937089949},"point_estimate":13877.733370400047,"standard_error":1030.4036811688327}}