{"mean":{"confidence_interval":{"confidence_level":0.95,"lower_bound":163527.8750868454,"upper_bound":168100.0602796691},"point_estimate":165342.7147903992,"standard_error":1203.0578937746004},"median":{"confidence_interval":{"confidence_level":0.95,"lower_bound":162282.26747720366,"upper_bound":164202.04347826086},"point_estimate":163118.15886699507,"standard_error":408.9935158391439},"median_abs_dev":{"confidence_interval":{"confidence_level":0.95,"lower_bound":2603.8005295714756,"upper_bound":4545.928409049728},"point_estimate":3159.847788233471,"standard_error":514.4236385102562},"slope":{"confidence_interval":{"confidence_level":0.95,"lower_bound":164985.02855027613,"upper_bound":174741.36250353343},"point_estimate":168536.31413709387,"standard_error":2711.928209681299},"std_dev":{"confidence_interval":{"confidence_level":0.95,"lower_bound":4091.5242786685812,"upper_bound":19591.30055577696},"point_estimate":12065.004672367102,"standard_error":5082.020661659093}}