{"mean":{"confidence_interval":{"confidence_level":0.95,"lower_bound":162367.39154671103,"upper_bound":166422.3568889644},"point_estimate":164095.0047795618,"standard_error":1049.7593246162712},"median":{"confidence_interval":{"confidence_level":0.95,"lower_bound":162592.06666666668,"upper_bound":163533.29279279278},"point_estimate":163167.61876578286,"standard_error":212.1704026998436},"median_abs_dev":{"confidence_interval":{"confidence_level":0.95,"lower_bound":1195.0983234826074,"upper_bound":2192.3850035774035},"point_estimate":1696.1132518158443,"standard_error":248.08235622082688},"slope":{"confidence_interval":{"confidence_level":0.95,"lower_bound":163525.38672056177,"upper_bound":164950.8279262386},"point_estimate":164159.67058864096,"standard_error":368.45266686055743},"std_dev":{"confidence_interval":{"confidence_level":0.95,"lower_bound":3088.816409940703,"upper_bound":16294.621997049439},"point_estimate":10535.738987631345,"standard_error":3521.1688225302964}}