{"mean":{"confidence_interval":{"confidence_level":0.95,"lower_bound":158208.45008344104,"upper_bound":173164.88857635108},"point_estimate":163866.09507212124,"standard_error":4116.310599991058},"median":{"confidence_interval":{"confidence_level":0.95,"lower_bound":155811.08528784648,"upper_bound":162725.56755260244},"point_estimate":161042.82875457875,"standard_error":1679.3928292750322},"median_abs_dev":{"confidence_interval":{"confidence_level":0.95,"lower_bound":11817.598130610051,"upper_bound":17713.401637309962},"point_estimate":15520.904489370756,"standard_error":1522.8625448520934},"slope":{"confidence_interval":{"confidence_level":0.95,"lower_bound":163703.70104193472,"upper_bound":196400.7142666023},"point_estimate":175144.37899681227,"standard_error":9374.282890536044},"std_dev":{"confidence_interval":{"confidence_level":0.95,"lower_bound":10362.916465087348,"upper_bound":69660.754989734},"point_estimate":41529.2429069452,"standard_error":20595.53008532618}}