{"mean":{"confidence_interval":{"confidence_level":0.95,"lower_bound":165363.2510662476,"upper_bound":170705.67867888068},"point_estimate":167781.35200225387,"standard_error":1372.929340685987},"median":{"confidence_interval":{"confidence_level":0.95,"lower_bound":163919.25342465754,"upper_bound":164702.6582627119},"point_estimate":164440.46334586467,"standard_error":214.51771674712165},"median_abs_dev":{"confidence_interval":{"confidence_level":0.95,"lower_bound":1633.1329505894469,"upper_bound":2872.641604956461},"point_estimate":2345.0601730521657,"standard_error":311.4529389926559},"slope":{"confidence_interval":{"confidence_level":0.95,"lower_bound":164858.29775684798,"upper_bound":165872.36070565178},"point_estimate":165357.5010713758,"standard_error":259.1645811951608},"std_dev":{"confidence_interval":{"confidence_level":0.95,"lower_bound":7456.843301550081,"upper_bound":18964.936043578695},"point_estimate":13864.645465466294,"standard_error":2933.2652493818778}}