{"mean":{"confidence_interval":{"confidence_level":0.95,"lower_bound":166058.43474569413,"upper_bound":170554.30121364325},"point_estimate":167748.9710432537,"standard_error":1228.6565081332003},"median":{"confidence_interval":{"confidence_level":0.95,"lower_bound":165734.87191091955,"upper_bound":166852.8625758527},"point_estimate":166107.03950320513,"standard_error":299.57409846867546},"median_abs_dev":{"confidence_interval":{"confidence_level":0.95,"lower_bound":1929.5114188864973,"upper_bound":3117.0160932199033},"point_estimate":2463.7099643744573,"standard_error":296.7535402568697},"slope":{"confidence_interval":{"confidence_level":0.95,"lower_bound":167231.6956888328,"upper_bound":168354.83309462824},"point_estimate":167805.70095955866,"standard_error":286.6779902907593},"std_dev":{"confidence_interval":{"confidence_level":0.95,"lower_bound":2611.369689570876,"upper_bound":20608.79990614982},"point_estimate":12316.284982491357,"standard_error":6026.994896919887}}