{"mean":{"confidence_interval":{"confidence_level":0.95,"lower_bound":5689739.782000001,"upper_bound":5883688.035500002},"point_estimate":5781105.7455555545,"standard_error":49579.48860245958},"median":{"confidence_interval":{"confidence_level":0.95,"lower_bound":5631317.555555556,"upper_bound":5779514.888888889},"point_estimate":5712666.722222222,"standard_error":33882.90536254001},"median_abs_dev":{"confidence_interval":{"confidence_level":0.95,"lower_bound":224914.78144029784,"upper_bound":424311.0521336398},"point_estimate":320679.7026067972,"standard_error":52543.24501786819},"slope":null,"std_dev":{"confidence_interval":{"confidence_level":0.95,"lower_bound":348255.3109769913,"upper_bound":663470.0258826646},"point_estimate":497179.47884140996,"standard_error":85636.22225404598}}