{"mean":{"confidence_interval":{"confidence_level":0.95,"lower_bound":7879881.340785713,"upper_bound":8155875.862357143},"point_estimate":8001286.5242857095,"standard_error":70929.23439468251},"median":{"confidence_interval":{"confidence_level":0.95,"lower_bound":7841533.357142856,"upper_bound":8001298.857142857},"point_estimate":7969562.928571429,"standard_error":43955.85870849303},"median_abs_dev":{"confidence_interval":{"confidence_level":0.95,"lower_bound":247458.22000673867,"upper_bound":496706.2558817022},"point_estimate":375989.89492484543,"standard_error":66544.12055277036},"slope":null,"std_dev":{"confidence_interval":{"confidence_level":0.95,"lower_bound":343745.63237714715,"upper_bound":1070532.862650713},"point_estimate":712748.1658435867,"standard_error":202879.75376742572}}