{"mean":{"confidence_interval":{"confidence_level":0.95,"lower_bound":10733118.8583,"upper_bound":10828164.06165},"point_estimate":10776714.207999999,"standard_error":24387.297598441317},"median":{"confidence_interval":{"confidence_level":0.95,"lower_bound":10681620.4,"upper_bound":10714820.6},"point_estimate":10699862.6,"standard_error":9484.961967305813},"median_abs_dev":{"confidence_interval":{"confidence_level":0.95,"lower_bound":40034.83982723846,"upper_bound":80046.83278888674},"point_estimate":58492.12720155771,"standard_error":10819.04714538203},"slope":null,"std_dev":{"confidence_interval":{"confidence_level":0.95,"lower_bound":150159.20938863885,"upper_bound":330023.7415528127},"point_estimate":245667.4808734338,"standard_error":46264.76959640257}}