{"mean":{"confidence_interval":{"confidence_level":0.95,"lower_bound":143721.79935145946,"upper_bound":148705.33226276748},"point_estimate":146153.4917887427,"standard_error":1271.319939373623},"median":{"confidence_interval":{"confidence_level":0.95,"lower_bound":141351.52875695733,"upper_bound":147001.79401993356},"point_estimate":143860.8050986842,"standard_error":1456.3364127818631},"median_abs_dev":{"confidence_interval":{"confidence_level":0.95,"lower_bound":7130.8109487693755,"upper_bound":12263.821294273648},"point_estimate":8593.997457113801,"standard_error":1292.9192197145583},"slope":{"confidence_interval":{"confidence_level":0.95,"lower_bound":141429.38774808813,"upper_bound":146467.71126591638},"point_estimate":143772.50592032765,"standard_error":1283.6505941139555},"std_dev":{"confidence_interval":{"confidence_level":0.95,"lower_bound":10230.172735617081,"upper_bound":15165.200289591674},"point_estimate":12804.919005400487,"standard_error":1263.0336821996596}}