{"mean":{"confidence_interval":{"confidence_level":0.95,"lower_bound":1107712.1568414539,"upper_bound":1133505.0591790264},"point_estimate":1120288.844113066,"standard_error":6582.294880987262},"median":{"confidence_interval":{"confidence_level":0.95,"lower_bound":1103329.2185897436,"upper_bound":1129156.0778125},"point_estimate":1117543.1893939395,"standard_error":6483.778742488146},"median_abs_dev":{"confidence_interval":{"confidence_level":0.95,"lower_bound":39224.49105152404,"upper_bound":64516.43218465669},"point_estimate":49952.341581547975,"standard_error":6492.021807894228},"slope":{"confidence_interval":{"confidence_level":0.95,"lower_bound":1073301.3712680556,"upper_bound":1098362.3041201034},"point_estimate":1085611.8132909709,"standard_error":6394.536810012216},"std_dev":{"confidence_interval":{"confidence_level":0.95,"lower_bound":52015.49486920983,"upper_bound":78793.36953053031},"point_estimate":66033.37048464836,"standard_error":6841.377883705446}}