{"mean":{"confidence_interval":{"confidence_level":0.95,"lower_bound":34460.482498487865,"upper_bound":40847.14473715688},"point_estimate":37019.41904324635,"standard_error":1676.5021127708337},"median":{"confidence_interval":{"confidence_level":0.95,"lower_bound":31995.335317460318,"upper_bound":34692.57796780684},"point_estimate":33065.55861801242,"standard_error":704.872070312496},"median_abs_dev":{"confidence_interval":{"confidence_level":0.95,"lower_bound":2995.48595339844,"upper_bound":5618.9130331171555},"point_estimate":3771.897013376522,"standard_error":732.789464276709},"slope":{"confidence_interval":{"confidence_level":0.95,"lower_bound":35102.3562043693,"upper_bound":38794.04162872868},"point_estimate":36871.64260687369,"standard_error":943.1268542982729},"std_dev":{"confidence_interval":{"confidence_level":0.95,"lower_bound":5728.089357236464,"upper_bound":27113.271564926195},"point_estimate":16756.136322035814,"standard_error":6882.709287290715}}