{"mean":{"confidence_interval":{"confidence_level":0.95,"lower_bound":3710.31408999885,"upper_bound":3751.751570933512},"point_estimate":3733.4461691575216,"standard_error":10.698636838344283},"median":{"confidence_interval":{"confidence_level":0.95,"lower_bound":3742.6461937716263,"upper_bound":3763.045906200318},"point_estimate":3752.898193973102,"standard_error":5.146076714401366},"median_abs_dev":{"confidence_interval":{"confidence_level":0.95,"lower_bound":39.30598970540163,"upper_bound":68.17915960691091},"point_estimate":53.518595097649026,"standard_error":7.5845647192031524},"slope":{"confidence_interval":{"confidence_level":0.95,"lower_bound":3762.67317541649,"upper_bound":3784.0351146043895},"point_estimate":3774.2043638461737,"standard_error":5.4501250238566765},"std_dev":{"confidence_interval":{"confidence_level":0.95,"lower_bound":51.32095896192345,"upper_bound":162.32676545027456},"point_estimate":107.69694113656382,"standard_error":31.05796224558729}}