{"mean":{"confidence_interval":{"confidence_level":0.95,"lower_bound":27008.134148778805,"upper_bound":27678.36163685465},"point_estimate":27332.722865136137,"standard_error":171.1047907551777},"median":{"confidence_interval":{"confidence_level":0.95,"lower_bound":26909.91858851979,"upper_bound":27396.75063131313},"point_estimate":27222.23285839719,"standard_error":109.58992390106171},"median_abs_dev":{"confidence_interval":{"confidence_level":0.95,"lower_bound":770.1262784794702,"upper_bound":1242.881328018262},"point_estimate":1034.0500123908862,"standard_error":112.60061296897317},"slope":{"confidence_interval":{"confidence_level":0.95,"lower_bound":27206.006281661324,"upper_bound":27933.16416839169},"point_estimate":27558.066600331676,"standard_error":184.9092817056269},"std_dev":{"confidence_interval":{"confidence_level":0.95,"lower_bound":1159.354700131522,"upper_bound":2213.6757452318675},"point_estimate":1719.163164226681,"standard_error":271.11607195521543}}