{"mean":{"confidence_interval":{"confidence_level":0.95,"lower_bound":3819.2041149827387,"upper_bound":3855.4683588549747},"point_estimate":3837.864505589705,"standard_error":9.246975317318999},"median":{"confidence_interval":{"confidence_level":0.95,"lower_bound":3821.4962272275698,"upper_bound":3841.1187981989824},"point_estimate":3831.603406900489,"standard_error":5.280192126993617},"median_abs_dev":{"confidence_interval":{"confidence_level":0.95,"lower_bound":33.92493889719072,"upper_bound":58.272617400289775},"point_estimate":43.27986746484625,"standard_error":6.1157758002057205},"slope":{"confidence_interval":{"confidence_level":0.95,"lower_bound":3815.0504996917807,"upper_bound":3867.842707052281},"point_estimate":3839.9646551790984,"standard_error":13.403774375921538},"std_dev":{"confidence_interval":{"confidence_level":0.95,"lower_bound":57.05272628130553,"upper_bound":126.84186521682815},"point_estimate":92.94807499104522,"standard_error":18.09938788914066}}