{"mean":{"confidence_interval":{"confidence_level":0.95,"lower_bound":4616.74552658562,"upper_bound":4743.9319436317455},"point_estimate":4678.547792006766,"standard_error":32.456353826528876},"median":{"confidence_interval":{"confidence_level":0.95,"lower_bound":4582.452891454489,"upper_bound":4682.508229576235},"point_estimate":4638.283087468724,"standard_error":21.38276016127508},"median_abs_dev":{"confidence_interval":{"confidence_level":0.95,"lower_bound":159.28409804974692,"upper_bound":292.894680751915},"point_estimate":213.2023224060829,"standard_error":33.60809207513748},"slope":{"confidence_interval":{"confidence_level":0.95,"lower_bound":4601.160786210587,"upper_bound":4723.992414241657},"point_estimate":4659.249026834218,"standard_error":31.38616172805463},"std_dev":{"confidence_interval":{"confidence_level":0.95,"lower_bound":248.72100439925225,"upper_bound":398.643586920324},"point_estimate":326.4374713362281,"standard_error":38.4309233695031}}