{"mean":{"confidence_interval":{"confidence_level":0.95,"lower_bound":3749.422679850435,"upper_bound":3773.94072754853},"point_estimate":3763.7284028710583,"standard_error":6.360275350311368},"median":{"confidence_interval":{"confidence_level":0.95,"lower_bound":3760.275319718492,"upper_bound":3771.046244824056},"point_estimate":3766.869479138985,"standard_error":2.7598781507921024},"median_abs_dev":{"confidence_interval":{"confidence_level":0.95,"lower_bound":16.784881283847078,"upper_bound":30.981851696090317},"point_estimate":23.144867995132238,"standard_error":3.606233578765355},"slope":{"confidence_interval":{"confidence_level":0.95,"lower_bound":3761.67931097316,"upper_bound":3769.9257830722468},"point_estimate":3765.817550855846,"standard_error":2.096600803425947},"std_dev":{"confidence_interval":{"confidence_level":0.95,"lower_bound":25.89202207993506,"upper_bound":102.43684787982107},"point_estimate":63.928399064980226,"standard_error":24.763996680163206}}