{"mean":{"confidence_interval":{"confidence_level":0.95,"lower_bound":3693.7677063230517,"upper_bound":3732.5291689577834},"point_estimate":3715.0821131270523,"standard_error":9.94368927617245},"median":{"confidence_interval":{"confidence_level":0.95,"lower_bound":3714.8239220563846,"upper_bound":3731.3417979357655},"point_estimate":3723.785106479796,"standard_error":3.5363461509920158},"median_abs_dev":{"confidence_interval":{"confidence_level":0.95,"lower_bound":21.299921553879205,"upper_bound":36.13582959726697},"point_estimate":28.00748529991836,"standard_error":3.9318397576404056},"slope":{"confidence_interval":{"confidence_level":0.95,"lower_bound":3696.843833007916,"upper_bound":3732.044286617219},"point_estimate":3717.896561451645,"standard_error":9.277469714173659},"std_dev":{"confidence_interval":{"confidence_level":0.95,"lower_bound":43.466449359723065,"upper_bound":143.7613630175355},"point_estimate":100.2030157472515,"standard_error":25.32208439635249}}