{"mean":{"confidence_interval":{"confidence_level":0.95,"lower_bound":2849434.3607222205,"upper_bound":2899166.951652778},"point_estimate":2873920.425,"standard_error":12717.60945182435},"median":{"confidence_interval":{"confidence_level":0.95,"lower_bound":2824037.5555555555,"upper_bound":2892844.0555555555},"point_estimate":2850765.6944444445,"standard_error":20220.138750155686},"median_abs_dev":{"confidence_interval":{"confidence_level":0.95,"lower_bound":103128.50103576947,"upper_bound":157730.207658062},"point_estimate":134621.84849331784,"standard_error":14408.07265622882},"slope":null,"std_dev":{"confidence_interval":{"confidence_level":0.95,"lower_bound":108106.13644112191,"upper_bound":147559.21263485495},"point_estimate":128542.90683428965,"standard_error":10089.143277036204}}