{"mean":{"confidence_interval":{"confidence_level":0.95,"lower_bound":2663820.9836315797,"upper_bound":2725992.959539473},"point_estimate":2690273.4015789465,"standard_error":16050.924263390181},"median":{"confidence_interval":{"confidence_level":0.95,"lower_bound":2651982.947368421,"upper_bound":2687120.3684210526},"point_estimate":2669212.157894737,"standard_error":9285.04508592535},"median_abs_dev":{"confidence_interval":{"confidence_level":0.95,"lower_bound":59987.82867710861,"upper_bound":106179.40133072856},"point_estimate":80537.7177385912,"standard_error":11658.085223112135},"slope":null,"std_dev":{"confidence_interval":{"confidence_level":0.95,"lower_bound":76922.66640730464,"upper_bound":250682.76009387508},"point_estimate":160946.989922911,"standard_error":55766.56564901128}}