{"mean":{"confidence_interval":{"confidence_level":0.95,"lower_bound":24351.48561287459,"upper_bound":26075.40364661866},"point_estimate":25159.28990207093,"standard_error":440.788539135921},"median":{"confidence_interval":{"confidence_level":0.95,"lower_bound":23293.68125,"upper_bound":24249.708459051726},"point_estimate":23628.17705965909,"standard_error":276.2783934536846},"median_abs_dev":{"confidence_interval":{"confidence_level":0.95,"lower_bound":1397.8849212400557,"upper_bound":2547.9817871689447},"point_estimate":1822.310969711047,"standard_error":309.1439771865894},"slope":{"confidence_interval":{"confidence_level":0.95,"lower_bound":24407.432089435122,"upper_bound":26623.37560456019},"point_estimate":25433.54507181912,"standard_error":568.134788670807},"std_dev":{"confidence_interval":{"confidence_level":0.95,"lower_bound":3087.066208290162,"upper_bound":5782.5606471294595},"point_estimate":4437.384187101155,"standard_error":704.8491492116458}}