{"mean":{"confidence_interval":{"confidence_level":0.95,"lower_bound":98139.23048997039,"upper_bound":99816.38568034217},"point_estimate":98883.9152691454,"standard_error":429.855527254311},"median":{"confidence_interval":{"confidence_level":0.95,"lower_bound":97567.07644628099,"upper_bound":98575.51069518717},"point_estimate":97954.55383779657,"standard_error":236.47539092380225},"median_abs_dev":{"confidence_interval":{"confidence_level":0.95,"lower_bound":1256.1099475578883,"upper_bound":2273.7026416407884},"point_estimate":1852.3789306042238,"standard_error":275.9899331967496},"slope":{"confidence_interval":{"confidence_level":0.95,"lower_bound":97767.3549936215,"upper_bound":100719.34550232656},"point_estimate":99026.57652323441,"standard_error":767.4258552379558},"std_dev":{"confidence_interval":{"confidence_level":0.95,"lower_bound":1999.1174327739334,"upper_bound":6344.265796174925},"point_estimate":4320.395951637531,"standard_error":1150.2467915840407}}