{"mean":{"confidence_interval":{"confidence_level":0.95,"lower_bound":475.9797539460372,"upper_bound":479.8320753452698},"point_estimate":477.98639796384975,"standard_error":0.9784917252848049},"median":{"confidence_interval":{"confidence_level":0.95,"lower_bound":475.8214407690848,"upper_bound":479.04280535415506},"point_estimate":478.06548594950993,"standard_error":0.7132288788332267},"median_abs_dev":{"confidence_interval":{"confidence_level":0.95,"lower_bound":4.377142625545316,"upper_bound":6.797900464661966},"point_estimate":5.4918919800249455,"standard_error":0.5956017300357836},"slope":{"confidence_interval":{"confidence_level":0.95,"lower_bound":477.4723987783663,"upper_bound":479.0356890577275},"point_estimate":478.247800058506,"standard_error":0.39787529153566914},"std_dev":{"confidence_interval":{"confidence_level":0.95,"lower_bound":5.697774796337423,"upper_bound":14.02256527702361},"point_estimate":9.836376051603397,"standard_error":2.232367185469321}}