{"mean":{"confidence_interval":{"confidence_level":0.95,"lower_bound":615.2695636087074,"upper_bound":630.4764095929976},"point_estimate":622.8410193496787,"standard_error":3.869294817752007},"median":{"confidence_interval":{"confidence_level":0.95,"lower_bound":614.2628743805215,"upper_bound":630.4074441041654},"point_estimate":625.0432091982092,"standard_error":4.231153047703815},"median_abs_dev":{"confidence_interval":{"confidence_level":0.95,"lower_bound":33.56226121494345,"upper_bound":51.794867839926575},"point_estimate":42.47802306809194,"standard_error":4.653632594733213},"slope":{"confidence_interval":{"confidence_level":0.95,"lower_bound":637.5288029018968,"upper_bound":652.4551468527519},"point_estimate":645.225281653965,"standard_error":3.786078923085656},"std_dev":{"confidence_interval":{"confidence_level":0.95,"lower_bound":32.13308944897435,"upper_bound":45.88049242108975},"point_estimate":39.015400438060645,"standard_error":3.5145927769604435}}