{"mean":{"confidence_interval":{"confidence_level":0.95,"lower_bound":156981.27519747207,"upper_bound":169697.60138533992},"point_estimate":162276.88070133596,"standard_error":3284.8005001680126},"median":{"confidence_interval":{"confidence_level":0.95,"lower_bound":151621.86920222634,"upper_bound":154732.30037105753},"point_estimate":152529.69922969188,"standard_error":865.2276065657845},"median_abs_dev":{"confidence_interval":{"confidence_level":0.95,"lower_bound":3886.034621532781,"upper_bound":7720.8552957456495},"point_estimate":5084.801881566063,"standard_error":950.9693531189694},"slope":{"confidence_interval":{"confidence_level":0.95,"lower_bound":152319.80451220294,"upper_bound":158854.62274401603},"point_estimate":154867.70578901813,"standard_error":1710.4917239314696},"std_dev":{"confidence_interval":{"confidence_level":0.95,"lower_bound":13558.392874494077,"upper_bound":51503.80118384129},"point_estimate":32914.01481783128,"standard_error":11554.798430817893}}