{"mean":{"confidence_interval":{"confidence_level":0.95,"lower_bound":153922.6739350614,"upper_bound":156056.564394999},"point_estimate":154947.15540453218,"standard_error":543.2891612595207},"median":{"confidence_interval":{"confidence_level":0.95,"lower_bound":152571.41376832424,"upper_bound":154478.94310875033},"point_estimate":153558.69674185463,"standard_error":520.3636606143572},"median_abs_dev":{"confidence_interval":{"confidence_level":0.95,"lower_bound":2515.9141064447076,"upper_bound":4643.720635599345},"point_estimate":3562.674845235379,"standard_error":551.8575413572929},"slope":{"confidence_interval":{"confidence_level":0.95,"lower_bound":153130.72943711924,"upper_bound":155702.52951967326},"point_estimate":154340.61011843188,"standard_error":655.1535503675146},"std_dev":{"confidence_interval":{"confidence_level":0.95,"lower_bound":4226.882056461288,"upper_bound":6648.063428929998},"point_estimate":5477.573486787106,"standard_error":620.1307003228318}}