{"mean":{"confidence_interval":{"confidence_level":0.95,"lower_bound":155202.6334627392,"upper_bound":158801.46452753711},"point_estimate":156738.4413579283,"standard_error":930.6438398373526},"median":{"confidence_interval":{"confidence_level":0.95,"lower_bound":154600.49489795917,"upper_bound":156317.75595238095},"point_estimate":155474.7452662268,"standard_error":383.18537971128126},"median_abs_dev":{"confidence_interval":{"confidence_level":0.95,"lower_bound":3270.2988602098394,"upper_bound":5455.96098721896},"point_estimate":4515.956378105591,"standard_error":515.8113282875747},"slope":{"confidence_interval":{"confidence_level":0.95,"lower_bound":154991.53589659734,"upper_bound":156728.90390701123},"point_estimate":155808.70190208787,"standard_error":444.09279164595074},"std_dev":{"confidence_interval":{"confidence_level":0.95,"lower_bound":4024.6174467219444,"upper_bound":14869.301761814331},"point_estimate":9455.397954172318,"standard_error":3400.4276284550297}}