{"mean":{"confidence_interval":{"confidence_level":0.95,"lower_bound":89248.77125653044,"upper_bound":91227.35448367451},"point_estimate":90140.90584223269,"standard_error":507.79041720375756},"median":{"confidence_interval":{"confidence_level":0.95,"lower_bound":88730.47141583907,"upper_bound":89772.91373966943},"point_estimate":89336.5705131209,"standard_error":332.8346692738755},"median_abs_dev":{"confidence_interval":{"confidence_level":0.95,"lower_bound":1734.4540423129288,"upper_bound":3235.560591046062},"point_estimate":2517.561900022978,"standard_error":375.73203237445705},"slope":{"confidence_interval":{"confidence_level":0.95,"lower_bound":88651.95051873087,"upper_bound":89646.85346197293},"point_estimate":89160.36387979097,"standard_error":253.4382932106486},"std_dev":{"confidence_interval":{"confidence_level":0.95,"lower_bound":2968.561701036173,"upper_bound":7399.047217016954},"point_estimate":5105.4099565850465,"standard_error":1287.91122607765}}