{"mean":{"confidence_interval":{"confidence_level":0.95,"lower_bound":15358812.164562501,"upper_bound":15888186.0113125},"point_estimate":15613912.3825,"standard_error":135306.3882004472},"median":{"confidence_interval":{"confidence_level":0.95,"lower_bound":15095936.25,"upper_bound":15643978.5},"point_estimate":15371933.125,"standard_error":154767.82106848652},"median_abs_dev":{"confidence_interval":{"confidence_level":0.95,"lower_bound":775262.6457363367,"upper_bound":1269999.9559029937},"point_estimate":1005692.0401453972,"standard_error":126178.67831774474},"slope":null,"std_dev":{"confidence_interval":{"confidence_level":0.95,"lower_bound":1054444.5814515594,"upper_bound":1660917.7838994279},"point_estimate":1365589.7043467283,"standard_error":155238.09333214926}}