{"mean":{"confidence_interval":{"confidence_level":0.95,"lower_bound":10064299.760149999,"upper_bound":10238629.759800002},"point_estimate":10146274.218,"standard_error":44659.31328204408},"median":{"confidence_interval":{"confidence_level":0.95,"lower_bound":10014330.0,"upper_bound":10129872.0},"point_estimate":10074371.0,"standard_error":29690.246721016978},"median_abs_dev":{"confidence_interval":{"confidence_level":0.95,"lower_bound":206025.94710230772,"upper_bound":326711.36407971353},"point_estimate":278185.1256412265,"standard_error":30562.889547603532},"slope":null,"std_dev":{"confidence_interval":{"confidence_level":0.95,"lower_bound":303241.1011045659,"upper_bound":576624.5630010582},"point_estimate":447712.21532593697,"standard_error":70223.4705182332}}