{"mean":{"confidence_interval":{"confidence_level":0.95,"lower_bound":11864751.863699999,"upper_bound":12075728.110099996},"point_estimate":11967248.974,"standard_error":53833.71934804836},"median":{"confidence_interval":{"confidence_level":0.95,"lower_bound":11702744.8,"upper_bound":11994170.8},"point_estimate":11858478.0,"standard_error":83935.82274975289},"median_abs_dev":{"confidence_interval":{"confidence_level":0.95,"lower_bound":330927.5818848618,"upper_bound":549092.316271663},"point_estimate":488838.11900138966,"standard_error":61164.363259028454},"slope":null,"std_dev":{"confidence_interval":{"confidence_level":0.95,"lower_bound":432905.5392645612,"upper_bound":644186.9616247261},"point_estimate":543030.5579958681,"standard_error":54260.763147291844}}