{"mean":{"confidence_interval":{"confidence_level":0.95,"lower_bound":10557099.476850001,"upper_bound":10729809.736700002},"point_estimate":10637445.952000003,"standard_error":44108.214720567485},"median":{"confidence_interval":{"confidence_level":0.95,"lower_bound":10493761.4,"upper_bound":10629122.9},"point_estimate":10561692.2,"standard_error":32987.69571932744},"median_abs_dev":{"confidence_interval":{"confidence_level":0.95,"lower_bound":183977.60985374477,"upper_bound":293157.90277540794},"point_estimate":239042.1141761544,"standard_error":26728.089552582074},"slope":null,"std_dev":{"confidence_interval":{"confidence_level":0.95,"lower_bound":246961.0817363086,"upper_bound":598008.6048282549},"point_estimate":443942.5352690422,"standard_error":86954.92616999711}}