{"mean":{"confidence_interval":{"confidence_level":0.95,"lower_bound":10173411.1574,"upper_bound":10274792.02495},"point_estimate":10223127.897999998,"standard_error":25729.69409856542},"median":{"confidence_interval":{"confidence_level":0.95,"lower_bound":10155727.4,"upper_bound":10253728.2},"point_estimate":10189097.6,"standard_error":24644.647237391528},"median_abs_dev":{"confidence_interval":{"confidence_level":0.95,"lower_bound":135169.67742025742,"upper_bound":225238.0706012249},"point_estimate":176578.99120509543,"standard_error":23506.268317847593},"slope":null,"std_dev":{"confidence_interval":{"confidence_level":0.95,"lower_bound":197104.2088192503,"upper_bound":318276.83790094545},"point_estimate":258760.80666496346,"standard_error":30870.018626364912}}