{"mean":{"confidence_interval":{"confidence_level":0.95,"lower_bound":12785652.392375,"upper_bound":13144889.567375},"point_estimate":12959366.4225,"standard_error":91799.71299493284},"median":{"confidence_interval":{"confidence_level":0.95,"lower_bound":12616705.875,"upper_bound":12922877.25},"point_estimate":12734679.5,"standard_error":75174.07320290523},"median_abs_dev":{"confidence_interval":{"confidence_level":0.95,"lower_bound":516105.15719292685,"upper_bound":795792.5782218575},"point_estimate":669481.7321643233,"standard_error":73343.1565600516},"slope":null,"std_dev":{"confidence_interval":{"confidence_level":0.95,"lower_bound":712626.6782690429,"upper_bound":1118834.1313603274},"point_estimate":922298.8348565518,"standard_error":104399.89925509402}}