{"mean":{"confidence_interval":{"confidence_level":0.95,"lower_bound":11736432.670849998,"upper_bound":11949715.2939},"point_estimate":11836428.105999997,"standard_error":54458.02493207393},"median":{"confidence_interval":{"confidence_level":0.95,"lower_bound":11684893.2,"upper_bound":11822145.7},"point_estimate":11755574.9,"standard_error":34857.53907424824},"median_abs_dev":{"confidence_interval":{"confidence_level":0.95,"lower_bound":214387.95921385314,"upper_bound":406595.77804148145},"point_estimate":306755.42017400294,"standard_error":49632.040121058366},"slope":null,"std_dev":{"confidence_interval":{"confidence_level":0.95,"lower_bound":354036.8652167616,"upper_bound":740552.2661483901},"point_estimate":548071.0892299182,"standard_error":101031.78875776146}}