{"mean":{"confidence_interval":{"confidence_level":0.95,"lower_bound":13633875.6886875,"upper_bound":13838374.7025},"point_estimate":13733498.585,"standard_error":52032.36544502461},"median":{"confidence_interval":{"confidence_level":0.95,"lower_bound":13578437.625,"upper_bound":13765676.625},"point_estimate":13679738.375,"standard_error":50011.07097619189},"median_abs_dev":{"confidence_interval":{"confidence_level":0.95,"lower_bound":362183.60626995564,"upper_bound":626773.9573225379},"point_estimate":534147.9679919779,"standard_error":72409.03784075221},"slope":null,"std_dev":{"confidence_interval":{"confidence_level":0.95,"lower_bound":426492.07929121226,"upper_bound":620861.5774045368},"point_estimate":525701.6520443313,"standard_error":49752.542361745924}}