{"mean":{"confidence_interval":{"confidence_level":0.95,"lower_bound":13375959.7371875,"upper_bound":13502942.772125},"point_estimate":13439832.5025,"standard_error":32344.80047805812},"median":{"confidence_interval":{"confidence_level":0.95,"lower_bound":13371051.25,"upper_bound":13460252.125},"point_estimate":13409151.625,"standard_error":26558.550848568517},"median_abs_dev":{"confidence_interval":{"confidence_level":0.95,"lower_bound":226246.14128770318,"upper_bound":389261.6268642247},"point_estimate":304677.8157658875,"standard_error":40928.53802497947},"slope":null,"std_dev":{"confidence_interval":{"confidence_level":0.95,"lower_bound":276019.2198601032,"upper_bound":374264.9274058092},"point_estimate":325934.3533773705,"standard_error":25174.484961363585}}