{"mean":{"confidence_interval":{"confidence_level":0.95,"lower_bound":10590214.43215,"upper_bound":10844373.717500003},"point_estimate":10693228.310000002,"standard_error":66829.49779603966},"median":{"confidence_interval":{"confidence_level":0.95,"lower_bound":10590116.8,"upper_bound":10722240.3},"point_estimate":10661428.8,"standard_error":41307.602632005},"median_abs_dev":{"confidence_interval":{"confidence_level":0.95,"lower_bound":179143.74089956257,"upper_bound":315625.6675565265},"point_estimate":218794.98763561275,"standard_error":36051.750278841944},"slope":null,"std_dev":{"confidence_interval":{"confidence_level":0.95,"lower_bound":241332.085098265,"upper_bound":1089582.767533668},"point_estimate":670280.3259450989,"standard_error":280845.9366003443}}