{"mean":{"confidence_interval":{"confidence_level":0.95,"lower_bound":10931932.1705,"upper_bound":11140260.674849996},"point_estimate":11033691.146,"standard_error":53163.225390851534},"median":{"confidence_interval":{"confidence_level":0.95,"lower_bound":10830053.8,"upper_bound":11114283.6},"point_estimate":10974626.1,"standard_error":79438.90809613702},"median_abs_dev":{"confidence_interval":{"confidence_level":0.95,"lower_bound":447203.2165110558,"upper_bound":667624.849827288},"point_estimate":585057.374693155,"standard_error":59494.198249525354},"slope":null,"std_dev":{"confidence_interval":{"confidence_level":0.95,"lower_bound":434857.4242722731,"upper_bound":643304.7044257249},"point_estimate":537726.6248518238,"standard_error":54143.99556613538}}