{"mean":{"confidence_interval":{"confidence_level":0.95,"lower_bound":12414379.041000001,"upper_bound":12607220.995625},"point_estimate":12509643.2225,"standard_error":49303.44870362528},"median":{"confidence_interval":{"confidence_level":0.95,"lower_bound":12299398.0,"upper_bound":12527550.625},"point_estimate":12418737.0,"standard_error":59331.355922893},"median_abs_dev":{"confidence_interval":{"confidence_level":0.95,"lower_bound":354419.6008577943,"upper_bound":624144.9369192123},"point_estimate":490264.6766960621,"standard_error":70001.98434753103},"slope":null,"std_dev":{"confidence_interval":{"confidence_level":0.95,"lower_bound":432547.49411457474,"upper_bound":549758.5214476443},"point_estimate":496026.66131990607,"standard_error":29980.13305895302}}