{"mean":{"confidence_interval":{"confidence_level":0.95,"lower_bound":10350979.53375,"upper_bound":10512040.006900001},"point_estimate":10430730.110000001,"standard_error":41110.12106608105},"median":{"confidence_interval":{"confidence_level":0.95,"lower_bound":10293263.8,"upper_bound":10456694.4},"point_estimate":10361418.3,"standard_error":43308.92520167552},"median_abs_dev":{"confidence_interval":{"confidence_level":0.95,"lower_bound":282898.1626975525,"upper_bound":514465.6008464095},"point_estimate":397525.5279225122,"standard_error":58543.19201130233},"slope":null,"std_dev":{"confidence_interval":{"confidence_level":0.95,"lower_bound":355318.46585574246,"upper_bound":466070.9227427174},"point_estimate":413531.04952101747,"standard_error":28254.620747869976}}