{"mean":{"confidence_interval":{"confidence_level":0.95,"lower_bound":13172024.362812499,"upper_bound":13359830.669625001},"point_estimate":13255893.7425,"standard_error":48279.527038347034},"median":{"confidence_interval":{"confidence_level":0.95,"lower_bound":13099160.0,"upper_bound":13181173.0},"point_estimate":13134460.375,"standard_error":22625.489651438776},"median_abs_dev":{"confidence_interval":{"confidence_level":0.95,"lower_bound":156841.28601551056,"upper_bound":296188.0776666105},"point_estimate":227598.92573431134,"standard_error":35112.783459742626},"slope":null,"std_dev":{"confidence_interval":{"confidence_level":0.95,"lower_bound":234601.29467772093,"upper_bound":714084.2768590574},"point_estimate":485667.6296428689,"standard_error":127865.53962567935}}