{"mean":{"confidence_interval":{"confidence_level":0.95,"lower_bound":93912.70832291043,"upper_bound":94812.53304415682},"point_estimate":94314.80153477666,"standard_error":229.11514447692633},"median":{"confidence_interval":{"confidence_level":0.95,"lower_bound":93857.00826446281,"upper_bound":94381.91544093825},"point_estimate":94038.12200088048,"standard_error":134.97396773059978},"median_abs_dev":{"confidence_interval":{"confidence_level":0.95,"lower_bound":1110.4351167136917,"upper_bound":1773.8013931512094},"point_estimate":1535.853517076587,"standard_error":171.4227388595404},"slope":{"confidence_interval":{"confidence_level":0.95,"lower_bound":93921.999852175,"upper_bound":94527.21175973088},"point_estimate":94228.84298453726,"standard_error":154.84767352043937},"std_dev":{"confidence_interval":{"confidence_level":0.95,"lower_bound":1217.5982711221982,"upper_bound":3487.762185088681},"point_estimate":2302.1111243033984,"standard_error":675.2190246118595}}