{"mean":{"confidence_interval":{"confidence_level":0.95,"lower_bound":1159272.2681945548,"upper_bound":1185568.6635718832},"point_estimate":1170086.9950386425,"standard_error":6899.7596669604},"median":{"confidence_interval":{"confidence_level":0.95,"lower_bound":1158795.9157894736,"upper_bound":1163993.01369863},"point_estimate":1160992.742508324,"standard_error":1273.0795654997357},"median_abs_dev":{"confidence_interval":{"confidence_level":0.95,"lower_bound":10654.900235326239,"upper_bound":17252.340487043104},"point_estimate":14153.846457008483,"standard_error":1629.8942150693244},"slope":{"confidence_interval":{"confidence_level":0.95,"lower_bound":1161329.1571293166,"upper_bound":1192124.3522646765},"point_estimate":1173418.7371922566,"standard_error":8201.703422487728},"std_dev":{"confidence_interval":{"confidence_level":0.95,"lower_bound":17051.060232082502,"upper_bound":110622.45697205618},"point_estimate":69074.56331587675,"standard_error":26278.389702660224}}