{"mean":{"confidence_interval":{"confidence_level":0.95,"lower_bound":91436.17409472688,"upper_bound":93051.77042202566},"point_estimate":92184.03281756981,"standard_error":413.0744429177191},"median":{"confidence_interval":{"confidence_level":0.95,"lower_bound":90899.94564198688,"upper_bound":92419.63636363637},"point_estimate":91594.16555810017,"standard_error":406.35729469604024},"median_abs_dev":{"confidence_interval":{"confidence_level":0.95,"lower_bound":2269.733981996649,"upper_bound":3488.6363607915987},"point_estimate":2969.2612369703893,"standard_error":307.82584746858777},"slope":{"confidence_interval":{"confidence_level":0.95,"lower_bound":91003.24526178461,"upper_bound":92116.74468275986},"point_estimate":91548.74683584776,"standard_error":284.35515168528343},"std_dev":{"confidence_interval":{"confidence_level":0.95,"lower_bound":2582.7859761320506,"upper_bound":5697.158740953445},"point_estimate":4153.186841889389,"standard_error":815.3417831544668}}