{"mean":{"confidence_interval":{"confidence_level":0.95,"lower_bound":78826.53348389929,"upper_bound":79800.80053910227},"point_estimate":79237.65738136624,"standard_error":253.0664664918194},"median":{"confidence_interval":{"confidence_level":0.95,"lower_bound":78693.3867375602,"upper_bound":79091.75198938992},"point_estimate":78872.6353761623,"standard_error":107.25693116665268},"median_abs_dev":{"confidence_interval":{"confidence_level":0.95,"lower_bound":529.8181740008257,"upper_bound":909.3297670043023},"point_estimate":661.7458264567894,"standard_error":94.75256593374904},"slope":{"confidence_interval":{"confidence_level":0.95,"lower_bound":78804.36408437093,"upper_bound":79289.65081411897},"point_estimate":79012.59733389413,"standard_error":125.64676094504708},"std_dev":{"confidence_interval":{"confidence_level":0.95,"lower_bound":926.2662048301004,"upper_bound":4026.3436335772158},"point_estimate":2550.1748652480837,"standard_error":908.448488348455}}