{"mean":{"confidence_interval":{"confidence_level":0.95,"lower_bound":93224.22037239758,"upper_bound":94866.68160537689},"point_estimate":93941.20112144359,"standard_error":421.42084634839813},"median":{"confidence_interval":{"confidence_level":0.95,"lower_bound":92988.68728956228,"upper_bound":94167.97021456805},"point_estimate":93522.92501872659,"standard_error":295.11677534459636},"median_abs_dev":{"confidence_interval":{"confidence_level":0.95,"lower_bound":1723.8089945780196,"upper_bound":2802.2944616129585},"point_estimate":2189.6913322910295,"standard_error":271.83834942942156},"slope":{"confidence_interval":{"confidence_level":0.95,"lower_bound":93177.41317112875,"upper_bound":94096.19142691902},"point_estimate":93637.45327081962,"standard_error":233.99471073013052},"std_dev":{"confidence_interval":{"confidence_level":0.95,"lower_bound":2181.65456079686,"upper_bound":6482.655206779571},"point_estimate":4237.518602531053,"standard_error":1337.1581479179576}}