{"mean":{"confidence_interval":{"confidence_level":0.95,"lower_bound":1355472.8943915267,"upper_bound":1493435.041214385},"point_estimate":1415548.6174095685,"standard_error":35672.5559590118},"median":{"confidence_interval":{"confidence_level":0.95,"lower_bound":1316726.3643790851,"upper_bound":1343818.6680930438},"point_estimate":1329630.364390432,"standard_error":6680.4908149562125},"median_abs_dev":{"confidence_interval":{"confidence_level":0.95,"lower_bound":42953.46130274891,"upper_bound":77626.47062207728},"point_estimate":62272.62800851603,"standard_error":9027.810019456065},"slope":{"confidence_interval":{"confidence_level":0.95,"lower_bound":1331448.9230613688,"upper_bound":1364858.3428709651},"point_estimate":1347365.5566129747,"standard_error":8517.935986171275},"std_dev":{"confidence_interval":{"confidence_level":0.95,"lower_bound":134491.5735788714,"upper_bound":543642.9880158745},"point_estimate":358843.988815471,"standard_error":107180.6285282826}}