{"mean":{"confidence_interval":{"confidence_level":0.95,"lower_bound":1174283.1320160043,"upper_bound":1222638.8702879539},"point_estimate":1195648.422253178,"standard_error":12345.996915511827},"median":{"confidence_interval":{"confidence_level":0.95,"lower_bound":1159572.3221447254,"upper_bound":1189024.647887324},"point_estimate":1173439.2280701755,"standard_error":7347.713869604314},"median_abs_dev":{"confidence_interval":{"confidence_level":0.95,"lower_bound":43852.077285404244,"upper_bound":75033.21397736929},"point_estimate":58838.047152010324,"standard_error":8128.068745747765},"slope":{"confidence_interval":{"confidence_level":0.95,"lower_bound":1168204.18777528,"upper_bound":1209237.7487944819},"point_estimate":1187133.388370031,"standard_error":10510.411673595012},"std_dev":{"confidence_interval":{"confidence_level":0.95,"lower_bound":66096.17054155501,"upper_bound":184793.98370950064},"point_estimate":124135.19647183412,"standard_error":35183.707964928464}}