{"mean":{"confidence_interval":{"confidence_level":0.95,"lower_bound":864490.6057930165,"upper_bound":873443.7501751843},"point_estimate":868087.3222675375,"standard_error":2333.1622820337434},"median":{"confidence_interval":{"confidence_level":0.95,"lower_bound":862943.6442018072,"upper_bound":865525.35},"point_estimate":864268.5364583333,"standard_error":655.7258758281607},"median_abs_dev":{"confidence_interval":{"confidence_level":0.95,"lower_bound":4951.731161499709,"upper_bound":8695.087864761757},"point_estimate":6969.173677808171,"standard_error":983.3821896634877},"slope":{"confidence_interval":{"confidence_level":0.95,"lower_bound":863791.588641471,"upper_bound":885178.3531704807},"point_estimate":871608.6662036353,"standard_error":5961.18363503406},"std_dev":{"confidence_interval":{"confidence_level":0.95,"lower_bound":8073.120910523455,"upper_bound":37889.01278818676},"point_estimate":23417.619836701346,"standard_error":9571.60480890368}}