{"mean":{"confidence_interval":{"confidence_level":0.95,"lower_bound":747441.4340895273,"upper_bound":752196.879148855},"point_estimate":749517.5565632023,"standard_error":1218.9432221273757},"median":{"confidence_interval":{"confidence_level":0.95,"lower_bound":747015.9184397163,"upper_bound":748300.4444444445},"point_estimate":747667.4722335647,"standard_error":290.6931472790361},"median_abs_dev":{"confidence_interval":{"confidence_level":0.95,"lower_bound":3028.648502288984,"upper_bound":5982.991195894346},"point_estimate":4661.9097474027985,"standard_error":852.1401760078495},"slope":{"confidence_interval":{"confidence_level":0.95,"lower_bound":745380.0400060224,"upper_bound":748492.9275799791},"point_estimate":746868.0602098419,"standard_error":791.3604493361785},"std_dev":{"confidence_interval":{"confidence_level":0.95,"lower_bound":5537.731058789751,"upper_bound":18666.051826514864},"point_estimate":12235.434381011211,"standard_error":3695.7390002979737}}