{"mean":{"confidence_interval":{"confidence_level":0.95,"lower_bound":905701.4816612307,"upper_bound":917057.8590912048},"point_estimate":910625.0212989813,"standard_error":2921.4499906563997},"median":{"confidence_interval":{"confidence_level":0.95,"lower_bound":903366.3010752688,"upper_bound":911108.3664169788},"point_estimate":908090.2347910217,"standard_error":1863.3208874245759},"median_abs_dev":{"confidence_interval":{"confidence_level":0.95,"lower_bound":10877.47688821945,"upper_bound":16224.206942962806},"point_estimate":13905.905796197758,"standard_error":1348.3181808226238},"slope":{"confidence_interval":{"confidence_level":0.95,"lower_bound":901957.9410347163,"upper_bound":913921.6169001831},"point_estimate":907308.6861356583,"standard_error":3065.8578781443857},"std_dev":{"confidence_interval":{"confidence_level":0.95,"lower_bound":12065.617290766018,"upper_bound":44719.10865413189},"point_estimate":29372.153763009537,"standard_error":8892.324507655469}}