{"mean":{"confidence_interval":{"confidence_level":0.95,"lower_bound":952400.4601227376,"upper_bound":976166.0003913488},"point_estimate":963417.4304718215,"standard_error":6109.23055523651},"median":{"confidence_interval":{"confidence_level":0.95,"lower_bound":942994.4343434343,"upper_bound":956349.8571428572},"point_estimate":951865.6102339181,"standard_error":3398.5178946745195},"median_abs_dev":{"confidence_interval":{"confidence_level":0.95,"lower_bound":20815.53439597648,"upper_bound":44268.911949994115},"point_estimate":32014.07746417606,"standard_error":6169.584104364345},"slope":{"confidence_interval":{"confidence_level":0.95,"lower_bound":944855.9003287648,"upper_bound":971139.3356603252},"point_estimate":956795.7577478942,"standard_error":6732.588835154458},"std_dev":{"confidence_interval":{"confidence_level":0.95,"lower_bound":37380.610226712095,"upper_bound":82320.0901167712},"point_estimate":61515.74119706823,"standard_error":11516.550068769116}}