{"mean":{"confidence_interval":{"confidence_level":0.95,"lower_bound":864874.703268497,"upper_bound":876925.3254472984},"point_estimate":870170.114363766,"standard_error":3104.1612983716873},"median":{"confidence_interval":{"confidence_level":0.95,"lower_bound":859765.5747126436,"upper_bound":866901.0785714285},"point_estimate":862606.81125,"standard_error":1711.244832551254},"median_abs_dev":{"confidence_interval":{"confidence_level":0.95,"lower_bound":10873.336572760427,"upper_bound":18437.456829487863},"point_estimate":14466.830428669633,"standard_error":1992.4323608117875},"slope":{"confidence_interval":{"confidence_level":0.95,"lower_bound":860726.9387047818,"upper_bound":872925.1164739158},"point_estimate":866142.3607388799,"standard_error":3120.4262709954705},"std_dev":{"confidence_interval":{"confidence_level":0.95,"lower_bound":15142.339257849975,"upper_bound":47219.96318520222},"point_estimate":31332.867001748717,"standard_error":9253.576412252794}}