{"mean":{"confidence_interval":{"confidence_level":0.95,"lower_bound":962411.1494563232,"upper_bound":1034892.9028878555},"point_estimate":997737.3974947061,"standard_error":18444.601738555062},"median":{"confidence_interval":{"confidence_level":0.95,"lower_bound":872222.4534883721,"upper_bound":893030.9493705528},"point_estimate":878389.8885416667,"standard_error":6965.485362615439},"median_abs_dev":{"confidence_interval":{"confidence_level":0.95,"lower_bound":16546.530237798394,"upper_bound":49392.017695616385},"point_estimate":26042.5672126703,"standard_error":10758.095660229414},"slope":{"confidence_interval":{"confidence_level":0.95,"lower_bound":907797.4916231587,"upper_bound":978133.3007684613},"point_estimate":939112.7556140092,"standard_error":18045.414593089252},"std_dev":{"confidence_interval":{"confidence_level":0.95,"lower_bound":161379.8729925215,"upper_bound":205057.6725077255},"point_estimate":185663.18889652548,"standard_error":11096.100300295824}}