{"mean":{"confidence_interval":{"confidence_level":0.95,"lower_bound":214563.69166427554,"upper_bound":218058.0655708693},"point_estimate":216244.65186587113,"standard_error":892.5012156157778},"median":{"confidence_interval":{"confidence_level":0.95,"lower_bound":212726.2775,"upper_bound":216776.42527777777},"point_estimate":215398.18504273504,"standard_error":1029.1269848061297},"median_abs_dev":{"confidence_interval":{"confidence_level":0.95,"lower_bound":5655.824492186491,"upper_bound":8829.41999209996},"point_estimate":7252.26890992365,"standard_error":778.4922318463624},"slope":{"confidence_interval":{"confidence_level":0.95,"lower_bound":217272.88157268096,"upper_bound":220895.1064227536},"point_estimate":219003.1194219004,"standard_error":925.9396954697181},"std_dev":{"confidence_interval":{"confidence_level":0.95,"lower_bound":6795.8307441732995,"upper_bound":10881.169130076036},"point_estimate":8945.437995200591,"standard_error":1049.480535781613}}