{"mean":{"confidence_interval":{"confidence_level":0.95,"lower_bound":218800.75354635148,"upper_bound":225686.83994402474},"point_estimate":222133.29712534513,"standard_error":1755.5601912092154},"median":{"confidence_interval":{"confidence_level":0.95,"lower_bound":214015.64,"upper_bound":218037.68333333332},"point_estimate":215851.9029411765,"standard_error":1036.6661982753658},"median_abs_dev":{"confidence_interval":{"confidence_level":0.95,"lower_bound":6625.077155238499,"upper_bound":12318.714173577233},"point_estimate":8448.36555867819,"standard_error":1499.25596941764},"slope":{"confidence_interval":{"confidence_level":0.95,"lower_bound":218668.80395421622,"upper_bound":228219.21424483095},"point_estimate":223305.74272912665,"standard_error":2442.1522704947356},"std_dev":{"confidence_interval":{"confidence_level":0.95,"lower_bound":13807.130123896892,"upper_bound":20849.562223003595},"point_estimate":17649.39988104371,"standard_error":1794.8009732122607}}