{"mean":{"confidence_interval":{"confidence_level":0.95,"lower_bound":206007.98597382248,"upper_bound":212937.0371516281},"point_estimate":209130.1372220893,"standard_error":1779.8594483923432},"median":{"confidence_interval":{"confidence_level":0.95,"lower_bound":202534.82222222222,"upper_bound":205433.3051846714},"point_estimate":203583.82539682538,"standard_error":709.8688951087194},"median_abs_dev":{"confidence_interval":{"confidence_level":0.95,"lower_bound":4491.289233597874,"upper_bound":9062.503534108417},"point_estimate":6296.306156551524,"standard_error":1144.7319906054647},"slope":{"confidence_interval":{"confidence_level":0.95,"lower_bound":209225.42860628362,"upper_bound":214918.60362704282},"point_estimate":212067.71471316685,"standard_error":1443.130643226669},"std_dev":{"confidence_interval":{"confidence_level":0.95,"lower_bound":8810.931056694182,"upper_bound":25556.18721337397},"point_estimate":17872.712875410474,"standard_error":4356.48419681889}}