{"mean":{"confidence_interval":{"confidence_level":0.95,"lower_bound":225435.9239091855,"upper_bound":232488.39883502285},"point_estimate":228811.73544652236,"standard_error":1804.054747264214},"median":{"confidence_interval":{"confidence_level":0.95,"lower_bound":219806.222,"upper_bound":230084.89071428572},"point_estimate":223607.4090086546,"standard_error":2904.2879762356474},"median_abs_dev":{"confidence_interval":{"confidence_level":0.95,"lower_bound":11434.312115800385,"upper_bound":19512.5643858794},"point_estimate":15160.707585127517,"standard_error":2065.333636061917},"slope":{"confidence_interval":{"confidence_level":0.95,"lower_bound":227347.71097452988,"upper_bound":234546.28442474306},"point_estimate":230769.67617910448,"standard_error":1837.8539262121647},"std_dev":{"confidence_interval":{"confidence_level":0.95,"lower_bound":14138.563777716627,"upper_bound":22345.787493269156},"point_estimate":18064.577244612497,"standard_error":2158.2093842190084}}