{"mean":{"confidence_interval":{"confidence_level":0.95,"lower_bound":21661.247500451263,"upper_bound":22057.845951379757},"point_estimate":21831.69901153688,"standard_error":102.25392235094121},"median":{"confidence_interval":{"confidence_level":0.95,"lower_bound":21649.663308589606,"upper_bound":21860.859267734555},"point_estimate":21752.96603504218,"standard_error":53.47747057907019},"median_abs_dev":{"confidence_interval":{"confidence_level":0.95,"lower_bound":320.7808681031208,"upper_bound":599.348854659215},"point_estimate":437.09543172367546,"standard_error":71.25820541823177},"slope":{"confidence_interval":{"confidence_level":0.95,"lower_bound":21632.200507472233,"upper_bound":21828.70089499032},"point_estimate":21731.205964687968,"standard_error":50.24099797203456},"std_dev":{"confidence_interval":{"confidence_level":0.95,"lower_bound":490.07643003773387,"upper_bound":1593.2546019940582},"point_estimate":1026.012180987072,"standard_error":348.5557212643295}}