{"mean":{"confidence_interval":{"confidence_level":0.95,"lower_bound":488.3720102673632,"upper_bound":492.8225074084003},"point_estimate":490.6434740400176,"standard_error":1.1311776948496453},"median":{"confidence_interval":{"confidence_level":0.95,"lower_bound":488.6830695508738,"upper_bound":490.5975542651382},"point_estimate":489.58008007874537,"standard_error":0.5063124669646148},"median_abs_dev":{"confidence_interval":{"confidence_level":0.95,"lower_bound":3.9606216210720984,"upper_bound":6.457691736715638},"point_estimate":5.4286815159689565,"standard_error":0.629373647550566},"slope":{"confidence_interval":{"confidence_level":0.95,"lower_bound":489.0167276444183,"upper_bound":491.10652095212714},"point_estimate":489.9984348856868,"standard_error":0.5328896057041544},"std_dev":{"confidence_interval":{"confidence_level":0.95,"lower_bound":6.385641057372746,"upper_bound":16.01273104054603},"point_estimate":11.367458809427333,"standard_error":2.502269874031694}}