{"mean":{"confidence_interval":{"confidence_level":0.95,"lower_bound":594.7780987560288,"upper_bound":608.1417693191837},"point_estimate":601.0909431199362,"standard_error":3.4144212937074845},"median":{"confidence_interval":{"confidence_level":0.95,"lower_bound":586.0455524299156,"upper_bound":598.9125342910918},"point_estimate":593.324432938856,"standard_error":3.5925939526751844},"median_abs_dev":{"confidence_interval":{"confidence_level":0.95,"lower_bound":16.001842450612205,"upper_bound":28.56411799289564},"point_estimate":20.62460715614322,"standard_error":3.2567955434036286},"slope":{"confidence_interval":{"confidence_level":0.95,"lower_bound":591.7890631061589,"upper_bound":603.4741207979954},"point_estimate":597.3135873727618,"standard_error":2.9750212971532535},"std_dev":{"confidence_interval":{"confidence_level":0.95,"lower_bound":24.046781783186297,"upper_bound":44.35438718540518},"point_estimate":34.26450972632145,"standard_error":5.277820860070068}}