{"mean":{"confidence_interval":{"confidence_level":0.95,"lower_bound":581.7655677487159,"upper_bound":624.0158709732744},"point_estimate":600.4951968914321,"standard_error":10.87616667614118},"median":{"confidence_interval":{"confidence_level":0.95,"lower_bound":569.5427765702027,"upper_bound":583.4727108334703},"point_estimate":575.5066377236112,"standard_error":3.758716777317087},"median_abs_dev":{"confidence_interval":{"confidence_level":0.95,"lower_bound":21.9429232278191,"upper_bound":39.715773520970984},"point_estimate":30.285638469568987,"standard_error":4.629980331167123},"slope":{"confidence_interval":{"confidence_level":0.95,"lower_bound":575.4248204325629,"upper_bound":593.6428235761699},"point_estimate":583.9297735354492,"standard_error":4.662582390220212},"std_dev":{"confidence_interval":{"confidence_level":0.95,"lower_bound":43.30537984655343,"upper_bound":156.58022977580427},"point_estimate":108.98582418335215,"standard_error":27.887121959549685}}