{"mean":{"confidence_interval":{"confidence_level":0.95,"lower_bound":19016.83800366831,"upper_bound":20229.831552569034},"point_estimate":19613.056389586443,"standard_error":309.90551236525454},"median":{"confidence_interval":{"confidence_level":0.95,"lower_bound":18616.24628104575,"upper_bound":19660.159420289856},"point_estimate":19036.673425925925,"standard_error":238.7053900564802},"median_abs_dev":{"confidence_interval":{"confidence_level":0.95,"lower_bound":1634.318777161491,"upper_bound":3318.541856380723},"point_estimate":2317.0470361348034,"standard_error":420.63389870003436},"slope":{"confidence_interval":{"confidence_level":0.95,"lower_bound":19072.981510627866,"upper_bound":20358.61109262207},"point_estimate":19690.070759469978,"standard_error":328.1409141254348},"std_dev":{"confidence_interval":{"confidence_level":0.95,"lower_bound":2519.503472909697,"upper_bound":3747.51160738602},"point_estimate":3120.2374995270293,"standard_error":316.22629512958497}}