{"mean":{"confidence_interval":{"confidence_level":0.95,"lower_bound":24854.520853286762,"upper_bound":25745.783443335244},"point_estimate":25288.04335916655,"standard_error":227.26942295080474},"median":{"confidence_interval":{"confidence_level":0.95,"lower_bound":24997.228438228438,"upper_bound":25672.224176368156},"point_estimate":25487.949046679816,"standard_error":172.25860011946364},"median_abs_dev":{"confidence_interval":{"confidence_level":0.95,"lower_bound":1061.9665976508618,"upper_bound":1896.3035529254932},"point_estimate":1525.646958694676,"standard_error":212.77904614242863},"slope":{"confidence_interval":{"confidence_level":0.95,"lower_bound":25121.829956713227,"upper_bound":25865.515455457935},"point_estimate":25496.641811506066,"standard_error":189.47186843286025},"std_dev":{"confidence_interval":{"confidence_level":0.95,"lower_bound":1535.809672491221,"upper_bound":3089.8007084399555},"point_estimate":2291.0645915732816,"standard_error":411.6579917604511}}