{"mean":{"confidence_interval":{"confidence_level":0.95,"lower_bound":1511941.452032897,"upper_bound":1639543.1920147168},"point_estimate":1574583.984562234,"standard_error":32576.52552389904},"median":{"confidence_interval":{"confidence_level":0.95,"lower_bound":1457174.9285714286,"upper_bound":1595154.75},"point_estimate":1523173.0823863638,"standard_error":29561.452007569427},"median_abs_dev":{"confidence_interval":{"confidence_level":0.95,"lower_bound":241794.9177233999,"upper_bound":379287.5722575204},"point_estimate":308260.71837690746,"standard_error":37054.90034736944},"slope":{"confidence_interval":{"confidence_level":0.95,"lower_bound":1446137.300237302,"upper_bound":1579656.1729767832},"point_estimate":1507800.3597753805,"standard_error":34175.746807218275},"std_dev":{"confidence_interval":{"confidence_level":0.95,"lower_bound":271976.21179263154,"upper_bound":381109.04590730084},"point_estimate":327554.5822573698,"standard_error":27982.113925911122}}