{"mean":{"confidence_interval":{"confidence_level":0.95,"lower_bound":90781.31418328345,"upper_bound":92330.32780597279},"point_estimate":91507.00871722482,"standard_error":394.46923636651655},"median":{"confidence_interval":{"confidence_level":0.95,"lower_bound":90872.27153110047,"upper_bound":91647.4743083004},"point_estimate":91272.14427677586,"standard_error":216.37990226735062},"median_abs_dev":{"confidence_interval":{"confidence_level":0.95,"lower_bound":1090.5935525489574,"upper_bound":1714.8410763736724},"point_estimate":1442.6393798297024,"standard_error":154.86235631732174},"slope":{"confidence_interval":{"confidence_level":0.95,"lower_bound":90798.56578543104,"upper_bound":91500.03048424037},"point_estimate":91134.18338621921,"standard_error":178.23904809776303},"std_dev":{"confidence_interval":{"confidence_level":0.95,"lower_bound":1612.3071320567597,"upper_bound":5708.143893604847},"point_estimate":3963.939987434974,"standard_error":1009.3981708023456}}