{"mean":{"confidence_interval":{"confidence_level":0.95,"lower_bound":3689.0774397196737,"upper_bound":3718.4124105145042},"point_estimate":3705.9445338748874,"standard_error":7.567697067376274},"median":{"confidence_interval":{"confidence_level":0.95,"lower_bound":3703.9196347736624,"upper_bound":3720.0295082477433},"point_estimate":3709.0376165529565,"standard_error":4.259234884138632},"median_abs_dev":{"confidence_interval":{"confidence_level":0.95,"lower_bound":23.510280346530052,"upper_bound":40.752990261972776},"point_estimate":30.435574657495653,"standard_error":4.530936028213019},"slope":{"confidence_interval":{"confidence_level":0.95,"lower_bound":3711.0364085336555,"upper_bound":3721.5074675007204},"point_estimate":3716.261823533597,"standard_error":2.6646521207932397},"std_dev":{"confidence_interval":{"confidence_level":0.95,"lower_bound":32.34898806302532,"upper_bound":119.60011448845866},"point_estimate":75.82981433629168,"standard_error":26.762954140503908}}