{"mean":{"confidence_interval":{"confidence_level":0.95,"lower_bound":4087.863746712418,"upper_bound":4131.556959776489},"point_estimate":4109.930405048542,"standard_error":11.135648044826056},"median":{"confidence_interval":{"confidence_level":0.95,"lower_bound":4092.961973918198,"upper_bound":4137.373112033195},"point_estimate":4120.276242153421,"standard_error":11.094006184442032},"median_abs_dev":{"confidence_interval":{"confidence_level":0.95,"lower_bound":83.77156676237409,"upper_bound":137.78425071661283},"point_estimate":108.99848319502925,"standard_error":14.06686731459581},"slope":{"confidence_interval":{"confidence_level":0.95,"lower_bound":4112.111834744749,"upper_bound":4162.651036191375},"point_estimate":4138.291676263929,"standard_error":12.881772710932271},"std_dev":{"confidence_interval":{"confidence_level":0.95,"lower_bound":94.07490222350827,"upper_bound":128.94436281376542},"point_estimate":112.11050251583924,"standard_error":8.923247848481392}}