{"mean":{"confidence_interval":{"confidence_level":0.95,"lower_bound":4638.114841622095,"upper_bound":4765.168924839178},"point_estimate":4698.21781670989,"standard_error":32.452600741327025},"median":{"confidence_interval":{"confidence_level":0.95,"lower_bound":4613.446009389671,"upper_bound":4678.715063228836},"point_estimate":4640.972235958121,"standard_error":17.14850673843346},"median_abs_dev":{"confidence_interval":{"confidence_level":0.95,"lower_bound":104.39601196184366,"upper_bound":184.1330956980895},"point_estimate":136.16966212916046,"standard_error":20.49982049812745},"slope":{"confidence_interval":{"confidence_level":0.95,"lower_bound":4625.329673059551,"upper_bound":4730.964308312464},"point_estimate":4673.470088561516,"standard_error":27.04655253492892},"std_dev":{"confidence_interval":{"confidence_level":0.95,"lower_bound":209.10070181408506,"upper_bound":424.132567181047},"point_estimate":324.6047492538704,"standard_error":54.94147955675852}}