{"mean":{"confidence_interval":{"confidence_level":0.95,"lower_bound":102126.68188471066,"upper_bound":104094.44094992249},"point_estimate":103078.19959848502,"standard_error":502.56635649088054},"median":{"confidence_interval":{"confidence_level":0.95,"lower_bound":100633.52133580705,"upper_bound":103162.2611570248},"point_estimate":101763.70548704553,"standard_error":675.6681181135752},"median_abs_dev":{"confidence_interval":{"confidence_level":0.95,"lower_bound":2855.452024409739,"upper_bound":5128.653658184966},"point_estimate":4078.855382350729,"standard_error":587.7792450209315},"slope":{"confidence_interval":{"confidence_level":0.95,"lower_bound":104520.15147453945,"upper_bound":107437.98795991755},"point_estimate":105938.0769259911,"standard_error":745.826000540696},"std_dev":{"confidence_interval":{"confidence_level":0.95,"lower_bound":3914.665714108311,"upper_bound":6111.338335436598},"point_estimate":5050.336668177315,"standard_error":563.7078703252511}}