{"mean":{"confidence_interval":{"confidence_level":0.95,"lower_bound":179711.8806406872,"upper_bound":186318.81702284823},"point_estimate":182890.10647315497,"standard_error":1684.1725367577997},"median":{"confidence_interval":{"confidence_level":0.95,"lower_bound":176098.09333333332,"upper_bound":182622.53151135007},"point_estimate":178929.3873836891,"standard_error":1720.4796058029349},"median_abs_dev":{"confidence_interval":{"confidence_level":0.95,"lower_bound":9743.322908839622,"upper_bound":16489.60707866304},"point_estimate":13478.484763302144,"standard_error":1782.1665736590433},"slope":{"confidence_interval":{"confidence_level":0.95,"lower_bound":182422.86499844922,"upper_bound":189915.77680776603},"point_estimate":186070.44124279593,"standard_error":1911.1712198404325},"std_dev":{"confidence_interval":{"confidence_level":0.95,"lower_bound":13002.880547245564,"upper_bound":20485.096702525017},"point_estimate":16873.792241574418,"standard_error":1916.888022066017}}