{"mean":{"confidence_interval":{"confidence_level":0.95,"lower_bound":102694.53170509353,"upper_bound":104709.69930025436},"point_estimate":103656.13614062953,"standard_error":513.3493403980725},"median":{"confidence_interval":{"confidence_level":0.95,"lower_bound":101448.94061735366,"upper_bound":103671.93931523024},"point_estimate":102433.6453030303,"standard_error":589.9879207241138},"median_abs_dev":{"confidence_interval":{"confidence_level":0.95,"lower_bound":3079.653780289574,"upper_bound":5417.340191401921},"point_estimate":4412.14934453232,"standard_error":585.274550754707},"slope":{"confidence_interval":{"confidence_level":0.95,"lower_bound":105357.5954375799,"upper_bound":107840.88958279185},"point_estimate":106553.83819928262,"standard_error":634.1584813128936},"std_dev":{"confidence_interval":{"confidence_level":0.95,"lower_bound":3700.4984599073273,"upper_bound":6547.786977721197},"point_estimate":5159.766799965972,"standard_error":731.5354577737512}}