{"mean":{"confidence_interval":{"confidence_level":0.95,"lower_bound":108167.91238012057,"upper_bound":110407.08431923436},"point_estimate":109196.48951398155,"standard_error":570.6612947417557},"median":{"confidence_interval":{"confidence_level":0.95,"lower_bound":107718.0804347826,"upper_bound":110094.88705882353},"point_estimate":109094.4388744307,"standard_error":599.3020103668247},"median_abs_dev":{"confidence_interval":{"confidence_level":0.95,"lower_bound":3667.151092204372,"upper_bound":5736.952157641997},"point_estimate":4838.880528321416,"standard_error":548.8064105341361},"slope":{"confidence_interval":{"confidence_level":0.95,"lower_bound":110731.24798679791,"upper_bound":112502.39011964807},"point_estimate":111598.11635495788,"standard_error":451.5430607481026},"std_dev":{"confidence_interval":{"confidence_level":0.95,"lower_bound":3677.032963483034,"upper_bound":8124.390183592325},"point_estimate":5742.146347735005,"standard_error":1306.7924009938097}}