{"mean":{"confidence_interval":{"confidence_level":0.95,"lower_bound":817146.3301995686,"upper_bound":912739.5607729976},"point_estimate":856928.863806567,"standard_error":24723.279933594982},"median":{"confidence_interval":{"confidence_level":0.95,"lower_bound":821386.4611111111,"upper_bound":861764.5909090909},"point_estimate":845425.9963321596,"standard_error":9159.517969158962},"median_abs_dev":{"confidence_interval":{"confidence_level":0.95,"lower_bound":67639.73123285477,"upper_bound":131723.47888152592},"point_estimate":97468.70249049008,"standard_error":17041.825528710924},"slope":{"confidence_interval":{"confidence_level":0.95,"lower_bound":844303.1229849003,"upper_bound":875082.9667005582},"point_estimate":859698.6990113788,"standard_error":7866.592462984287},"std_dev":{"confidence_interval":{"confidence_level":0.95,"lower_bound":108849.97439171211,"upper_bound":393038.168570398},"point_estimate":248068.91972660882,"standard_error":92017.62651666}}