{"mean":{"confidence_interval":{"confidence_level":0.95,"lower_bound":107383.35036439663,"upper_bound":110034.6026545697},"point_estimate":108685.18711003373,"standard_error":676.6243433941306},"median":{"confidence_interval":{"confidence_level":0.95,"lower_bound":106448.1875,"upper_bound":109710.07127659574},"point_estimate":108316.89953953636,"standard_error":759.3131816071359},"median_abs_dev":{"confidence_interval":{"confidence_level":0.95,"lower_bound":5122.7685436641605,"upper_bound":7902.155963895612},"point_estimate":6387.854471182247,"standard_error":699.8759920491001},"slope":{"confidence_interval":{"confidence_level":0.95,"lower_bound":111049.486576855,"upper_bound":114025.1170794688},"point_estimate":112511.34114260381,"standard_error":758.5091663259299},"std_dev":{"confidence_interval":{"confidence_level":0.95,"lower_bound":5666.316887969961,"upper_bound":7877.34184059565},"point_estimate":6818.060853344779,"standard_error":565.5633464218473}}