{"mean":{"confidence_interval":{"confidence_level":0.95,"lower_bound":90674.89746492825,"upper_bound":93322.30803048282},"point_estimate":91861.84681444756,"standard_error":679.8883288177881},"median":{"confidence_interval":{"confidence_level":0.95,"lower_bound":89721.2824074074,"upper_bound":91165.11842105263},"point_estimate":90493.26103344298,"standard_error":306.44176441105833},"median_abs_dev":{"confidence_interval":{"confidence_level":0.95,"lower_bound":1961.6123997332434,"upper_bound":3117.1802431985047},"point_estimate":2586.332735101929,"standard_error":291.3042630954222},"slope":{"confidence_interval":{"confidence_level":0.95,"lower_bound":90413.94623413993,"upper_bound":93385.43381797663},"point_estimate":91696.52465666716,"standard_error":764.6999252999514},"std_dev":{"confidence_interval":{"confidence_level":0.95,"lower_bound":3290.899409677295,"upper_bound":9784.227006655463},"point_estimate":6841.7186832165535,"standard_error":1678.5923825461148}}