{"mean":{"confidence_interval":{"confidence_level":0.95,"lower_bound":19416973.545583338,"upper_bound":19744301.16925},"point_estimate":19554380.736666672,"standard_error":84945.58956626905},"median":{"confidence_interval":{"confidence_level":0.95,"lower_bound":19389869.333333336,"upper_bound":19503061.166666668},"point_estimate":19446423.5,"standard_error":30349.358913529668},"median_abs_dev":{"confidence_interval":{"confidence_level":0.95,"lower_bound":241237.30111717994,"upper_bound":421585.8336428549},"point_estimate":313247.67603874113,"standard_error":44565.34898597625},"slope":null,"std_dev":{"confidence_interval":{"confidence_level":0.95,"lower_bound":360461.01074340276,"upper_bound":1348824.3197251465},"point_estimate":857107.0397438002,"standard_error":311535.8396359141}}