{"mean":{"confidence_interval":{"confidence_level":0.95,"lower_bound":776958.6430929403,"upper_bound":781382.0294123652},"point_estimate":778965.6484943801,"standard_error":1130.7986230168221},"median":{"confidence_interval":{"confidence_level":0.95,"lower_bound":774839.508974359,"upper_bound":778550.3111126337},"point_estimate":777274.9387590652,"standard_error":1058.8806079033618},"median_abs_dev":{"confidence_interval":{"confidence_level":0.95,"lower_bound":5365.949374735344,"upper_bound":9140.638480858634},"point_estimate":7833.4278638881915,"standard_error":1012.1703194755253},"slope":{"confidence_interval":{"confidence_level":0.95,"lower_bound":774949.1119479344,"upper_bound":781856.3922106232},"point_estimate":777802.4456169647,"standard_error":1796.335730284186},"std_dev":{"confidence_interval":{"confidence_level":0.95,"lower_bound":6410.1538166058945,"upper_bound":16324.080748085024},"point_estimate":11316.343417185113,"standard_error":2685.8939035116027}}