{"mean":{"confidence_interval":{"confidence_level":0.95,"lower_bound":755157.4373091095,"upper_bound":761792.2682620973},"point_estimate":758429.0779064964,"standard_error":1691.8863129381582},"median":{"confidence_interval":{"confidence_level":0.95,"lower_bound":754004.8876582279,"upper_bound":759736.2838438735},"point_estimate":757119.6446216386,"standard_error":1481.5971764936114},"median_abs_dev":{"confidence_interval":{"confidence_level":0.95,"lower_bound":9683.138622729535,"upper_bound":18725.160104758397},"point_estimate":12973.194286971724,"standard_error":2337.5507700599987},"slope":{"confidence_interval":{"confidence_level":0.95,"lower_bound":758753.2600624865,"upper_bound":765065.198831404},"point_estimate":761801.6939352741,"standard_error":1610.2097379140746},"std_dev":{"confidence_interval":{"confidence_level":0.95,"lower_bound":14079.720538844755,"upper_bound":19872.425283591812},"point_estimate":17039.10350059259,"standard_error":1484.0357204146978}}