{"mean":{"confidence_interval":{"confidence_level":0.95,"lower_bound":753301.2958151874,"upper_bound":767683.9919298707},"point_estimate":760303.2185090481,"standard_error":3682.8449596033865},"median":{"confidence_interval":{"confidence_level":0.95,"lower_bound":740769.1723867597,"upper_bound":767560.6355932204},"point_estimate":759768.9356060605,"standard_error":7401.116930143175},"median_abs_dev":{"confidence_interval":{"confidence_level":0.95,"lower_bound":28688.154743029503,"upper_bound":52485.14711662343},"point_estimate":40972.846877216216,"standard_error":6089.58475334598},"slope":{"confidence_interval":{"confidence_level":0.95,"lower_bound":733791.8611497069,"upper_bound":746992.518210539},"point_estimate":739681.8213403281,"standard_error":3393.180781367242},"std_dev":{"confidence_interval":{"confidence_level":0.95,"lower_bound":30568.94423144123,"upper_bound":43221.50394127007},"point_estimate":37119.5365831849,"standard_error":3225.271584659855}}