{"mean":{"confidence_interval":{"confidence_level":0.95,"lower_bound":779136.9448817557,"upper_bound":791209.6626068795},"point_estimate":784959.2980635272,"standard_error":3087.7695480565176},"median":{"confidence_interval":{"confidence_level":0.95,"lower_bound":770453.8,"upper_bound":784285.2685185185},"point_estimate":776445.1118421053,"standard_error":3381.067354633754},"median_abs_dev":{"confidence_interval":{"confidence_level":0.95,"lower_bound":16537.214804899224,"upper_bound":30235.2080989027},"point_estimate":22651.86606480301,"standard_error":3448.197301692937},"slope":{"confidence_interval":{"confidence_level":0.95,"lower_bound":791789.7643888678,"upper_bound":810430.7374761554},"point_estimate":800864.7363026452,"standard_error":4767.496439903603},"std_dev":{"confidence_interval":{"confidence_level":0.95,"lower_bound":23804.062328763117,"upper_bound":38470.60994667465},"point_estimate":30991.367850031904,"standard_error":3811.167012143467}}