{"mean":{"confidence_interval":{"confidence_level":0.95,"lower_bound":767245.7035018889,"upper_bound":801780.201641178},"point_estimate":783873.8376495306,"standard_error":8803.144844162984},"median":{"confidence_interval":{"confidence_level":0.95,"lower_bound":720889.0365853659,"upper_bound":799885.2424242424},"point_estimate":744091.3961038961,"standard_error":22076.236177923536},"median_abs_dev":{"confidence_interval":{"confidence_level":0.95,"lower_bound":24634.743760163412,"upper_bound":117201.66065423712},"point_estimate":59438.21238467731,"standard_error":26758.08684421694},"slope":{"confidence_interval":{"confidence_level":0.95,"lower_bound":723892.2548270429,"upper_bound":743673.3949021278},"point_estimate":732334.3199024679,"standard_error":5053.947597441282},"std_dev":{"confidence_interval":{"confidence_level":0.95,"lower_bound":72133.75895253665,"upper_bound":106001.27348028144},"point_estimate":88828.3860009881,"standard_error":8751.658437920056}}