{"mean":{"confidence_interval":{"confidence_level":0.95,"lower_bound":740298.8467780792,"upper_bound":755595.7769628029},"point_estimate":747529.0940042485,"standard_error":3909.6240893340687},"median":{"confidence_interval":{"confidence_level":0.95,"lower_bound":730511.4844720496,"upper_bound":744157.2826086957},"point_estimate":735505.8676619434,"standard_error":3626.3885803808425},"median_abs_dev":{"confidence_interval":{"confidence_level":0.95,"lower_bound":18554.31613815746,"upper_bound":34296.52655853926},"point_estimate":25727.138976707898,"standard_error":3972.528189634232},"slope":{"confidence_interval":{"confidence_level":0.95,"lower_bound":731607.2288617663,"upper_bound":759715.1754706879},"point_estimate":743512.768887247,"standard_error":7295.595430681891},"std_dev":{"confidence_interval":{"confidence_level":0.95,"lower_bound":27715.459170336915,"upper_bound":50171.67713465421},"point_estimate":39196.83957112983,"standard_error":5804.3990086528565}}