{"mean":{"confidence_interval":{"confidence_level":0.95,"lower_bound":712110.3188877469,"upper_bound":723758.3279834172},"point_estimate":717186.6685623395,"standard_error":2985.216303466761},"median":{"confidence_interval":{"confidence_level":0.95,"lower_bound":709737.3352272727,"upper_bound":716269.4615384615},"point_estimate":713833.9416809606,"standard_error":1575.5128749512494},"median_abs_dev":{"confidence_interval":{"confidence_level":0.95,"lower_bound":11436.379563364942,"upper_bound":19552.51463905955},"point_estimate":15153.77497390795,"standard_error":2119.7685056608534},"slope":{"confidence_interval":{"confidence_level":0.95,"lower_bound":715420.406758821,"upper_bound":728328.5742214393},"point_estimate":721004.3578794148,"standard_error":3318.241822694867},"std_dev":{"confidence_interval":{"confidence_level":0.95,"lower_bound":15395.19803305637,"upper_bound":45682.35917076939},"point_estimate":30084.845721242375,"standard_error":9364.96005084768}}