{"mean":{"confidence_interval":{"confidence_level":0.95,"lower_bound":1102048.1881775826,"upper_bound":1137194.194184382},"point_estimate":1119644.7424999566,"standard_error":8938.854530522896},"median":{"confidence_interval":{"confidence_level":0.95,"lower_bound":1092163.9081632653,"upper_bound":1141431.2283602413},"point_estimate":1116154.0438775509,"standard_error":13570.79134347821},"median_abs_dev":{"confidence_interval":{"confidence_level":0.95,"lower_bound":74000.40735800406,"upper_bound":123414.91950380034},"point_estimate":98390.7402477941,"standard_error":12707.687202406618},"slope":{"confidence_interval":{"confidence_level":0.95,"lower_bound":1063216.8485487911,"upper_bound":1102764.035028219},"point_estimate":1082021.0513491947,"standard_error":10097.115247270009},"std_dev":{"confidence_interval":{"confidence_level":0.95,"lower_bound":79042.21028404933,"upper_bound":99836.8355349524},"point_estimate":90050.44210366983,"standard_error":5303.057282784215}}