{"mean":{"confidence_interval":{"confidence_level":0.95,"lower_bound":756159.4682491091,"upper_bound":771982.958790635},"point_estimate":763983.2016967913,"standard_error":4036.907614595587},"median":{"confidence_interval":{"confidence_level":0.95,"lower_bound":746024.2595588235,"upper_bound":770045.3215432649},"point_estimate":757552.7758000928,"standard_error":6818.4608546381905},"median_abs_dev":{"confidence_interval":{"confidence_level":0.95,"lower_bound":30071.847169716526,"upper_bound":52551.5411111796},"point_estimate":39192.74502763436,"standard_error":5692.482449111885},"slope":{"confidence_interval":{"confidence_level":0.95,"lower_bound":742554.9563064566,"upper_bound":759049.9138513979},"point_estimate":750533.8612930398,"standard_error":4226.668482382635},"std_dev":{"confidence_interval":{"confidence_level":0.95,"lower_bound":33824.61902185251,"upper_bound":47259.93834881045},"point_estimate":40447.24859702309,"standard_error":3452.2739764454045}}