{"mean":{"confidence_interval":{"confidence_level":0.95,"lower_bound":873976.1215727027,"upper_bound":927438.437051616},"point_estimate":897546.6703134169,"standard_error":13691.293590446867},"median":{"confidence_interval":{"confidence_level":0.95,"lower_bound":843133.8817385444,"upper_bound":869355.1473684211},"point_estimate":848423.8736111112,"standard_error":6450.7341797062045},"median_abs_dev":{"confidence_interval":{"confidence_level":0.95,"lower_bound":30008.500017634437,"upper_bound":65892.94428283925},"point_estimate":40313.30695736853,"standard_error":8288.791422707234},"slope":{"confidence_interval":{"confidence_level":0.95,"lower_bound":846447.8707086849,"upper_bound":872207.6874544674},"point_estimate":858166.6517688783,"standard_error":6597.992031474555},"std_dev":{"confidence_interval":{"confidence_level":0.95,"lower_bound":74722.58947903074,"upper_bound":204617.37333260765},"point_estimate":137763.6451842,"standard_error":39384.755297943884}}