{"mean":{"confidence_interval":{"confidence_level":0.95,"lower_bound":1163420.4680857426,"upper_bound":1201512.8703496384},"point_estimate":1182486.7005158183,"standard_error":9747.319500807147},"median":{"confidence_interval":{"confidence_level":0.95,"lower_bound":1165595.9234234234,"upper_bound":1205641.5823059361},"point_estimate":1185509.083916084,"standard_error":10141.12217951332},"median_abs_dev":{"confidence_interval":{"confidence_level":0.95,"lower_bound":57247.56637178802,"upper_bound":105760.28353033414},"point_estimate":75654.81448321723,"standard_error":12174.735309354677},"slope":{"confidence_interval":{"confidence_level":0.95,"lower_bound":1104278.9692449034,"upper_bound":1156079.9012600374},"point_estimate":1129283.3170563027,"standard_error":13237.880680343635},"std_dev":{"confidence_interval":{"confidence_level":0.95,"lower_bound":83329.15783324726,"upper_bound":110722.36654664608},"point_estimate":97876.69704534036,"standard_error":6967.4443628488325}}