{"mean":{"confidence_interval":{"confidence_level":0.95,"lower_bound":101708.14891140506,"upper_bound":104605.41477406769},"point_estimate":103081.85133368852,"standard_error":741.7066214530679},"median":{"confidence_interval":{"confidence_level":0.95,"lower_bound":101328.8065909091,"upper_bound":102857.42973958334},"point_estimate":102171.90503095975,"standard_error":406.7900973471005},"median_abs_dev":{"confidence_interval":{"confidence_level":0.95,"lower_bound":3016.2680229593293,"upper_bound":5163.835180236212},"point_estimate":4225.0643346599245,"standard_error":518.0911175311181},"slope":{"confidence_interval":{"confidence_level":0.95,"lower_bound":100244.44494680372,"upper_bound":101935.12889452392},"point_estimate":101091.71281779223,"standard_error":431.1014587925188},"std_dev":{"confidence_interval":{"confidence_level":0.95,"lower_bound":5108.803197202651,"upper_bound":9757.377271619962},"point_estimate":7460.082437221492,"standard_error":1201.4932553037859}}