{"mean":{"confidence_interval":{"confidence_level":0.95,"lower_bound":907220.5813131884,"upper_bound":926254.4612155479},"point_estimate":916029.3824847159,"standard_error":4877.024207078568},"median":{"confidence_interval":{"confidence_level":0.95,"lower_bound":898535.9010416666,"upper_bound":908050.3823529412},"point_estimate":902692.61875,"standard_error":2223.8761479782206},"median_abs_dev":{"confidence_interval":{"confidence_level":0.95,"lower_bound":15038.912489953482,"upper_bound":30472.639128701267},"point_estimate":21448.91190124951,"standard_error":3680.370467574582},"slope":{"confidence_interval":{"confidence_level":0.95,"lower_bound":905616.2652966913,"upper_bound":924277.00925451},"point_estimate":914313.9637357766,"standard_error":4776.6632920997945},"std_dev":{"confidence_interval":{"confidence_level":0.95,"lower_bound":31357.343140371122,"upper_bound":67522.19808171618},"point_estimate":49003.77675461633,"standard_error":9760.548446319644}}