{"mean":{"confidence_interval":{"confidence_level":0.95,"lower_bound":1104897.5405606388,"upper_bound":1201799.2047657592},"point_estimate":1152476.8940881907,"standard_error":24803.635806835977},"median":{"confidence_interval":{"confidence_level":0.95,"lower_bound":1010730.4920634921,"upper_bound":1141934.8636363638},"point_estimate":1062104.7863636364,"standard_error":29490.757373215638},"median_abs_dev":{"confidence_interval":{"confidence_level":0.95,"lower_bound":152245.58042468908,"upper_bound":300514.4150562463},"point_estimate":208954.48190304366,"standard_error":36550.55843384587},"slope":{"confidence_interval":{"confidence_level":0.95,"lower_bound":1217912.7849236098,"upper_bound":1340807.9075925471},"point_estimate":1279938.4655859317,"standard_error":31430.403165717158},"std_dev":{"confidence_interval":{"confidence_level":0.95,"lower_bound":214479.0296125981,"upper_bound":279143.60016855004},"point_estimate":249305.91855724234,"standard_error":16501.93704443928}}