{"mean":{"confidence_interval":{"confidence_level":0.95,"lower_bound":853466.6319865156,"upper_bound":883103.7828161168},"point_estimate":868147.6828746476,"standard_error":7554.205932728449},"median":{"confidence_interval":{"confidence_level":0.95,"lower_bound":847922.1666666666,"upper_bound":881049.5040584416},"point_estimate":868038.0795454546,"standard_error":8466.235896318494},"median_abs_dev":{"confidence_interval":{"confidence_level":0.95,"lower_bound":68981.26945298293,"upper_bound":106542.25486607269},"point_estimate":89988.28291220638,"standard_error":9298.637219927374},"slope":{"confidence_interval":{"confidence_level":0.95,"lower_bound":898140.853933913,"upper_bound":931650.102063035},"point_estimate":915165.7993822964,"standard_error":8556.774948614586},"std_dev":{"confidence_interval":{"confidence_level":0.95,"lower_bound":66241.32595590607,"upper_bound":84395.33499836813},"point_estimate":75751.58703624552,"standard_error":4644.204641354873}}