{"mean":{"confidence_interval":{"confidence_level":0.95,"lower_bound":929923.6796001944,"upper_bound":969371.2590214647},"point_estimate":948578.8242390283,"standard_error":10087.985647794647},"median":{"confidence_interval":{"confidence_level":0.95,"lower_bound":907475.7275978916,"upper_bound":952767.5483870967},"point_estimate":926176.9436457735,"standard_error":9963.602786626405},"median_abs_dev":{"confidence_interval":{"confidence_level":0.95,"lower_bound":60674.34250224361,"upper_bound":103653.83446412606},"point_estimate":84660.48579165417,"standard_error":11335.013990150574},"slope":{"confidence_interval":{"confidence_level":0.95,"lower_bound":933736.2882963076,"upper_bound":986890.7012812096},"point_estimate":958011.7613329393,"standard_error":13615.829505550584},"std_dev":{"confidence_interval":{"confidence_level":0.95,"lower_bound":73671.20311894984,"upper_bound":132862.1778816083},"point_estimate":101144.07034587288,"standard_error":16197.372029939768}}