{"mean":{"confidence_interval":{"confidence_level":0.95,"lower_bound":887796.7171112254,"upper_bound":963359.4051857744},"point_estimate":924274.8019692734,"standard_error":19283.727180282345},"median":{"confidence_interval":{"confidence_level":0.95,"lower_bound":823103.4883720931,"upper_bound":891276.25},"point_estimate":855747.1975414522,"standard_error":15471.04929854421},"median_abs_dev":{"confidence_interval":{"confidence_level":0.95,"lower_bound":94415.23010296124,"upper_bound":191372.00920175394},"point_estimate":143925.5677724948,"standard_error":23770.025473834958},"slope":{"confidence_interval":{"confidence_level":0.95,"lower_bound":906479.5586611701,"upper_bound":996517.6044267678},"point_estimate":950216.0187971035,"standard_error":22936.72582057039},"std_dev":{"confidence_interval":{"confidence_level":0.95,"lower_bound":155613.94185311865,"upper_bound":231395.36496101678},"point_estimate":194333.0201829176,"standard_error":19385.131752093486}}