{"mean":{"confidence_interval":{"confidence_level":0.95,"lower_bound":1159442.7888339325,"upper_bound":1206675.5757280292},"point_estimate":1183342.561940181,"standard_error":12046.848195781862},"median":{"confidence_interval":{"confidence_level":0.95,"lower_bound":1176379.1607142857,"upper_bound":1215287.198491656},"point_estimate":1196741.2903225806,"standard_error":8441.986190149928},"median_abs_dev":{"confidence_interval":{"confidence_level":0.95,"lower_bound":75009.98710322187,"upper_bound":145664.4365503032},"point_estimate":108238.5036550021,"standard_error":18317.99604887451},"slope":{"confidence_interval":{"confidence_level":0.95,"lower_bound":1168320.096186899,"upper_bound":1243369.4155712475},"point_estimate":1208038.4839219742,"standard_error":19155.995255120524},"std_dev":{"confidence_interval":{"confidence_level":0.95,"lower_bound":103495.49959261934,"upper_bound":136044.3841275995},"point_estimate":120866.88653737954,"standard_error":8276.5889377273}}