{"mean":{"confidence_interval":{"confidence_level":0.95,"lower_bound":79526.61642902979,"upper_bound":80661.66439561245},"point_estimate":80003.84701354241,"standard_error":295.74706620692035},"median":{"confidence_interval":{"confidence_level":0.95,"lower_bound":79346.1452991453,"upper_bound":79577.91452991453},"point_estimate":79457.41735347986,"standard_error":57.58385994905307},"median_abs_dev":{"confidence_interval":{"confidence_level":0.95,"lower_bound":355.51450677923674,"upper_bound":636.6640421277565},"point_estimate":458.9041169667322,"standard_error":71.3590154541743},"slope":{"confidence_interval":{"confidence_level":0.95,"lower_bound":79403.9341701669,"upper_bound":81558.8256182935},"point_estimate":80196.17731388753,"standard_error":596.595973710776},"std_dev":{"confidence_interval":{"confidence_level":0.95,"lower_bound":716.6389280823863,"upper_bound":4621.687561321002},"point_estimate":2967.305948060358,"standard_error":1053.1518088187456}}