{"mean":{"confidence_interval":{"confidence_level":0.95,"lower_bound":91094.00726196103,"upper_bound":92362.55430330412},"point_estimate":91734.52354854706,"standard_error":322.8735483083875},"median":{"confidence_interval":{"confidence_level":0.95,"lower_bound":91340.28787878787,"upper_bound":93195.74440401941},"point_estimate":92698.3684595525,"standard_error":471.679314805777},"median_abs_dev":{"confidence_interval":{"confidence_level":0.95,"lower_bound":2411.9459795564458,"upper_bound":4065.680575403071},"point_estimate":3092.0879195525763,"standard_error":443.38390454516394},"slope":{"confidence_interval":{"confidence_level":0.95,"lower_bound":93489.32255303445,"upper_bound":94382.88151194951},"point_estimate":93959.93539293631,"standard_error":227.37220607974967},"std_dev":{"confidence_interval":{"confidence_level":0.95,"lower_bound":2855.2287461221986,"upper_bound":3560.5150536606193},"point_estimate":3242.573255228656,"standard_error":180.01256848545665}}