{"mean":{"confidence_interval":{"confidence_level":0.95,"lower_bound":1762235.8029777594,"upper_bound":1805482.134450049},"point_estimate":1783195.8976253185,"standard_error":11071.03562508738},"median":{"confidence_interval":{"confidence_level":0.95,"lower_bound":1731145.6025641025,"upper_bound":1789522.5},"point_estimate":1756018.2239719043,"standard_error":11689.532037608253},"median_abs_dev":{"confidence_interval":{"confidence_level":0.95,"lower_bound":60518.579889602486,"upper_bound":110764.8144052486},"point_estimate":85770.9180665165,"standard_error":12020.000338746693},"slope":{"confidence_interval":{"confidence_level":0.95,"lower_bound":1762566.3749689406,"upper_bound":1803651.3278255283},"point_estimate":1782611.3138495642,"standard_error":10482.206220640785},"std_dev":{"confidence_interval":{"confidence_level":0.95,"lower_bound":89796.38641643878,"upper_bound":133460.08904348148},"point_estimate":111313.61265427116,"standard_error":11248.694908187159}}