{"mean":{"confidence_interval":{"confidence_level":0.95,"lower_bound":1054966.4870823545,"upper_bound":1099050.7058163646},"point_estimate":1075382.7912542096,"standard_error":11278.818988375298},"median":{"confidence_interval":{"confidence_level":0.95,"lower_bound":1026733.351472995,"upper_bound":1056379.857142857},"point_estimate":1041023.4978892265,"standard_error":7186.423354647433},"median_abs_dev":{"confidence_interval":{"confidence_level":0.95,"lower_bound":34587.73444794104,"upper_bound":66935.53901642282},"point_estimate":51430.125666436594,"standard_error":8513.223793720415},"slope":{"confidence_interval":{"confidence_level":0.95,"lower_bound":1045410.8976184332,"upper_bound":1078841.5618101612},"point_estimate":1060897.6755755874,"standard_error":8556.243340606128},"std_dev":{"confidence_interval":{"confidence_level":0.95,"lower_bound":68938.55363565055,"upper_bound":150883.68722330467},"point_estimate":113548.14521980628,"standard_error":20773.62241523499}}