{"mean":{"confidence_interval":{"confidence_level":0.95,"lower_bound":1335006.996206884,"upper_bound":1366041.1717609398},"point_estimate":1349978.9722386904,"standard_error":7869.4485710106255},"median":{"confidence_interval":{"confidence_level":0.95,"lower_bound":1321377.3461538462,"upper_bound":1355205.1940371455},"point_estimate":1333838.06404321,"standard_error":7419.158865225412},"median_abs_dev":{"confidence_interval":{"confidence_level":0.95,"lower_bound":51231.484843329745,"upper_bound":83552.35254822826},"point_estimate":69001.26597411241,"standard_error":8544.609432510615},"slope":{"confidence_interval":{"confidence_level":0.95,"lower_bound":1337374.1900008274,"upper_bound":1362413.616114931},"point_estimate":1349849.522059997,"standard_error":6370.788121092687},"std_dev":{"confidence_interval":{"confidence_level":0.95,"lower_bound":59423.51012760032,"upper_bound":99781.5049476503},"point_estimate":79027.4371536728,"standard_error":10518.38983806053}}