{"mean":{"confidence_interval":{"confidence_level":0.95,"lower_bound":405536.0395292347,"upper_bound":415270.4389661876},"point_estimate":409957.0872414264,"standard_error":2477.0890088066444},"median":{"confidence_interval":{"confidence_level":0.95,"lower_bound":402630.91228070174,"upper_bound":408952.8816768087},"point_estimate":406690.021969697,"standard_error":1687.9596232085698},"median_abs_dev":{"confidence_interval":{"confidence_level":0.95,"lower_bound":10732.096517091313,"upper_bound":20359.73587270673},"point_estimate":15782.344672307378,"standard_error":2529.5545268195774},"slope":{"confidence_interval":{"confidence_level":0.95,"lower_bound":409718.626455882,"upper_bound":422682.9994180399},"point_estimate":415367.17479631543,"standard_error":3326.2573268961},"std_dev":{"confidence_interval":{"confidence_level":0.95,"lower_bound":15465.692889226148,"upper_bound":35661.611453348574},"point_estimate":24924.411255979263,"standard_error":5955.616173681338}}