{"mean":{"confidence_interval":{"confidence_level":0.95,"lower_bound":254346.16208737943,"upper_bound":254715.58214341075},"point_estimate":254505.9282409015,"standard_error":95.32684467000935},"median":{"confidence_interval":{"confidence_level":0.95,"lower_bound":254255.1332001522,"upper_bound":254505.95167525773},"point_estimate":254441.83680721454,"standard_error":67.05772473301923},"median_abs_dev":{"confidence_interval":{"confidence_level":0.95,"lower_bound":368.02858477055184,"upper_bound":552.3549751937404},"point_estimate":480.3353136260271,"standard_error":46.77098995191218},"slope":{"confidence_interval":{"confidence_level":0.95,"lower_bound":254185.45778463775,"upper_bound":255158.26021361846},"point_estimate":254598.11142456037,"standard_error":257.07431657304096},"std_dev":{"confidence_interval":{"confidence_level":0.95,"lower_bound":346.2317719691283,"upper_bound":1446.0636899616584},"point_estimate":959.109291291344,"standard_error":298.97807485181323}}