{"mean":{"confidence_interval":{"confidence_level":0.95,"lower_bound":339168.23491305346,"upper_bound":360045.3358551843},"point_estimate":348263.64486336685,"standard_error":5377.309122403262},"median":{"confidence_interval":{"confidence_level":0.95,"lower_bound":329391.9761904762,"upper_bound":334700.3931623932},"point_estimate":331310.9856979405,"standard_error":1390.2523853433643},"median_abs_dev":{"confidence_interval":{"confidence_level":0.95,"lower_bound":4714.545809349797,"upper_bound":12247.093913246828},"point_estimate":7531.822934801938,"standard_error":1895.1929665204402},"slope":{"confidence_interval":{"confidence_level":0.95,"lower_bound":344662.5320363273,"upper_bound":363411.7587771832},"point_estimate":353703.7433269297,"standard_error":4802.945081345087},"std_dev":{"confidence_interval":{"confidence_level":0.95,"lower_bound":19590.76990236034,"upper_bound":79361.95383237433},"point_estimate":53914.492534633835,"standard_error":15441.844875651574}}