{"mean":{"confidence_interval":{"confidence_level":0.95,"lower_bound":200048.41303327284,"upper_bound":200455.3060801138},"point_estimate":200229.67806510942,"standard_error":104.51664820347055},"median":{"confidence_interval":{"confidence_level":0.95,"lower_bound":199932.3623076923,"upper_bound":200220.7576923077},"point_estimate":200057.67765151514,"standard_error":78.91767459058936},"median_abs_dev":{"confidence_interval":{"confidence_level":0.95,"lower_bound":432.8264310954576,"upper_bound":716.3848410119657},"point_estimate":581.0390562633863,"standard_error":74.09140212274299},"slope":{"confidence_interval":{"confidence_level":0.95,"lower_bound":199915.65271164957,"upper_bound":200558.0579428091},"point_estimate":200184.8276677996,"standard_error":167.62122685269105},"std_dev":{"confidence_interval":{"confidence_level":0.95,"lower_bound":566.7210261057671,"upper_bound":1553.0752599541543},"point_estimate":1046.180693697459,"standard_error":292.46884304206156}}