{"mean":{"confidence_interval":{"confidence_level":0.95,"lower_bound":432642.42901469005,"upper_bound":444109.7030838045},"point_estimate":438302.8234522639,"standard_error":2917.779964663995},"median":{"confidence_interval":{"confidence_level":0.95,"lower_bound":424752.9857142857,"upper_bound":443674.9365079365},"point_estimate":435177.7529338327,"standard_error":4843.799041157314},"median_abs_dev":{"confidence_interval":{"confidence_level":0.95,"lower_bound":22883.394229319616,"upper_bound":37461.03492065827},"point_estimate":27216.12531684016,"standard_error":3697.6172145210267},"slope":{"confidence_interval":{"confidence_level":0.95,"lower_bound":431173.5769474976,"upper_bound":445230.01958243054},"point_estimate":437931.6628855721,"standard_error":3574.8262507839972},"std_dev":{"confidence_interval":{"confidence_level":0.95,"lower_bound":25263.659098880016,"upper_bound":33040.47732193736},"point_estimate":29420.936499330695,"standard_error":1992.3676029459066}}