{"mean":{"confidence_interval":{"confidence_level":0.95,"lower_bound":3806.4452489848163,"upper_bound":3889.4410929885485},"point_estimate":3848.2340178232093,"standard_error":21.115925970575482},"median":{"confidence_interval":{"confidence_level":0.95,"lower_bound":3879.961592670895,"upper_bound":3910.156492699596},"point_estimate":3896.3036599986863,"standard_error":7.081015745943524},"median_abs_dev":{"confidence_interval":{"confidence_level":0.95,"lower_bound":42.723504089324834,"upper_bound":72.3827930258416},"point_estimate":57.91727239652937,"standard_error":6.927511832162175},"slope":{"confidence_interval":{"confidence_level":0.95,"lower_bound":3791.2979579116754,"upper_bound":3899.9372549853124},"point_estimate":3848.0908090562616,"standard_error":27.660088604910857},"std_dev":{"confidence_interval":{"confidence_level":0.95,"lower_bound":148.91089916840428,"upper_bound":272.9678197431681},"point_estimate":212.74911535891874,"standard_error":31.719817676290376}}