{"mean":{"confidence_interval":{"confidence_level":0.95,"lower_bound":3836.551488864745,"upper_bound":3884.887121908505},"point_estimate":3862.0998583115393,"standard_error":12.325780410078417},"median":{"confidence_interval":{"confidence_level":0.95,"lower_bound":3867.345993669832,"upper_bound":3882.4766770054125},"point_estimate":3875.7788319244255,"standard_error":3.7824313418473534},"median_abs_dev":{"confidence_interval":{"confidence_level":0.95,"lower_bound":28.267401018804517,"upper_bound":51.23501971909709},"point_estimate":39.851963895291405,"standard_error":5.799142133638714},"slope":{"confidence_interval":{"confidence_level":0.95,"lower_bound":3833.642516352927,"upper_bound":3892.786383932762},"point_estimate":3865.30264216643,"standard_error":15.07601960151189},"std_dev":{"confidence_interval":{"confidence_level":0.95,"lower_bound":72.05176878058927,"upper_bound":165.79125355598532},"point_estimate":123.98294622701533,"standard_error":23.866024818355708}}