{"mean":{"confidence_interval":{"confidence_level":0.95,"lower_bound":411858.482099459,"upper_bound":420369.92859128653},"point_estimate":415910.3732257746,"standard_error":2170.383047510425},"median":{"confidence_interval":{"confidence_level":0.95,"lower_bound":410271.2248116761,"upper_bound":417915.0},"point_estimate":415140.6831790124,"standard_error":1733.0857904850554},"median_abs_dev":{"confidence_interval":{"confidence_level":0.95,"lower_bound":13034.163118064313,"upper_bound":22531.658800579244},"point_estimate":17585.93550674647,"standard_error":2457.0079269352545},"slope":{"confidence_interval":{"confidence_level":0.95,"lower_bound":402746.264823914,"upper_bound":420798.22203805967},"point_estimate":410180.52270134474,"standard_error":4699.708796859687},"std_dev":{"confidence_interval":{"confidence_level":0.95,"lower_bound":15422.937670359128,"upper_bound":29239.37336884026},"point_estimate":21753.284819933782,"standard_error":3839.033757154906}}