{"mean":{"confidence_interval":{"confidence_level":0.95,"lower_bound":92774.24544238955,"upper_bound":94070.19514850593},"point_estimate":93336.99546143958,"standard_error":333.8417423487079},"median":{"confidence_interval":{"confidence_level":0.95,"lower_bound":92769.77344877346,"upper_bound":93407.6},"point_estimate":93122.07388944605,"standard_error":162.7742943889969},"median_abs_dev":{"confidence_interval":{"confidence_level":0.95,"lower_bound":1252.4344516066706,"upper_bound":2082.0285686719},"point_estimate":1672.190016192081,"standard_error":206.58757076751797},"slope":{"confidence_interval":{"confidence_level":0.95,"lower_bound":93095.80715056823,"upper_bound":93932.70692574285},"point_estimate":93508.2429477276,"standard_error":213.2418236252566},"std_dev":{"confidence_interval":{"confidence_level":0.95,"lower_bound":1637.3014595936756,"upper_bound":5190.6029836119815},"point_estimate":3356.4429833988556,"standard_error":1109.6641402501953}}