{"mean":{"confidence_interval":{"confidence_level":0.95,"lower_bound":89195.51435714524,"upper_bound":93842.37933502},"point_estimate":91180.13099386153,"standard_error":1199.3034964924486},"median":{"confidence_interval":{"confidence_level":0.95,"lower_bound":89132.61399521532,"upper_bound":92715.04625199363},"point_estimate":90587.02061310783,"standard_error":1002.6715493145215},"median_abs_dev":{"confidence_interval":{"confidence_level":0.95,"lower_bound":4123.97137883716,"upper_bound":7573.754552375879},"point_estimate":6081.540392795143,"standard_error":849.9535969440054},"slope":{"confidence_interval":{"confidence_level":0.95,"lower_bound":91713.7676245796,"upper_bound":94499.91767002884},"point_estimate":92988.67470935153,"standard_error":709.0495316184023},"std_dev":{"confidence_interval":{"confidence_level":0.95,"lower_bound":5184.12242933058,"upper_bound":18863.6041974935},"point_estimate":12085.167391198285,"standard_error":4089.9880197279226}}