{"mean":{"confidence_interval":{"confidence_level":0.95,"lower_bound":5538456.2285,"upper_bound":5726038.936875},"point_estimate":5630838.90125,"standard_error":47968.31696508183},"median":{"confidence_interval":{"confidence_level":0.95,"lower_bound":5462764.625,"upper_bound":5670812.375},"point_estimate":5571887.375,"standard_error":52527.47348982662},"median_abs_dev":{"confidence_interval":{"confidence_level":0.95,"lower_bound":310971.7306416482,"upper_bound":511860.2279126644},"point_estimate":419364.6147172898,"standard_error":52522.324474016736},"slope":null,"std_dev":{"confidence_interval":{"confidence_level":0.95,"lower_bound":401400.218992425,"upper_bound":557119.671553291},"point_estimate":483373.13890847785,"standard_error":39701.09246692421}}