{"mean":{"confidence_interval":{"confidence_level":0.95,"lower_bound":805852.3263179095,"upper_bound":814317.6499997611},"point_estimate":809234.7280775174,"standard_error":2229.7936851655986},"median":{"confidence_interval":{"confidence_level":0.95,"lower_bound":805957.54,"upper_bound":808003.5858061839},"point_estimate":806845.3316532258,"standard_error":493.7164884447118},"median_abs_dev":{"confidence_interval":{"confidence_level":0.95,"lower_bound":3657.5664528476796,"upper_bound":7119.8665601766},"point_estimate":4902.370054960568,"standard_error":928.7953978665643},"slope":{"confidence_interval":{"confidence_level":0.95,"lower_bound":806268.8066401023,"upper_bound":810350.6702071977},"point_estimate":808121.5917393232,"standard_error":1047.7964916218282},"std_dev":{"confidence_interval":{"confidence_level":0.95,"lower_bound":7310.750870253151,"upper_bound":36666.873057138124},"point_estimate":22447.053253962185,"standard_error":9641.191452805731}}