{"mean":{"confidence_interval":{"confidence_level":0.95,"lower_bound":1065099.0615034443,"upper_bound":1105375.5962343928},"point_estimate":1083737.828353856,"standard_error":10300.774136071755},"median":{"confidence_interval":{"confidence_level":0.95,"lower_bound":1037197.3672413793,"upper_bound":1062736.5277777778},"point_estimate":1043967.6873065016,"standard_error":6077.971621668881},"median_abs_dev":{"confidence_interval":{"confidence_level":0.95,"lower_bound":27822.668786049016,"upper_bound":64819.52567109838},"point_estimate":42327.189004113185,"standard_error":9116.882356493059},"slope":{"confidence_interval":{"confidence_level":0.95,"lower_bound":1060756.4740384074,"upper_bound":1102274.8562867932},"point_estimate":1079930.8305068717,"standard_error":10636.062812019867},"std_dev":{"confidence_interval":{"confidence_level":0.95,"lower_bound":65030.28520208513,"upper_bound":137084.93868513522},"point_estimate":103297.12480397352,"standard_error":18608.190077568022}}