{"mean":{"confidence_interval":{"confidence_level":0.95,"lower_bound":888696.0263959073,"upper_bound":898610.5313762825},"point_estimate":893287.3483339353,"standard_error":2541.347944855365},"median":{"confidence_interval":{"confidence_level":0.95,"lower_bound":883574.0949367088,"upper_bound":888560.3827777777},"point_estimate":885655.6232638889,"standard_error":1260.3285194016719},"median_abs_dev":{"confidence_interval":{"confidence_level":0.95,"lower_bound":7912.5161130663255,"upper_bound":16671.68883336506},"point_estimate":12540.348644977936,"standard_error":2219.1109310630504},"slope":{"confidence_interval":{"confidence_level":0.95,"lower_bound":889772.5794243313,"upper_bound":900830.209240894},"point_estimate":894916.9933293926,"standard_error":2828.1456528355675},"std_dev":{"confidence_interval":{"confidence_level":0.95,"lower_bound":15967.345432058528,"upper_bound":34418.18872485033},"point_estimate":25671.448270763012,"standard_error":4750.092770980276}}