{"mean":{"confidence_interval":{"confidence_level":0.95,"lower_bound":905720.2788323556,"upper_bound":954108.0717198843},"point_estimate":925229.1622611822,"standard_error":12803.302997343813},"median":{"confidence_interval":{"confidence_level":0.95,"lower_bound":901794.8417460318,"upper_bound":905450.0},"point_estimate":904012.9165396341,"standard_error":1039.1205902324307},"median_abs_dev":{"confidence_interval":{"confidence_level":0.95,"lower_bound":6256.859244176811,"upper_bound":10552.457302194556},"point_estimate":8785.11086334169,"standard_error":1157.122316739956},"slope":{"confidence_interval":{"confidence_level":0.95,"lower_bound":901141.6895513668,"upper_bound":904943.7950517514},"point_estimate":902937.2130338406,"standard_error":972.6278601472719},"std_dev":{"confidence_interval":{"confidence_level":0.95,"lower_bound":16143.897594324793,"upper_bound":209702.5566908519},"point_estimate":128889.76229865922,"standard_error":53624.633617724394}}