{"mean":{"confidence_interval":{"confidence_level":0.95,"lower_bound":1366716.0764807058,"upper_bound":1446695.9980726768},"point_estimate":1405109.2909024805,"standard_error":20474.157891786443},"median":{"confidence_interval":{"confidence_level":0.95,"lower_bound":1295935.5201089778,"upper_bound":1396396.1958762887},"point_estimate":1339376.593040293,"standard_error":25335.504255847743},"median_abs_dev":{"confidence_interval":{"confidence_level":0.95,"lower_bound":95149.29024712613,"upper_bound":200298.7998102582},"point_estimate":150314.3971374407,"standard_error":28600.090510754726},"slope":{"confidence_interval":{"confidence_level":0.95,"lower_bound":1374397.7577732836,"upper_bound":1456460.6815283946},"point_estimate":1414361.6195300724,"standard_error":20925.178338191698},"std_dev":{"confidence_interval":{"confidence_level":0.95,"lower_bound":158728.17559402954,"upper_bound":247999.75397659527},"point_estimate":205693.53480241052,"standard_error":22814.46567182401}}