{"mean":{"confidence_interval":{"confidence_level":0.95,"lower_bound":966398.2095263938,"upper_bound":1036200.769880858},"point_estimate":999213.3527265025,"standard_error":17838.653771303027},"median":{"confidence_interval":{"confidence_level":0.95,"lower_bound":921324.5,"upper_bound":930407.6170212766},"point_estimate":925093.1225203252,"standard_error":2524.109913631857},"median_abs_dev":{"confidence_interval":{"confidence_level":0.95,"lower_bound":11635.648719512903,"upper_bound":25453.81901771935},"point_estimate":16229.361574597102,"standard_error":3701.203131299744},"slope":{"confidence_interval":{"confidence_level":0.95,"lower_bound":952651.715923571,"upper_bound":1023895.8344580341},"point_estimate":985092.6113728387,"standard_error":18329.68981747685},"std_dev":{"confidence_interval":{"confidence_level":0.95,"lower_bound":129195.56445232559,"upper_bound":218589.78770514188},"point_estimate":179352.4092401769,"standard_error":22795.208233413658}}