{"mean":{"confidence_interval":{"confidence_level":0.95,"lower_bound":1214361.9373410637,"upper_bound":1270949.7334952613},"point_estimate":1240487.8625501965,"standard_error":14442.054621165575},"median":{"confidence_interval":{"confidence_level":0.95,"lower_bound":1182444.3974358975,"upper_bound":1213140.9},"point_estimate":1198220.9711168164,"standard_error":8112.764090333043},"median_abs_dev":{"confidence_interval":{"confidence_level":0.95,"lower_bound":40766.766276319395,"upper_bound":90304.23458033445},"point_estimate":55000.821197673664,"standard_error":12459.416293452157},"slope":{"confidence_interval":{"confidence_level":0.95,"lower_bound":1214449.638758408,"upper_bound":1267420.506017831},"point_estimate":1239324.4857159746,"standard_error":13504.821384912597},"std_dev":{"confidence_interval":{"confidence_level":0.95,"lower_bound":92065.89322604102,"upper_bound":196403.28849947918},"point_estimate":145415.1332051449,"standard_error":27117.85378914934}}