{"mean":{"confidence_interval":{"confidence_level":0.95,"lower_bound":1198507.753933573,"upper_bound":1238005.1446668832},"point_estimate":1217665.58907095,"standard_error":10078.337146727576},"median":{"confidence_interval":{"confidence_level":0.95,"lower_bound":1190236.1578947369,"upper_bound":1226753.7442123094},"point_estimate":1213564.9046822742,"standard_error":9987.668722116472},"median_abs_dev":{"confidence_interval":{"confidence_level":0.95,"lower_bound":69295.14379674316,"upper_bound":117746.02163654676},"point_estimate":97729.95783921116,"standard_error":12248.713127287023},"slope":{"confidence_interval":{"confidence_level":0.95,"lower_bound":1212641.8652407764,"upper_bound":1264203.8782037476},"point_estimate":1236833.9807211468,"standard_error":13177.996532130399},"std_dev":{"confidence_interval":{"confidence_level":0.95,"lower_bound":79542.44846291194,"upper_bound":123257.47895723267},"point_estimate":101559.32646686617,"standard_error":11277.753277337612}}