{"mean":{"confidence_interval":{"confidence_level":0.95,"lower_bound":4217.709208151729,"upper_bound":4262.3088532678385},"point_estimate":4242.15895574691,"standard_error":11.463458171000637},"median":{"confidence_interval":{"confidence_level":0.95,"lower_bound":4261.128555431131,"upper_bound":4273.116875546488},"point_estimate":4268.201898411748,"standard_error":3.035522640704184},"median_abs_dev":{"confidence_interval":{"confidence_level":0.95,"lower_bound":20.855626074546745,"upper_bound":34.1824806826619},"point_estimate":26.77897968279438,"standard_error":3.4699129225568774},"slope":{"confidence_interval":{"confidence_level":0.95,"lower_bound":4237.41728379466,"upper_bound":4265.903791593331},"point_estimate":4252.61506298715,"standard_error":7.2693814437914765},"std_dev":{"confidence_interval":{"confidence_level":0.95,"lower_bound":57.955733004800784,"upper_bound":159.94864029182514},"point_estimate":115.23206694665284,"standard_error":25.840774896484525}}