{"mean":{"confidence_interval":{"confidence_level":0.95,"lower_bound":26573.266506582364,"upper_bound":26998.510623227314},"point_estimate":26763.720290791196,"standard_error":109.07247449305807},"median":{"confidence_interval":{"confidence_level":0.95,"lower_bound":26464.828078078077,"upper_bound":26703.18810810811},"point_estimate":26635.05759613195,"standard_error":70.6552907052045},"median_abs_dev":{"confidence_interval":{"confidence_level":0.95,"lower_bound":382.06058849918867,"upper_bound":657.9719531835266},"point_estimate":543.3764158473783,"standard_error":73.00679089120761},"slope":{"confidence_interval":{"confidence_level":0.95,"lower_bound":26576.842091651844,"upper_bound":26886.864571317103},"point_estimate":26718.08013323801,"standard_error":79.44366737804563},"std_dev":{"confidence_interval":{"confidence_level":0.95,"lower_bound":617.2978542268743,"upper_bound":1606.7869929475964},"point_estimate":1093.8024474737447,"standard_error":289.5311779433572}}