{"mean":{"confidence_interval":{"confidence_level":0.95,"lower_bound":25059.484267887547,"upper_bound":25670.724368814947},"point_estimate":25351.00548062851,"standard_error":154.65552300256826},"median":{"confidence_interval":{"confidence_level":0.95,"lower_bound":25162.728063603063,"upper_bound":25323.304036458336},"point_estimate":25254.61981288981,"standard_error":39.44232611633188},"median_abs_dev":{"confidence_interval":{"confidence_level":0.95,"lower_bound":337.0951661197035,"upper_bound":593.1739446956192},"point_estimate":477.6993861129169,"standard_error":63.52757486286601},"slope":{"confidence_interval":{"confidence_level":0.95,"lower_bound":24876.82488798294,"upper_bound":25681.561178898795},"point_estimate":25294.641456997193,"standard_error":201.08386326149252},"std_dev":{"confidence_interval":{"confidence_level":0.95,"lower_bound":465.17030077655386,"upper_bound":2288.6202553225603},"point_estimate":1558.672650008905,"standard_error":437.13821003709654}}