{"mean":{"confidence_interval":{"confidence_level":0.95,"lower_bound":25906.121151836975,"upper_bound":26445.036819193923},"point_estimate":26178.349946856,"standard_error":135.84950208667757},"median":{"confidence_interval":{"confidence_level":0.95,"lower_bound":26012.882820258194,"upper_bound":26337.433377748166},"point_estimate":26177.44951780922,"standard_error":79.74985899487717},"median_abs_dev":{"confidence_interval":{"confidence_level":0.95,"lower_bound":442.5829012376882,"upper_bound":693.3914603074393},"point_estimate":604.8171330272858,"standard_error":61.80814919622594},"slope":{"confidence_interval":{"confidence_level":0.95,"lower_bound":25384.227562230328,"upper_bound":26166.870678811698},"point_estimate":25850.037892559092,"standard_error":206.21267927276682},"std_dev":{"confidence_interval":{"confidence_level":0.95,"lower_bound":503.2780603500265,"upper_bound":2010.961354329533},"point_estimate":1365.98660299174,"standard_error":382.7292036508544}}