{"mean":{"confidence_interval":{"confidence_level":0.95,"lower_bound":30704.366751419067,"upper_bound":32177.576630383734},"point_estimate":31454.3228082758,"standard_error":374.8130486191288},"median":{"confidence_interval":{"confidence_level":0.95,"lower_bound":30345.869948022315,"upper_bound":31862.505208333332},"point_estimate":31056.071897644928,"standard_error":375.4700666904556},"median_abs_dev":{"confidence_interval":{"confidence_level":0.95,"lower_bound":1683.3388354556707,"upper_bound":2719.7423147510217},"point_estimate":2269.2243630118237,"standard_error":263.2636174056375},"slope":{"confidence_interval":{"confidence_level":0.95,"lower_bound":30497.321399928278,"upper_bound":32167.79553175816},"point_estimate":31373.89666349564,"standard_error":425.975691467356},"std_dev":{"confidence_interval":{"confidence_level":0.95,"lower_bound":2565.8030597059815,"upper_bound":4866.410226041188},"point_estimate":3776.0082294748004,"standard_error":589.567053642428}}