{"mean":{"confidence_interval":{"confidence_level":0.95,"lower_bound":3602.3855202341124,"upper_bound":3619.062649588421},"point_estimate":3610.916777888756,"standard_error":4.248841183224502},"median":{"confidence_interval":{"confidence_level":0.95,"lower_bound":3594.5856398809524,"upper_bound":3619.411132055562},"point_estimate":3609.2871476349737,"standard_error":6.364209415853517},"median_abs_dev":{"confidence_interval":{"confidence_level":0.95,"lower_bound":26.45006990202932,"upper_bound":41.34013575593076},"point_estimate":34.83522227110133,"standard_error":3.66571219321641},"slope":{"confidence_interval":{"confidence_level":0.95,"lower_bound":3601.3035894839945,"upper_bound":3612.7543367202275},"point_estimate":3607.014492948975,"standard_error":2.915702734888806},"std_dev":{"confidence_interval":{"confidence_level":0.95,"lower_bound":29.509986264796584,"upper_bound":57.380457744693665},"point_estimate":42.85590556238165,"standard_error":7.393234326898187}}