{"mean":{"confidence_interval":{"confidence_level":0.95,"lower_bound":4240.5494325855125,"upper_bound":4332.163382649487},"point_estimate":4286.837292179827,"standard_error":23.38551499234168},"median":{"confidence_interval":{"confidence_level":0.95,"lower_bound":4252.10915275201,"upper_bound":4303.534844121343},"point_estimate":4279.02972784791,"standard_error":13.456626208406869},"median_abs_dev":{"confidence_interval":{"confidence_level":0.95,"lower_bound":128.49370502136406,"upper_bound":222.0364459579376},"point_estimate":169.89193179786446,"standard_error":22.59058111925529},"slope":{"confidence_interval":{"confidence_level":0.95,"lower_bound":4264.263152193894,"upper_bound":4377.718652200318},"point_estimate":4321.486141044808,"standard_error":28.936581266026224},"std_dev":{"confidence_interval":{"confidence_level":0.95,"lower_bound":181.2850704588551,"upper_bound":289.609936347155},"point_estimate":235.0725269788607,"standard_error":27.98108483862312}}