{"mean":{"confidence_interval":{"confidence_level":0.95,"lower_bound":28328.41411323851,"upper_bound":29080.647974754782},"point_estimate":28657.238970580383,"standard_error":193.1607493304451},"median":{"confidence_interval":{"confidence_level":0.95,"lower_bound":28153.09836797424,"upper_bound":28553.553456221198},"point_estimate":28320.881453634087,"standard_error":95.97062504594795},"median_abs_dev":{"confidence_interval":{"confidence_level":0.95,"lower_bound":641.0102348995125,"upper_bound":1016.7475889938981},"point_estimate":851.3600527274384,"standard_error":95.52225918495685},"slope":{"confidence_interval":{"confidence_level":0.95,"lower_bound":28188.87922010712,"upper_bound":29336.33494717132},"point_estimate":28625.856476514175,"standard_error":311.0134187627804},"std_dev":{"confidence_interval":{"confidence_level":0.95,"lower_bound":798.6736985013977,"upper_bound":2891.6640338876073},"point_estimate":1944.4187643349908,"standard_error":558.8865360789399}}