{"mean":{"confidence_interval":{"confidence_level":0.95,"lower_bound":99238.03180134499,"upper_bound":102443.78900260545},"point_estimate":100589.9729695883,"standard_error":826.4493666066821},"median":{"confidence_interval":{"confidence_level":0.95,"lower_bound":98816.42548798799,"upper_bound":99868.58333333333},"point_estimate":99245.91184475805,"standard_error":283.88730209032093},"median_abs_dev":{"confidence_interval":{"confidence_level":0.95,"lower_bound":2027.2067679053662,"upper_bound":3699.6908882094203},"point_estimate":2844.7971406058596,"standard_error":392.93658375892977},"slope":{"confidence_interval":{"confidence_level":0.95,"lower_bound":98902.06989820466,"upper_bound":101016.14701701333},"point_estimate":99812.90776651396,"standard_error":541.3358119960592},"std_dev":{"confidence_interval":{"confidence_level":0.95,"lower_bound":3207.5825211238744,"upper_bound":13093.818692431416},"point_estimate":8333.969814473921,"standard_error":2932.64265558821}}