{"mean":{"confidence_interval":{"confidence_level":0.95,"lower_bound":99544.84733519123,"upper_bound":101628.11218311671},"point_estimate":100506.48230415036,"standard_error":532.3775591361145},"median":{"confidence_interval":{"confidence_level":0.95,"lower_bound":99407.32727591036,"upper_bound":100758.1105263158},"point_estimate":99951.79631410257,"standard_error":350.4343059830366},"median_abs_dev":{"confidence_interval":{"confidence_level":0.95,"lower_bound":1966.7406191218306,"upper_bound":3711.7498960151443},"point_estimate":2781.1470906370537,"standard_error":448.04558314480755},"slope":{"confidence_interval":{"confidence_level":0.95,"lower_bound":99805.25648372366,"upper_bound":102058.1183409283},"point_estimate":100839.61830648736,"standard_error":574.7102939126311},"std_dev":{"confidence_interval":{"confidence_level":0.95,"lower_bound":3225.402841683726,"upper_bound":7587.438793779998},"point_estimate":5365.383720791114,"standard_error":1181.0052693361365}}