{"mean":{"confidence_interval":{"confidence_level":0.95,"lower_bound":102415.42777647168,"upper_bound":105031.14716993664},"point_estimate":103641.21508051666,"standard_error":666.9587134992105},"median":{"confidence_interval":{"confidence_level":0.95,"lower_bound":101974.33524822694,"upper_bound":103702.30760869566},"point_estimate":102873.99543189368,"standard_error":437.84546093170263},"median_abs_dev":{"confidence_interval":{"confidence_level":0.95,"lower_bound":3480.194627670092,"upper_bound":6209.726306889753},"point_estimate":4803.1555204644965,"standard_error":683.0851434294223},"slope":{"confidence_interval":{"confidence_level":0.95,"lower_bound":100477.67825491662,"upper_bound":103499.30539450745},"point_estimate":101964.41394207181,"standard_error":768.5932937838651},"std_dev":{"confidence_interval":{"confidence_level":0.95,"lower_bound":4428.459345121253,"upper_bound":9377.896388058147},"point_estimate":6719.669699794461,"standard_error":1409.5110551152088}}