{"mean":{"confidence_interval":{"confidence_level":0.95,"lower_bound":78343.33234811331,"upper_bound":80337.10504856928},"point_estimate":79216.37653617267,"standard_error":514.65538761173},"median":{"confidence_interval":{"confidence_level":0.95,"lower_bound":78063.23076923077,"upper_bound":78450.1500915751},"point_estimate":78236.68609467454,"standard_error":106.35759784938209},"median_abs_dev":{"confidence_interval":{"confidence_level":0.95,"lower_bound":543.6675095787426,"upper_bound":1011.397870221601},"point_estimate":744.5565486456253,"standard_error":125.8381761777218},"slope":{"confidence_interval":{"confidence_level":0.95,"lower_bound":78473.6381416416,"upper_bound":80576.68191703732},"point_estimate":79327.22462606996,"standard_error":549.7656164575584},"std_dev":{"confidence_interval":{"confidence_level":0.95,"lower_bound":1553.410835279791,"upper_bound":7477.042061566605},"point_estimate":5146.764722594613,"standard_error":1432.0651876773188}}