{"mean":{"confidence_interval":{"confidence_level":0.95,"lower_bound":78175.70876169777,"upper_bound":79076.417481147},"point_estimate":78560.08404959716,"standard_error":233.89225544013},"median":{"confidence_interval":{"confidence_level":0.95,"lower_bound":78185.93103448275,"upper_bound":78412.31282051282},"point_estimate":78318.67756585879,"standard_error":54.610832718046865},"median_abs_dev":{"confidence_interval":{"confidence_level":0.95,"lower_bound":357.2494533596655,"upper_bound":690.1148399598655},"point_estimate":492.100003314757,"standard_error":84.46650101361776},"slope":{"confidence_interval":{"confidence_level":0.95,"lower_bound":78001.29178296373,"upper_bound":79025.6925016539},"point_estimate":78401.43030180401,"standard_error":268.0500479402249},"std_dev":{"confidence_interval":{"confidence_level":0.95,"lower_bound":594.9378258937071,"upper_bound":3670.765481251082},"point_estimate":2363.002824573617,"standard_error":812.2286576613794}}