{"mean":{"confidence_interval":{"confidence_level":0.95,"lower_bound":78862.04333446703,"upper_bound":79513.0335925912},"point_estimate":79138.1462716799,"standard_error":168.16201539241956},"median":{"confidence_interval":{"confidence_level":0.95,"lower_bound":78859.27272727272,"upper_bound":79089.73792873793},"point_estimate":78978.50617595462,"standard_error":67.48440942437415},"median_abs_dev":{"confidence_interval":{"confidence_level":0.95,"lower_bound":442.37474774155,"upper_bound":755.6901433819639},"point_estimate":615.5771779840298,"standard_error":78.08593860951156},"slope":{"confidence_interval":{"confidence_level":0.95,"lower_bound":78864.3845712717,"upper_bound":79420.45893538288},"point_estimate":79106.67304134317,"standard_error":143.83631359231134},"std_dev":{"confidence_interval":{"confidence_level":0.95,"lower_bound":729.6202052764074,"upper_bound":2649.3079141550656},"point_estimate":1689.145781539333,"standard_error":592.1946933017314}}