{"mean":{"confidence_interval":{"confidence_level":0.95,"lower_bound":97387.75477357744,"upper_bound":99984.45789685972},"point_estimate":98516.1944966541,"standard_error":672.0907781860254},"median":{"confidence_interval":{"confidence_level":0.95,"lower_bound":97156.168,"upper_bound":98040.76666666666},"point_estimate":97651.76843373495,"standard_error":229.95714396790885},"median_abs_dev":{"confidence_interval":{"confidence_level":0.95,"lower_bound":1757.3199652154422,"upper_bound":2789.80815525488},"point_estimate":2325.1269447207424,"standard_error":268.975822920389},"slope":{"confidence_interval":{"confidence_level":0.95,"lower_bound":97179.11396513214,"upper_bound":99068.37031308447},"point_estimate":97999.20335747008,"standard_error":485.0366076807248},"std_dev":{"confidence_interval":{"confidence_level":0.95,"lower_bound":2646.651348670328,"upper_bound":10389.8097255635},"point_estimate":6776.670339454207,"standard_error":2104.774035084797}}