{"mean":{"confidence_interval":{"confidence_level":0.95,"lower_bound":77801.40568185611,"upper_bound":79276.73715418624},"point_estimate":78423.69598481979,"standard_error":382.3872830250134},"median":{"confidence_interval":{"confidence_level":0.95,"lower_bound":77628.40922249792,"upper_bound":77817.2148541114},"point_estimate":77742.52328533535,"standard_error":49.28339574633052},"median_abs_dev":{"confidence_interval":{"confidence_level":0.95,"lower_bound":274.39676450716877,"upper_bound":490.7147359527556},"point_estimate":374.85853419492,"standard_error":56.19562505236093},"slope":{"confidence_interval":{"confidence_level":0.95,"lower_bound":77683.35926226473,"upper_bound":79147.05507692663},"point_estimate":78268.29637653318,"standard_error":386.52066851689256},"std_dev":{"confidence_interval":{"confidence_level":0.95,"lower_bound":708.0700513880263,"upper_bound":6069.230942826805},"point_estimate":3855.2163927489914,"standard_error":1373.5549899037444}}