{"mean":{"confidence_interval":{"confidence_level":0.95,"lower_bound":77551.1611512532,"upper_bound":78690.02148942283},"point_estimate":77984.68239866146,"standard_error":308.1908672248741},"median":{"confidence_interval":{"confidence_level":0.95,"lower_bound":77492.58896658897,"upper_bound":77673.45241199479},"point_estimate":77621.36854631366,"standard_error":46.73572032477583},"median_abs_dev":{"confidence_interval":{"confidence_level":0.95,"lower_bound":300.02318708475815,"upper_bound":598.7228632862509},"point_estimate":400.9507197035628,"standard_error":77.50300015996253},"slope":{"confidence_interval":{"confidence_level":0.95,"lower_bound":77525.51286429804,"upper_bound":78040.40368160453},"point_estimate":77739.67458662514,"standard_error":134.31733939428483},"std_dev":{"confidence_interval":{"confidence_level":0.95,"lower_bound":678.855786225708,"upper_bound":5155.036560434396},"point_estimate":3094.6533925985254,"standard_error":1475.645735214917}}