{"mean":{"confidence_interval":{"confidence_level":0.95,"lower_bound":128728.28587988042,"upper_bound":134203.89026190742},"point_estimate":131350.6656224698,"standard_error":1394.6314101813362},"median":{"confidence_interval":{"confidence_level":0.95,"lower_bound":126570.04528508772,"upper_bound":130029.07865591397},"point_estimate":128359.49675324676,"standard_error":846.497473205689},"median_abs_dev":{"confidence_interval":{"confidence_level":0.95,"lower_bound":5676.9357689985345,"upper_bound":10766.20796708136},"point_estimate":8183.136937477192,"standard_error":1264.9887155198494},"slope":{"confidence_interval":{"confidence_level":0.95,"lower_bound":131217.17073404577,"upper_bound":136553.04014688134},"point_estimate":133769.6767552091,"standard_error":1358.9478755762},"std_dev":{"confidence_interval":{"confidence_level":0.95,"lower_bound":10429.755737399191,"upper_bound":17275.308028208437},"point_estimate":14046.65092509971,"standard_error":1746.7944356845119}}