{"mean":{"confidence_interval":{"confidence_level":0.95,"lower_bound":97097.86582950575,"upper_bound":106886.12848689029},"point_estimate":101128.6781982025,"standard_error":2541.2365807228193},"median":{"confidence_interval":{"confidence_level":0.95,"lower_bound":95798.28222772514,"upper_bound":97025.85743801652},"point_estimate":96305.50645021645,"standard_error":369.139331711696},"median_abs_dev":{"confidence_interval":{"confidence_level":0.95,"lower_bound":1686.3476832295855,"upper_bound":2822.054874158071},"point_estimate":2210.915045376513,"standard_error":298.71839414060446},"slope":{"confidence_interval":{"confidence_level":0.95,"lower_bound":95507.87492628185,"upper_bound":97038.85618276766},"point_estimate":96179.89413571208,"standard_error":392.1929954541632},"std_dev":{"confidence_interval":{"confidence_level":0.95,"lower_bound":4365.47709140145,"upper_bound":41129.796504437974},"point_estimate":25609.616139287016,"standard_error":9764.174753095023}}