{"mean":{"confidence_interval":{"confidence_level":0.95,"lower_bound":11472342.465149993,"upper_bound":11846535.802500008},"point_estimate":11650376.664,"standard_error":95509.28796294071},"median":{"confidence_interval":{"confidence_level":0.95,"lower_bound":11328562.0,"upper_bound":11626960.0},"point_estimate":11474540.9,"standard_error":81982.66674436693},"median_abs_dev":{"confidence_interval":{"confidence_level":0.95,"lower_bound":401604.160450102,"upper_bound":771791.7309379583},"point_estimate":601027.2003096326,"standard_error":94131.96645634867},"slope":null,"std_dev":{"confidence_interval":{"confidence_level":0.95,"lower_bound":685186.445351797,"upper_bound":1208405.5895131037},"point_estimate":960999.6200269113,"standard_error":133538.89362315217}}