{"mean":{"confidence_interval":{"confidence_level":0.95,"lower_bound":7709723.3318928545,"upper_bound":7759293.813035713},"point_estimate":7734226.1557142865,"standard_error":12697.42635275397},"median":{"confidence_interval":{"confidence_level":0.95,"lower_bound":7716105.714285715,"upper_bound":7745504.428571429},"point_estimate":7729048.785714285,"standard_error":7581.193576202125},"median_abs_dev":{"confidence_interval":{"confidence_level":0.95,"lower_bound":71345.99363335581,"upper_bound":153621.84400016704},"point_estimate":121212.18474805355,"standard_error":22745.3827443148},"slope":null,"std_dev":{"confidence_interval":{"confidence_level":0.95,"lower_bound":105735.46161295654,"upper_bound":146843.2157709592},"point_estimate":127266.25651215992,"standard_error":10489.337505864813}}