{"mean":{"confidence_interval":{"confidence_level":0.95,"lower_bound":8890501.61970833,"upper_bound":9176006.395833332},"point_estimate":9011645.926666664,"standard_error":73833.51230874813},"median":{"confidence_interval":{"confidence_level":0.95,"lower_bound":8869579.083333332,"upper_bound":8981772.25},"point_estimate":8943055.083333332,"standard_error":28980.314290691098},"median_abs_dev":{"confidence_interval":{"confidence_level":0.95,"lower_bound":237305.01665074247,"upper_bound":422731.7536950116},"point_estimate":302923.5911220317,"standard_error":48646.69414027893},"slope":null,"std_dev":{"confidence_interval":{"confidence_level":0.95,"lower_bound":304762.84012546984,"upper_bound":1150991.3165451712},"point_estimate":737817.8664158853,"standard_error":241946.90018251055}}