{"mean":{"confidence_interval":{"confidence_level":0.95,"lower_bound":7309303.191642859,"upper_bound":7481587.627142859},"point_estimate":7390770.835714288,"standard_error":44147.47462805072},"median":{"confidence_interval":{"confidence_level":0.95,"lower_bound":7255748.142857143,"upper_bound":7377418.142857143},"point_estimate":7344964.357142856,"standard_error":30230.959316408596},"median_abs_dev":{"confidence_interval":{"confidence_level":0.95,"lower_bound":184156.2843305728,"upper_bound":356926.14526579453},"point_estimate":233213.9289596249,"standard_error":41233.791742864305},"slope":null,"std_dev":{"confidence_interval":{"confidence_level":0.95,"lower_bound":311663.20128184743,"upper_bound":556290.308446358},"point_estimate":443336.5922293414,"standard_error":62527.27580167105}}