{"mean":{"confidence_interval":{"confidence_level":0.95,"lower_bound":8185640.690958332,"upper_bound":8271763.692708331},"point_estimate":8227177.244999997,"standard_error":21967.830021529004},"median":{"confidence_interval":{"confidence_level":0.95,"lower_bound":8153738.5,"upper_bound":8225555.666666667},"point_estimate":8195213.833333334,"standard_error":17470.096280284877},"median_abs_dev":{"confidence_interval":{"confidence_level":0.95,"lower_bound":137474.94740933203,"upper_bound":226160.0006848576},"point_estimate":187031.2221795309,"standard_error":21970.78993446054},"slope":null,"std_dev":{"confidence_interval":{"confidence_level":0.95,"lower_bound":167791.71804009323,"upper_bound":272157.4457474599},"point_estimate":221067.16296926024,"standard_error":26869.563280787264}}