{"mean":{"confidence_interval":{"confidence_level":0.95,"lower_bound":7562768.133964286,"upper_bound":7640378.459142858},"point_estimate":7600057.978571429,"standard_error":19778.889025812256},"median":{"confidence_interval":{"confidence_level":0.95,"lower_bound":7531509.928571429,"upper_bound":7597218.071428571},"point_estimate":7568810.642857144,"standard_error":17714.56612996737},"median_abs_dev":{"confidence_interval":{"confidence_level":0.95,"lower_bound":107351.7811941252,"upper_bound":194889.3550400222},"point_estimate":134154.96481827289,"standard_error":21936.609549793928},"slope":null,"std_dev":{"confidence_interval":{"confidence_level":0.95,"lower_bound":148913.46794431834,"upper_bound":247003.03360707912},"point_estimate":197813.32060859413,"standard_error":25477.256604105172}}