{"mean":{"confidence_interval":{"confidence_level":0.95,"lower_bound":8038498.54682143,"upper_bound":8242019.500749997},"point_estimate":8131269.47285714,"standard_error":51939.46092675014},"median":{"confidence_interval":{"confidence_level":0.95,"lower_bound":8029803.0,"upper_bound":8157268.0},"point_estimate":8095260.571428571,"standard_error":30367.381028923446},"median_abs_dev":{"confidence_interval":{"confidence_level":0.95,"lower_bound":213504.24490954174,"upper_bound":395236.1605831553},"point_estimate":302852.07332330034,"standard_error":49205.3732153418},"slope":null,"std_dev":{"confidence_interval":{"confidence_level":0.95,"lower_bound":291984.99488014955,"upper_bound":730675.594461938},"point_estimate":520055.6053801482,"standard_error":115883.52099315828}}