{"mean":{"confidence_interval":{"confidence_level":0.95,"lower_bound":9418286.329124998,"upper_bound":9616106.34716667},"point_estimate":9516138.034999998,"standard_error":50459.34434480288},"median":{"confidence_interval":{"confidence_level":0.95,"lower_bound":9349862.166666666,"upper_bound":9635365.666666666},"point_estimate":9433321.583333332,"standard_error":67534.80122715421},"median_abs_dev":{"confidence_interval":{"confidence_level":0.95,"lower_bound":402246.5463086972,"upper_bound":596691.7567566033},"point_estimate":525474.8199209576,"standard_error":50144.139360503745},"slope":null,"std_dev":{"confidence_interval":{"confidence_level":0.95,"lower_bound":424561.19968467724,"upper_bound":579040.9843872836},"point_estimate":506329.8288305286,"standard_error":39472.49913616641}}