{"mean":{"confidence_interval":{"confidence_level":0.95,"lower_bound":10814422.8632,"upper_bound":10938835.633650003},"point_estimate":10877476.362000003,"standard_error":31751.816393440266},"median":{"confidence_interval":{"confidence_level":0.95,"lower_bound":10817591.0,"upper_bound":10915951.6},"point_estimate":10865981.2,"standard_error":28208.783285859066},"median_abs_dev":{"confidence_interval":{"confidence_level":0.95,"lower_bound":174591.78462387595,"upper_bound":336048.1856739526},"point_estimate":267477.6403713229,"standard_error":41805.546680655025},"slope":null,"std_dev":{"confidence_interval":{"confidence_level":0.95,"lower_bound":256812.1961756468,"upper_bound":376925.7288789645},"point_estimate":318740.35537015053,"standard_error":30782.99905028099}}