{"mean":{"confidence_interval":{"confidence_level":0.95,"lower_bound":8168365.013916668,"upper_bound":8258476.025666667},"point_estimate":8211531.946666671,"standard_error":23085.411861623412},"median":{"confidence_interval":{"confidence_level":0.95,"lower_bound":8110274.333333333,"upper_bound":8209364.833333333},"point_estimate":8159386.083333333,"standard_error":25669.838858197156},"median_abs_dev":{"confidence_interval":{"confidence_level":0.95,"lower_bound":118394.25639808201,"upper_bound":217426.62198990583},"point_estimate":163357.31289982796,"standard_error":26239.30821958737},"slope":null,"std_dev":{"confidence_interval":{"confidence_level":0.95,"lower_bound":166657.03088072914,"upper_bound":290297.38007856125},"point_estimate":232424.18709990237,"standard_error":31722.3746060084}}