{"mean":{"confidence_interval":{"confidence_level":0.95,"lower_bound":7865419.224178571,"upper_bound":7956506.96075},"point_estimate":7910145.995714285,"standard_error":23236.080229066578},"median":{"confidence_interval":{"confidence_level":0.95,"lower_bound":7825328.071428571,"upper_bound":7919122.285714285},"point_estimate":7856907.071428571,"standard_error":25171.108586438088},"median_abs_dev":{"confidence_interval":{"confidence_level":0.95,"lower_bound":126742.91804986281,"upper_bound":239083.01275542766},"point_estimate":174271.36670606487,"standard_error":29625.68364142099},"slope":null,"std_dev":{"confidence_interval":{"confidence_level":0.95,"lower_bound":192473.70586057444,"upper_bound":269337.1968991557},"point_estimate":233532.15612797582,"standard_error":19646.58635139962}}