{"mean":{"confidence_interval":{"confidence_level":0.95,"lower_bound":11056329.48195,"upper_bound":11158726.652849995},"point_estimate":11098943.47,"standard_error":26699.58427988793},"median":{"confidence_interval":{"confidence_level":0.95,"lower_bound":11025835.8,"upper_bound":11089106.8},"point_estimate":11066256.5,"standard_error":14744.00087299998},"median_abs_dev":{"confidence_interval":{"confidence_level":0.95,"lower_bound":90276.69847726932,"upper_bound":151850.70995061003},"point_estimate":116726.87504768399,"standard_error":16153.077406552884},"slope":null,"std_dev":{"confidence_interval":{"confidence_level":0.95,"lower_bound":110473.15044606762,"upper_bound":424379.0526500318},"point_estimate":267763.4534481559,"standard_error":100589.8887349025}}