{"mean":{"confidence_interval":{"confidence_level":0.95,"lower_bound":80569.67888633492,"upper_bound":81520.30625414969},"point_estimate":81001.73512436566,"standard_error":242.76406564949477},"median":{"confidence_interval":{"confidence_level":0.95,"lower_bound":80199.21538461538,"upper_bound":80619.95925545043},"point_estimate":80413.95787545788,"standard_error":99.5920048283146},"median_abs_dev":{"confidence_interval":{"confidence_level":0.95,"lower_bound":598.0326518368431,"upper_bound":1008.9115306391744},"point_estimate":841.539172731769,"standard_error":106.80885848234067},"slope":{"confidence_interval":{"confidence_level":0.95,"lower_bound":80303.92642542932,"upper_bound":81112.30746922402},"point_estimate":80647.31018790283,"standard_error":209.30369791224703},"std_dev":{"confidence_interval":{"confidence_level":0.95,"lower_bound":1326.092598248402,"upper_bound":3336.144835933919},"point_estimate":2433.7050533777347,"standard_error":525.1322199550567}}