{"mean":{"confidence_interval":{"confidence_level":0.95,"lower_bound":32136415.507375002,"upper_bound":33101638.22225},"point_estimate":32574561.765,"standard_error":247094.17878533487},"median":{"confidence_interval":{"confidence_level":0.95,"lower_bound":31631931.5,"upper_bound":32408367.5},"point_estimate":32026011.75,"standard_error":186462.64242680435},"median_abs_dev":{"confidence_interval":{"confidence_level":0.95,"lower_bound":1054883.0300808325,"upper_bound":1982307.3110745086},"point_estimate":1617019.1589921713,"standard_error":249350.52548749043},"slope":null,"std_dev":{"confidence_interval":{"confidence_level":0.95,"lower_bound":1500634.0309173965,"upper_bound":3590431.995024956},"point_estimate":2485957.4209665195,"standard_error":623725.3704465259}}