{"mean":{"confidence_interval":{"confidence_level":0.95,"lower_bound":32003462.385375,"upper_bound":32408723.16075},"point_estimate":32205528.365,"standard_error":103406.56878310541},"median":{"confidence_interval":{"confidence_level":0.95,"lower_bound":31969775.0,"upper_bound":32433486.5},"point_estimate":32185580.25,"standard_error":108290.62478927398},"median_abs_dev":{"confidence_interval":{"confidence_level":0.95,"lower_bound":895492.7469955775,"upper_bound":1412544.1597223282},"point_estimate":1125246.678122878,"standard_error":131912.7293820494},"slope":null,"std_dev":{"confidence_interval":{"confidence_level":0.95,"lower_bound":909095.2150681214,"upper_bound":1155472.0724731425},"point_estimate":1040150.4629848268,"standard_error":63026.11776147739}}