{"mean":{"confidence_interval":{"confidence_level":0.95,"lower_bound":32237708.834374998,"upper_bound":32702107.86675},"point_estimate":32469076.185,"standard_error":118585.38652693268},"median":{"confidence_interval":{"confidence_level":0.95,"lower_bound":32160147.5,"upper_bound":32781909.5},"point_estimate":32490904.0,"standard_error":161794.168125723},"median_abs_dev":{"confidence_interval":{"confidence_level":0.95,"lower_bound":903661.3632068038,"upper_bound":1460572.985869646},"point_estimate":1213678.9481028914,"standard_error":141113.89871430094},"slope":null,"std_dev":{"confidence_interval":{"confidence_level":0.95,"lower_bound":1017198.6025468622,"upper_bound":1357549.8020227777},"point_estimate":1194239.2138345165,"standard_error":87075.43437880502}}