{"mean":{"confidence_interval":{"confidence_level":0.95,"lower_bound":31793359.709625002,"upper_bound":32469651.837125},"point_estimate":32108372.99,"standard_error":172471.39761781745},"median":{"confidence_interval":{"confidence_level":0.95,"lower_bound":31400697.5,"upper_bound":32201079.0},"point_estimate":31741275.5,"standard_error":185894.37552644894},"median_abs_dev":{"confidence_interval":{"confidence_level":0.95,"lower_bound":970035.8814284205,"upper_bound":1605335.7059583438},"point_estimate":1304920.3743830323,"standard_error":154170.63799977646},"slope":null,"std_dev":{"confidence_interval":{"confidence_level":0.95,"lower_bound":1187629.6382393949,"upper_bound":2408893.3232515515},"point_estimate":1745662.9094089128,"standard_error":359776.18137693487}}