{"mean":{"confidence_interval":{"confidence_level":0.95,"lower_bound":48432618.950500004,"upper_bound":49867024.91875},"point_estimate":49139450.01,"standard_error":365948.02698787674},"median":{"confidence_interval":{"confidence_level":0.95,"lower_bound":48377958.0,"upper_bound":49585438.25},"point_estimate":49055700.0,"standard_error":302573.8464956922},"median_abs_dev":{"confidence_interval":{"confidence_level":0.95,"lower_bound":2246672.51078859,"upper_bound":3873796.8858763576},"point_estimate":2854113.5497793555,"standard_error":431206.62396541715},"slope":null,"std_dev":{"confidence_interval":{"confidence_level":0.95,"lower_bound":2989913.8184865406,"upper_bound":4353811.695319462},"point_estimate":3682704.692656122,"standard_error":349226.93463221693}}