{"mean":{"confidence_interval":{"confidence_level":0.95,"lower_bound":42113142.776374996,"upper_bound":43592515.621625},"point_estimate":42807328.5,"standard_error":378395.21998306055},"median":{"confidence_interval":{"confidence_level":0.95,"lower_bound":41605850.0,"upper_bound":42424481.75},"point_estimate":41907252.75,"standard_error":199038.3380277419},"median_abs_dev":{"confidence_interval":{"confidence_level":0.95,"lower_bound":1539938.4342431289,"upper_bound":2844946.634142101},"point_estimate":2061237.6163557172,"standard_error":336793.47632087395},"slope":null,"std_dev":{"confidence_interval":{"confidence_level":0.95,"lower_bound":2700926.1968684956,"upper_bound":4953986.187897767},"point_estimate":3812449.713236667,"standard_error":586060.0630655109}}