{"mean":{"confidence_interval":{"confidence_level":0.95,"lower_bound":40221592.75575,"upper_bound":41316450.50675},"point_estimate":40750251.595,"standard_error":278725.00288272725},"median":{"confidence_interval":{"confidence_level":0.95,"lower_bound":39859615.0,"upper_bound":41084215.0},"point_estimate":40798091.5,"standard_error":324064.8592387622},"median_abs_dev":{"confidence_interval":{"confidence_level":0.95,"lower_bound":1791894.2165800196,"upper_bound":2973708.588606119},"point_estimate":2558250.717481971,"standard_error":297284.81606239965},"slope":null,"std_dev":{"confidence_interval":{"confidence_level":0.95,"lower_bound":2062118.6665678597,"upper_bound":3579910.6476142565},"point_estimate":2794193.3646329236,"standard_error":399778.00147285144}}