{"mean":{"confidence_interval":{"confidence_level":0.95,"lower_bound":35645551.320999995,"upper_bound":36753640.549375},"point_estimate":36175001.385,"standard_error":282467.4265983777},"median":{"confidence_interval":{"confidence_level":0.95,"lower_bound":35554354.5,"upper_bound":36777045.5},"point_estimate":36066710.75,"standard_error":339122.63727387274},"median_abs_dev":{"confidence_interval":{"confidence_level":0.95,"lower_bound":1872842.5257503986,"upper_bound":3026469.1325694323},"point_estimate":2423266.661578417,"standard_error":298738.0043549089},"slope":null,"std_dev":{"confidence_interval":{"confidence_level":0.95,"lower_bound":1978213.0983278048,"upper_bound":3662377.447277694},"point_estimate":2834599.71585251,"standard_error":439648.36815229815}}