{"mean":{"confidence_interval":{"confidence_level":0.95,"lower_bound":41313725.73,"upper_bound":42712044.275},"point_estimate":41980307.49,"standard_error":356855.9600113463},"median":{"confidence_interval":{"confidence_level":0.95,"lower_bound":40868744.0,"upper_bound":42595124.5},"point_estimate":41556788.5,"standard_error":478008.60615844774},"median_abs_dev":{"confidence_interval":{"confidence_level":0.95,"lower_bound":2265671.1028262973,"upper_bound":3787275.687262416},"point_estimate":3013226.1789545417,"standard_error":403866.86929831456},"slope":null,"std_dev":{"confidence_interval":{"confidence_level":0.95,"lower_bound":2634833.108335304,"upper_bound":4665136.782035282},"point_estimate":3573122.840612734,"standard_error":553661.4045860111}}