{"mean":{"confidence_interval":{"confidence_level":0.95,"lower_bound":36437325.360375,"upper_bound":37330289.155125},"point_estimate":36869393.52,"standard_error":228287.9585986662},"median":{"confidence_interval":{"confidence_level":0.95,"lower_bound":36159169.25,"upper_bound":37392763.0},"point_estimate":36711739.0,"standard_error":306645.84950080886},"median_abs_dev":{"confidence_interval":{"confidence_level":0.95,"lower_bound":1600253.177189827,"upper_bound":2398125.472524762},"point_estimate":2086585.6281057,"standard_error":206335.7475359266},"slope":null,"std_dev":{"confidence_interval":{"confidence_level":0.95,"lower_bound":1724886.5798801144,"upper_bound":2947467.180122968},"point_estimate":2289627.6263491386,"standard_error":329159.9610706264}}