{"mean":{"confidence_interval":{"confidence_level":0.95,"lower_bound":4807618.708863636,"upper_bound":5001539.750999997},"point_estimate":4894088.16181818,"standard_error":49622.84797044147},"median":{"confidence_interval":{"confidence_level":0.95,"lower_bound":4767300.863636363,"upper_bound":4831664.954545455},"point_estimate":4807192.0,"standard_error":13785.520571599038},"median_abs_dev":{"confidence_interval":{"confidence_level":0.95,"lower_bound":122355.74106411525,"upper_bound":254793.43151287554},"point_estimate":172286.20385039944,"standard_error":33496.62423147685},"slope":null,"std_dev":{"confidence_interval":{"confidence_level":0.95,"lower_bound":246799.62399130652,"upper_bound":732097.0971785999},"point_estimate":498477.42318579176,"standard_error":129085.37338911394}}