{"mean":{"confidence_interval":{"confidence_level":0.95,"lower_bound":4728767.805136366,"upper_bound":4910490.851249999},"point_estimate":4809018.444545454,"standard_error":46667.61728614397},"median":{"confidence_interval":{"confidence_level":0.95,"lower_bound":4675392.409090909,"upper_bound":4746462.7272727275},"point_estimate":4713179.454545455,"standard_error":17330.65904449198},"median_abs_dev":{"confidence_interval":{"confidence_level":0.95,"lower_bound":161456.68712447982,"upper_bound":323911.0292494297},"point_estimate":243465.69380489213,"standard_error":39491.840056278554},"slope":null,"std_dev":{"confidence_interval":{"confidence_level":0.95,"lower_bound":249412.60447983386,"upper_bound":706418.4152383092},"point_estimate":471424.82560036756,"standard_error":137459.28174457184}}