{"mean":{"confidence_interval":{"confidence_level":0.95,"lower_bound":5684565.380050002,"upper_bound":5952929.047274997},"point_estimate":5806074.640999999,"standard_error":68864.6664966945},"median":{"confidence_interval":{"confidence_level":0.95,"lower_bound":5568768.5,"upper_bound":5732612.6},"point_estimate":5683336.35,"standard_error":48225.85768685212},"median_abs_dev":{"confidence_interval":{"confidence_level":0.95,"lower_bound":265792.3689812422,"upper_bound":493555.0108176467},"point_estimate":385685.70692271023,"standard_error":51965.153139535745},"slope":null,"std_dev":{"confidence_interval":{"confidence_level":0.95,"lower_bound":377457.84926489694,"upper_bound":988725.209693777},"point_estimate":694030.4544797355,"standard_error":161555.65119213847}}