{"mean":{"confidence_interval":{"confidence_level":0.95,"lower_bound":3803915.0323571414,"upper_bound":3833793.4460357134},"point_estimate":3818894.1714285705,"standard_error":7632.759578347726},"median":{"confidence_interval":{"confidence_level":0.95,"lower_bound":3819021.9285714286,"upper_bound":3846450.8571428573},"point_estimate":3837950.75,"standard_error":7234.605046730528},"median_abs_dev":{"confidence_interval":{"confidence_level":0.95,"lower_bound":42191.14037720782,"upper_bound":75592.62062296277},"point_estimate":60480.283176260484,"standard_error":8296.141777482646},"slope":null,"std_dev":{"confidence_interval":{"confidence_level":0.95,"lower_bound":64639.02237161012,"upper_bound":88395.40035814441},"point_estimate":76732.06499599486,"standard_error":6059.076994782937}}