{"mean":{"confidence_interval":{"confidence_level":0.95,"lower_bound":3893414.719173075,"upper_bound":4017197.7117692293},"point_estimate":3940403.8876923053,"standard_error":34131.128657741276},"median":{"confidence_interval":{"confidence_level":0.95,"lower_bound":3877141.269230769,"upper_bound":3936634.153846154},"point_estimate":3913791.923076923,"standard_error":15069.055899957819},"median_abs_dev":{"confidence_interval":{"confidence_level":0.95,"lower_bound":88136.51979680212,"upper_bound":131720.11206150055},"point_estimate":117172.78409669027,"standard_error":11056.541540972234},"slope":null,"std_dev":{"confidence_interval":{"confidence_level":0.95,"lower_bound":83792.78397501924,"upper_bound":572466.5138392751},"point_estimate":341619.95145642565,"standard_error":169177.1718146802}}