{"mean":{"confidence_interval":{"confidence_level":0.95,"lower_bound":4250790.262833333,"upper_bound":4401266.642020833},"point_estimate":4316659.733333333,"standard_error":38768.39302310968},"median":{"confidence_interval":{"confidence_level":0.95,"lower_bound":4230577.333333333,"upper_bound":4332886.5},"point_estimate":4314036.333333333,"standard_error":25960.732879184194},"median_abs_dev":{"confidence_interval":{"confidence_level":0.95,"lower_bound":127912.36290410184,"upper_bound":264028.63098755374},"point_estimate":204470.86034491612,"standard_error":34860.99695905751},"slope":null,"std_dev":{"confidence_interval":{"confidence_level":0.95,"lower_bound":190464.06617050443,"upper_bound":589760.1975176292},"point_estimate":388936.87553945987,"standard_error":117926.31903034776}}