{"mean":{"confidence_interval":{"confidence_level":0.95,"lower_bound":3991393.2623076914,"upper_bound":4077305.789173078},"point_estimate":4025293.2976923077,"standard_error":22742.419254573357},"median":{"confidence_interval":{"confidence_level":0.95,"lower_bound":3987695.769230769,"upper_bound":4015507.6923076925},"point_estimate":4003749.8846153845,"standard_error":6428.562218479741},"median_abs_dev":{"confidence_interval":{"confidence_level":0.95,"lower_bound":46274.85335538015,"upper_bound":78647.4808037281},"point_estimate":60610.56868548614,"standard_error":8132.431449703158},"slope":null,"std_dev":{"confidence_interval":{"confidence_level":0.95,"lower_bound":70013.02682193388,"upper_bound":375308.0524735288},"point_estimate":228660.76990891324,"standard_error":100074.59702317386}}