{"mean":{"confidence_interval":{"confidence_level":0.95,"lower_bound":5198430.142999999,"upper_bound":5488577.330454545},"point_estimate":5337805.355454544,"standard_error":74191.76172011974},"median":{"confidence_interval":{"confidence_level":0.95,"lower_bound":5040017.0,"upper_bound":5444565.545454546},"point_estimate":5318819.181818182,"standard_error":120941.38069742783},"median_abs_dev":{"confidence_interval":{"confidence_level":0.95,"lower_bound":539150.1356299897,"upper_bound":848531.6581810066},"point_estimate":719133.3650691939,"standard_error":75763.85309967001},"slope":null,"std_dev":{"confidence_interval":{"confidence_level":0.95,"lower_bound":583158.702023917,"upper_bound":903043.4913509173},"point_estimate":746670.1079008059,"standard_error":82071.13027712828}}