{"mean":{"confidence_interval":{"confidence_level":0.95,"lower_bound":4946258.124374997,"upper_bound":5164036.2791249985},"point_estimate":5033931.724999998,"standard_error":56946.83580527387},"median":{"confidence_interval":{"confidence_level":0.95,"lower_bound":4886746.0,"upper_bound":5023673.4},"point_estimate":4945619.0,"standard_error":36442.37988054134},"median_abs_dev":{"confidence_interval":{"confidence_level":0.95,"lower_bound":157000.22073268917,"upper_bound":264859.5912078024},"point_estimate":214990.78436315033,"standard_error":27250.42148014241},"slope":null,"std_dev":{"confidence_interval":{"confidence_level":0.95,"lower_bound":211697.86239470707,"upper_bound":924628.2852561574},"point_estimate":571450.8878528663,"standard_error":236242.8463301921}}