{"mean":{"confidence_interval":{"confidence_level":0.95,"lower_bound":4210.020907863929,"upper_bound":4265.4895256482905},"point_estimate":4239.39678916964,"standard_error":14.189866932567444},"median":{"confidence_interval":{"confidence_level":0.95,"lower_bound":4262.65767164321,"upper_bound":4297.8523012552305},"point_estimate":4282.219319001587,"standard_error":10.019199011871407},"median_abs_dev":{"confidence_interval":{"confidence_level":0.95,"lower_bound":57.96381567504088,"upper_bound":111.6276655904338},"point_estimate":88.92253437689816,"standard_error":13.997997205299402},"slope":{"confidence_interval":{"confidence_level":0.95,"lower_bound":4239.981902262569,"upper_bound":4277.857187809364},"point_estimate":4259.8136357773665,"standard_error":9.656979535884835},"std_dev":{"confidence_interval":{"confidence_level":0.95,"lower_bound":96.66509549100715,"upper_bound":183.92987439260742},"point_estimate":143.03662795385586,"standard_error":22.159407399604177}}