{"mean":{"confidence_interval":{"confidence_level":0.95,"lower_bound":143973.61876263132,"upper_bound":147695.04371986442},"point_estimate":145571.27038030207,"standard_error":961.0964051665736},"median":{"confidence_interval":{"confidence_level":0.95,"lower_bound":143656.78333333333,"upper_bound":145123.84482405894},"point_estimate":144572.26248184458,"standard_error":375.42167135042547},"median_abs_dev":{"confidence_interval":{"confidence_level":0.95,"lower_bound":2560.2133650052215,"upper_bound":3959.8166010606083},"point_estimate":3340.8121891609508,"standard_error":365.0976827783047},"slope":{"confidence_interval":{"confidence_level":0.95,"lower_bound":143844.94072071134,"upper_bound":149847.55504764753},"point_estimate":146018.23892456037,"standard_error":1652.0959420986346},"std_dev":{"confidence_interval":{"confidence_level":0.95,"lower_bound":3192.9528988803513,"upper_bound":14524.513108868612},"point_estimate":9628.176852140863,"standard_error":3081.596084935293}}