{"mean":{"confidence_interval":{"confidence_level":0.95,"lower_bound":98413.78068038127,"upper_bound":101251.92014835055},"point_estimate":99698.99283802327,"standard_error":725.8521161048193},"median":{"confidence_interval":{"confidence_level":0.95,"lower_bound":97585.64416221034,"upper_bound":98844.3158608328},"point_estimate":98378.8728200371,"standard_error":312.388974694943},"median_abs_dev":{"confidence_interval":{"confidence_level":0.95,"lower_bound":1875.011137739914,"upper_bound":3257.975055357607},"point_estimate":2580.465707978258,"standard_error":340.4366453351743},"slope":{"confidence_interval":{"confidence_level":0.95,"lower_bound":98220.7393325671,"upper_bound":100818.15809696872},"point_estimate":99336.17204239826,"standard_error":669.7763463427432},"std_dev":{"confidence_interval":{"confidence_level":0.95,"lower_bound":4089.421585821597,"upper_bound":9847.85481115317},"point_estimate":7293.042146569681,"standard_error":1510.809709018941}}