{"mean":{"confidence_interval":{"confidence_level":0.95,"lower_bound":211963.83992203488,"upper_bound":222328.01040306728},"point_estimate":216899.94719348798,"standard_error":2643.63462364792},"median":{"confidence_interval":{"confidence_level":0.95,"lower_bound":212627.97407407407,"upper_bound":217609.85810614913},"point_estimate":214656.82019807922,"standard_error":1300.9660867414873},"median_abs_dev":{"confidence_interval":{"confidence_level":0.95,"lower_bound":7886.023120920683,"upper_bound":14647.119107961651},"point_estimate":10815.821801203141,"standard_error":1761.9782126602372},"slope":{"confidence_interval":{"confidence_level":0.95,"lower_bound":215871.54818988542,"upper_bound":227764.37504423986},"point_estimate":221287.0341894488,"standard_error":3058.0612820217134},"std_dev":{"confidence_interval":{"confidence_level":0.95,"lower_bound":17959.422628748136,"upper_bound":35478.91418887422},"point_estimate":26579.80090359081,"standard_error":4619.396497123893}}