{"mean":{"confidence_interval":{"confidence_level":0.95,"lower_bound":118093.31317204186,"upper_bound":121182.15943461956},"point_estimate":119451.07121785036,"standard_error":790.1770062333403},"median":{"confidence_interval":{"confidence_level":0.95,"lower_bound":117266.79106280193,"upper_bound":118446.69074074074},"point_estimate":118059.93442739415,"standard_error":355.1574912455821},"median_abs_dev":{"confidence_interval":{"confidence_level":0.95,"lower_bound":2178.158055905622,"upper_bound":4493.409766091646},"point_estimate":3378.987529337157,"standard_error":591.0939395954994},"slope":{"confidence_interval":{"confidence_level":0.95,"lower_bound":117919.18686208612,"upper_bound":121557.77079987692},"point_estimate":119517.70916079667,"standard_error":939.3002612548632},"std_dev":{"confidence_interval":{"confidence_level":0.95,"lower_bound":3882.151138692726,"upper_bound":11931.017588894942},"point_estimate":7939.0086178521915,"standard_error":2253.981339278383}}