{"mean":{"confidence_interval":{"confidence_level":0.95,"lower_bound":182353.74315443516,"upper_bound":188479.31532599017},"point_estimate":185352.10791174666,"standard_error":1559.1904777671275},"median":{"confidence_interval":{"confidence_level":0.95,"lower_bound":183906.0576923077,"upper_bound":188219.89511823037},"point_estimate":186053.1675084175,"standard_error":1066.0254950395015},"median_abs_dev":{"confidence_interval":{"confidence_level":0.95,"lower_bound":6837.814226382313,"upper_bound":15455.354312704781},"point_estimate":9955.365173610477,"standard_error":2242.066414020623},"slope":{"confidence_interval":{"confidence_level":0.95,"lower_bound":180315.80396958627,"upper_bound":187580.4488061787},"point_estimate":183837.55979262106,"standard_error":1857.77422386869},"std_dev":{"confidence_interval":{"confidence_level":0.95,"lower_bound":12445.184250642036,"upper_bound":18664.770118573142},"point_estimate":15689.80576302144,"standard_error":1595.63253468315}}