{"mean":{"confidence_interval":{"confidence_level":0.95,"lower_bound":89111.99851614125,"upper_bound":90228.9476799015},"point_estimate":89631.2265872648,"standard_error":284.3348997915577},"median":{"confidence_interval":{"confidence_level":0.95,"lower_bound":88885.63068181818,"upper_bound":90126.19818181818},"point_estimate":89478.65053527555,"standard_error":263.8270507716157},"median_abs_dev":{"confidence_interval":{"confidence_level":0.95,"lower_bound":1799.7730251096239,"upper_bound":2973.4969482362662},"point_estimate":2285.1885728685284,"standard_error":284.2530404216928},"slope":{"confidence_interval":{"confidence_level":0.95,"lower_bound":89494.67896425551,"upper_bound":90557.58137936261},"point_estimate":90033.47879925306,"standard_error":270.9839517313515},"std_dev":{"confidence_interval":{"confidence_level":0.95,"lower_bound":1940.4198197304218,"upper_bound":3990.931107170702},"point_estimate":2871.9271257234072,"standard_error":590.970846501031}}