{"mean":{"confidence_interval":{"confidence_level":0.95,"lower_bound":1238810.915722519,"upper_bound":1299035.1479553026},"point_estimate":1266828.1113655916,"standard_error":15386.869693669032},"median":{"confidence_interval":{"confidence_level":0.95,"lower_bound":1205915.4927453226,"upper_bound":1240465.6963601531},"point_estimate":1217979.9757525083,"standard_error":9979.890735543038},"median_abs_dev":{"confidence_interval":{"confidence_level":0.95,"lower_bound":45695.47143289911,"upper_bound":80577.16070023863},"point_estimate":58140.75444002646,"standard_error":8964.249056316869},"slope":{"confidence_interval":{"confidence_level":0.95,"lower_bound":1220180.1939805546,"upper_bound":1291974.3162422695},"point_estimate":1252173.7862213685,"standard_error":18398.56954280531},"std_dev":{"confidence_interval":{"confidence_level":0.95,"lower_bound":101864.0752018057,"upper_bound":198712.56512555448},"point_estimate":154191.1267940199,"standard_error":24734.872802208818}}