{"mean":{"confidence_interval":{"confidence_level":0.95,"lower_bound":188856.43742040513,"upper_bound":194514.25360372724},"point_estimate":191329.2146029766,"standard_error":1458.4299273109712},"median":{"confidence_interval":{"confidence_level":0.95,"lower_bound":187872.30952380953,"upper_bound":192174.19274146907},"point_estimate":190379.8568027211,"standard_error":1220.1115772458675},"median_abs_dev":{"confidence_interval":{"confidence_level":0.95,"lower_bound":4728.832583823303,"upper_bound":8184.416018732667},"point_estimate":6821.841557444866,"standard_error":871.5596378380365},"slope":{"confidence_interval":{"confidence_level":0.95,"lower_bound":191056.6678677522,"upper_bound":194039.93794046776},"point_estimate":192467.12480370424,"standard_error":761.7486565502916},"std_dev":{"confidence_interval":{"confidence_level":0.95,"lower_bound":5970.582859029093,"upper_bound":21863.088844681},"point_estimate":14616.96102069634,"standard_error":4280.674351511468}}