{"mean":{"confidence_interval":{"confidence_level":0.95,"lower_bound":171291.9782829239,"upper_bound":177675.95106943883},"point_estimate":174374.82335324344,"standard_error":1635.403529558822},"median":{"confidence_interval":{"confidence_level":0.95,"lower_bound":165353.24242424243,"upper_bound":169113.8431372549},"point_estimate":166597.9619502315,"standard_error":883.8252393302456},"median_abs_dev":{"confidence_interval":{"confidence_level":0.95,"lower_bound":4367.686973160753,"upper_bound":10862.753708576474},"point_estimate":6714.353587827623,"standard_error":1634.0860370795176},"slope":{"confidence_interval":{"confidence_level":0.95,"lower_bound":177415.17312841697,"upper_bound":187655.60270756582},"point_estimate":182680.20306930694,"standard_error":2619.4320135492317},"std_dev":{"confidence_interval":{"confidence_level":0.95,"lower_bound":13104.423281601137,"upper_bound":19367.33714134735},"point_estimate":16427.381767394607,"standard_error":1599.0830792606885}}