{"mean":{"confidence_interval":{"confidence_level":0.95,"lower_bound":165375.36488294214,"upper_bound":168294.48020647722},"point_estimate":166736.21243088238,"standard_error":747.3714731442269},"median":{"confidence_interval":{"confidence_level":0.95,"lower_bound":163870.76285714286,"upper_bound":166587.35581937784},"point_estimate":165353.48500309215,"standard_error":652.3442216738463},"median_abs_dev":{"confidence_interval":{"confidence_level":0.95,"lower_bound":3611.109024574204,"upper_bound":5697.094862410558},"point_estimate":4500.1692421589905,"standard_error":532.7183324329175},"slope":{"confidence_interval":{"confidence_level":0.95,"lower_bound":168001.30461190752,"upper_bound":172442.36416999236},"point_estimate":170026.06163398002,"standard_error":1137.592632427588},"std_dev":{"confidence_interval":{"confidence_level":0.95,"lower_bound":4945.602837232494,"upper_bound":10141.540998195798},"point_estimate":7496.655406849264,"standard_error":1384.509803550296}}