{"mean":{"confidence_interval":{"confidence_level":0.95,"lower_bound":189591.89878077363,"upper_bound":193264.87122392017},"point_estimate":191296.14142877393,"standard_error":942.5546194094793},"median":{"confidence_interval":{"confidence_level":0.95,"lower_bound":187948.88157894736,"upper_bound":189740.41050698888},"point_estimate":188637.2416087963,"standard_error":516.4874335209789},"median_abs_dev":{"confidence_interval":{"confidence_level":0.95,"lower_bound":2932.8461741815768,"upper_bound":5250.759379507623},"point_estimate":4131.046872550821,"standard_error":585.9270087473196},"slope":{"confidence_interval":{"confidence_level":0.95,"lower_bound":191510.84331258966,"upper_bound":198111.05623252995},"point_estimate":194540.03215211074,"standard_error":1700.6557237629706},"std_dev":{"confidence_interval":{"confidence_level":0.95,"lower_bound":5719.5463016166805,"upper_bound":12552.393522771694},"point_estimate":9465.457602679331,"standard_error":1740.3585924073755}}