{"mean":{"confidence_interval":{"confidence_level":0.95,"lower_bound":231196.95280582245,"upper_bound":246381.37854044852},"point_estimate":237900.99461234026,"standard_error":3892.415138090233},"median":{"confidence_interval":{"confidence_level":0.95,"lower_bound":224989.203125,"upper_bound":228910.81313131313},"point_estimate":227108.04194725025,"standard_error":1219.8444767403203},"median_abs_dev":{"confidence_interval":{"confidence_level":0.95,"lower_bound":8318.121960028555,"upper_bound":16950.723823354507},"point_estimate":12901.10118064361,"standard_error":2085.7796513839207},"slope":{"confidence_interval":{"confidence_level":0.95,"lower_bound":229599.6392794031,"upper_bound":236460.2490185297},"point_estimate":232946.52390424118,"standard_error":1750.0252448286335},"std_dev":{"confidence_interval":{"confidence_level":0.95,"lower_bound":19283.96034124748,"upper_bound":57411.24959466775},"point_estimate":39154.326657710226,"standard_error":10055.354870148452}}