{"mean":{"confidence_interval":{"confidence_level":0.95,"lower_bound":167685.66697302318,"upper_bound":170348.97870316758},"point_estimate":168936.50654518648,"standard_error":680.4865505256768},"median":{"confidence_interval":{"confidence_level":0.95,"lower_bound":166129.0962962963,"upper_bound":168193.8514056225},"point_estimate":166920.24495480754,"standard_error":522.6379826999597},"median_abs_dev":{"confidence_interval":{"confidence_level":0.95,"lower_bound":2698.7604755084676,"upper_bound":5219.511591178743},"point_estimate":3822.1989236328054,"standard_error":607.1537644890277},"slope":{"confidence_interval":{"confidence_level":0.95,"lower_bound":169507.10916559512,"upper_bound":172626.8580403626},"point_estimate":171034.2151908773,"standard_error":798.0590245482583},"std_dev":{"confidence_interval":{"confidence_level":0.95,"lower_bound":4531.995345921297,"upper_bound":8935.213798761348},"point_estimate":6802.738311147542,"standard_error":1142.8814159863243}}