{"mean":{"confidence_interval":{"confidence_level":0.95,"lower_bound":197487.919547988,"upper_bound":203302.13414986938},"point_estimate":199914.8293778243,"standard_error":1506.946604368094},"median":{"confidence_interval":{"confidence_level":0.95,"lower_bound":195670.2738486842,"upper_bound":199119.61029411765},"point_estimate":197144.37060117302,"standard_error":901.5877418635695},"median_abs_dev":{"confidence_interval":{"confidence_level":0.95,"lower_bound":4735.207164919553,"upper_bound":7771.438501460295},"point_estimate":6308.509954668226,"standard_error":780.248575796018},"slope":{"confidence_interval":{"confidence_level":0.95,"lower_bound":200231.8498315692,"upper_bound":204551.75255229193},"point_estimate":202227.36838037535,"standard_error":1110.805906712857},"std_dev":{"confidence_interval":{"confidence_level":0.95,"lower_bound":5929.237891304882,"upper_bound":24125.78883797532},"point_estimate":15206.298014331469,"standard_error":5663.27601056221}}