{"mean":{"confidence_interval":{"confidence_level":0.95,"lower_bound":8159139.907875005,"upper_bound":8267771.008208334},"point_estimate":8210825.436666667,"standard_error":27788.79317523641},"median":{"confidence_interval":{"confidence_level":0.95,"lower_bound":8128449.5,"upper_bound":8203992.0},"point_estimate":8165433.25,"standard_error":20207.61085560684},"median_abs_dev":{"confidence_interval":{"confidence_level":0.95,"lower_bound":143183.69860798074,"upper_bound":229175.36193132447},"point_estimate":184524.02207404375,"standard_error":21926.585975717127},"slope":null,"std_dev":{"confidence_interval":{"confidence_level":0.95,"lower_bound":203098.11543867638,"upper_bound":351016.1111767737},"point_estimate":279082.583177494,"standard_error":38007.91697811218}}