{"mean":{"confidence_interval":{"confidence_level":0.95,"lower_bound":8317640.3988214275,"upper_bound":8545717.62725},"point_estimate":8410671.027142856,"standard_error":59593.65998948633},"median":{"confidence_interval":{"confidence_level":0.95,"lower_bound":8261608.0,"upper_bound":8374010.071428571},"point_estimate":8309280.357142857,"standard_error":26099.317326565233},"median_abs_dev":{"confidence_interval":{"confidence_level":0.95,"lower_bound":151566.83070915096,"upper_bound":248755.33878120861},"point_estimate":202876.33289822482,"standard_error":25103.909551111854},"slope":null,"std_dev":{"confidence_interval":{"confidence_level":0.95,"lower_bound":227323.22866908828,"upper_bound":963123.8498453946},"point_estimate":599996.8994375785,"standard_error":239526.2107081059}}