{"mean":{"confidence_interval":{"confidence_level":0.95,"lower_bound":8105491.390892858,"upper_bound":8254251.65317857},"point_estimate":8173110.917142856,"standard_error":38114.59728070812},"median":{"confidence_interval":{"confidence_level":0.95,"lower_bound":8071742.357142856,"upper_bound":8171309.428571429},"point_estimate":8107914.857142856,"standard_error":26544.17093199885},"median_abs_dev":{"confidence_interval":{"confidence_level":0.95,"lower_bound":146791.7441964258,"upper_bound":276681.95988791273},"point_estimate":202285.1991087212,"standard_error":36772.7695705714},"slope":null,"std_dev":{"confidence_interval":{"confidence_level":0.95,"lower_bound":209659.64461336398,"upper_bound":543807.3507776981},"point_estimate":382318.2409542637,"standard_error":89162.68648091817}}