{"mean":{"confidence_interval":{"confidence_level":0.95,"lower_bound":10639296.311449999,"upper_bound":10979677.086700002},"point_estimate":10805996.598,"standard_error":86880.2123610356},"median":{"confidence_interval":{"confidence_level":0.95,"lower_bound":10621900.2,"upper_bound":10922810.0},"point_estimate":10737170.1,"standard_error":75195.23926117133},"median_abs_dev":{"confidence_interval":{"confidence_level":0.95,"lower_bound":524736.0156440729,"upper_bound":985144.764946682},"point_estimate":818483.4001690149,"standard_error":128401.54689256474},"slope":null,"std_dev":{"confidence_interval":{"confidence_level":0.95,"lower_bound":713996.5177168781,"upper_bound":1036150.0037311651},"point_estimate":874336.1136826208,"standard_error":82494.1476585049}}