{"mean":{"confidence_interval":{"confidence_level":0.95,"lower_bound":8356378.239678572,"upper_bound":8540495.228214286},"point_estimate":8437104.118571429,"standard_error":47129.05192674984},"median":{"confidence_interval":{"confidence_level":0.95,"lower_bound":8337101.0,"upper_bound":8461873.285714285},"point_estimate":8382594.142857144,"standard_error":26989.3691690818},"median_abs_dev":{"confidence_interval":{"confidence_level":0.95,"lower_bound":193957.22325657393,"upper_bound":303447.86671272304},"point_estimate":246473.35002422333,"standard_error":27633.00673265943},"slope":null,"std_dev":{"confidence_interval":{"confidence_level":0.95,"lower_bound":247560.87169113342,"upper_bound":715733.3913194535},"point_estimate":472690.9471535379,"standard_error":143850.91670747526}}