{"mean":{"confidence_interval":{"confidence_level":0.95,"lower_bound":9879594.220708331,"upper_bound":9956633.567374999},"point_estimate":9917373.09166667,"standard_error":19606.379073051852},"median":{"confidence_interval":{"confidence_level":0.95,"lower_bound":9879301.083333332,"upper_bound":9949144.083333334},"point_estimate":9917018.333333332,"standard_error":19450.86433045176},"median_abs_dev":{"confidence_interval":{"confidence_level":0.95,"lower_bound":118029.66035455374,"upper_bound":201303.7179261446},"point_estimate":171181.6107109166,"standard_error":21616.825417745367},"slope":null,"std_dev":{"confidence_interval":{"confidence_level":0.95,"lower_bound":148200.21179427294,"upper_bound":243393.67161735392},"point_estimate":195918.27166030207,"standard_error":24546.909909847436}}