{"mean":{"confidence_interval":{"confidence_level":0.95,"lower_bound":7936727.417142857,"upper_bound":7999424.243571431},"point_estimate":7968364.674285713,"standard_error":15885.419801887636},"median":{"confidence_interval":{"confidence_level":0.95,"lower_bound":7937961.0,"upper_bound":7992561.714285715},"point_estimate":7958710.571428572,"standard_error":15655.244744875958},"median_abs_dev":{"confidence_interval":{"confidence_level":0.95,"lower_bound":117878.40250474063,"upper_bound":199094.22301287},"point_estimate":151036.27171857076,"standard_error":20985.754343670465},"slope":null,"std_dev":{"confidence_interval":{"confidence_level":0.95,"lower_bound":133306.91217258494,"upper_bound":181608.87181886265},"point_estimate":158386.24300099927,"standard_error":12331.981950340118}}