{"mean":{"confidence_interval":{"confidence_level":0.95,"lower_bound":8105116.853392855,"upper_bound":8211244.073035711},"point_estimate":8156904.977142859,"standard_error":27016.185761972505},"median":{"confidence_interval":{"confidence_level":0.95,"lower_bound":8059358.0,"upper_bound":8183789.357142857},"point_estimate":8137500.285714285,"standard_error":27761.591803315125},"median_abs_dev":{"confidence_interval":{"confidence_level":0.95,"lower_bound":172216.32164504848,"upper_bound":265976.6349779704},"point_estimate":227235.02686577194,"standard_error":23683.24462296153},"slope":null,"std_dev":{"confidence_interval":{"confidence_level":0.95,"lower_bound":215063.80995062596,"upper_bound":325126.2850577956},"point_estimate":271742.0558883142,"standard_error":28239.52482737297}}