{"mean":{"confidence_interval":{"confidence_level":0.95,"lower_bound":8392422.648999998,"upper_bound":8541960.822291669},"point_estimate":8465197.204999998,"standard_error":38263.950049109946},"median":{"confidence_interval":{"confidence_level":0.95,"lower_bound":8339612.75,"upper_bound":8468072.0},"point_estimate":8390963.0,"standard_error":28494.631383017288},"median_abs_dev":{"confidence_interval":{"confidence_level":0.95,"lower_bound":193060.585622489,"upper_bound":355665.72613567184},"point_estimate":290517.4416422846,"standard_error":41133.72322520471},"slope":null,"std_dev":{"confidence_interval":{"confidence_level":0.95,"lower_bound":309042.8756969096,"upper_bound":456357.9999107052},"point_estimate":384196.0721701086,"standard_error":37777.375242266484}}