{"mean":{"confidence_interval":{"confidence_level":0.95,"lower_bound":8217463.885499998,"upper_bound":8370356.754791668},"point_estimate":8283663.498333342,"standard_error":39298.332735986725},"median":{"confidence_interval":{"confidence_level":0.95,"lower_bound":8169764.416666667,"upper_bound":8287173.333333333},"point_estimate":8235798.25,"standard_error":25478.191061014375},"median_abs_dev":{"confidence_interval":{"confidence_level":0.95,"lower_bound":132743.34078833373,"upper_bound":199188.7890636921},"point_estimate":182583.54580849456,"standard_error":17252.127995089562},"slope":null,"std_dev":{"confidence_interval":{"confidence_level":0.95,"lower_bound":166956.80947324785,"upper_bound":608085.9741506057},"point_estimate":396008.18536835746,"standard_error":122879.28659059874}}