{"mean":{"confidence_interval":{"confidence_level":0.95,"lower_bound":8722574.940083332,"upper_bound":8836139.162875},"point_estimate":8778677.135,"standard_error":28944.829350732765},"median":{"confidence_interval":{"confidence_level":0.95,"lower_bound":8690047.25,"upper_bound":8835256.666666666},"point_estimate":8732605.916666666,"standard_error":40002.04262141843},"median_abs_dev":{"confidence_interval":{"confidence_level":0.95,"lower_bound":219992.3199306076,"upper_bound":361794.30022686766},"point_estimate":272182.86906778906,"standard_error":33837.18921348005},"slope":null,"std_dev":{"confidence_interval":{"confidence_level":0.95,"lower_bound":245720.64081930084,"upper_bound":330439.28082932124},"point_estimate":290062.8053557473,"standard_error":21637.909073872474}}