{"mean":{"confidence_interval":{"confidence_level":0.95,"lower_bound":10518731.158,"upper_bound":10870261.045400005},"point_estimate":10690448.280000001,"standard_error":89509.36013458691},"median":{"confidence_interval":{"confidence_level":0.95,"lower_bound":10287690.2,"upper_bound":10762585.4},"point_estimate":10539298.3,"standard_error":121976.80574060093},"median_abs_dev":{"confidence_interval":{"confidence_level":0.95,"lower_bound":576097.4300122253,"upper_bound":991387.0260393611},"point_estimate":760301.5811419479,"standard_error":103362.40762926285},"slope":null,"std_dev":{"confidence_interval":{"confidence_level":0.95,"lower_bound":745245.7524081584,"upper_bound":1038757.5988763558},"point_estimate":900263.6270847266,"standard_error":75087.97759775829}}