{"mean":{"confidence_interval":{"confidence_level":0.95,"lower_bound":1169251.9886231215,"upper_bound":1210056.959099398},"point_estimate":1187244.188086355,"standard_error":10445.93534054918},"median":{"confidence_interval":{"confidence_level":0.95,"lower_bound":1153676.7959054834,"upper_bound":1182847.2142857143},"point_estimate":1163919.980952381,"standard_error":7715.320268967945},"median_abs_dev":{"confidence_interval":{"confidence_level":0.95,"lower_bound":38220.56210683413,"upper_bound":66470.05150171033},"point_estimate":51558.94116264586,"standard_error":6947.104674671436},"slope":{"confidence_interval":{"confidence_level":0.95,"lower_bound":1174340.8226503779,"upper_bound":1204297.374308016},"point_estimate":1188553.5205083494,"standard_error":7646.291426509908},"std_dev":{"confidence_interval":{"confidence_level":0.95,"lower_bound":49574.66813663991,"upper_bound":154162.63205791006},"point_estimate":105133.74398110852,"standard_error":27994.483901874242}}