{"mean":{"confidence_interval":{"confidence_level":0.95,"lower_bound":1226126.121652521,"upper_bound":1265289.0247091535},"point_estimate":1245779.7752146078,"standard_error":10013.107929663898},"median":{"confidence_interval":{"confidence_level":0.95,"lower_bound":1229720.3333333333,"upper_bound":1266991.5558510637},"point_estimate":1247194.6213768115,"standard_error":8706.244408179418},"median_abs_dev":{"confidence_interval":{"confidence_level":0.95,"lower_bound":68229.44820009825,"upper_bound":112513.9135387104},"point_estimate":93714.81360238335,"standard_error":10959.71896252837},"slope":{"confidence_interval":{"confidence_level":0.95,"lower_bound":1254109.6629523728,"upper_bound":1295226.4983136205},"point_estimate":1274119.482589035,"standard_error":10507.3159814708},"std_dev":{"confidence_interval":{"confidence_level":0.95,"lower_bound":84442.93129372453,"upper_bound":115791.29881568163},"point_estimate":100706.71097069683,"standard_error":8020.500815563093}}