{"mean":{"confidence_interval":{"confidence_level":0.95,"lower_bound":1033292.4915160927,"upper_bound":1107351.3284278226},"point_estimate":1068584.4819935232,"standard_error":18849.86196974278},"median":{"confidence_interval":{"confidence_level":0.95,"lower_bound":1003334.1297010607,"upper_bound":1113697.8831914891},"point_estimate":1085828.8555555556,"standard_error":31665.86525272122},"median_abs_dev":{"confidence_interval":{"confidence_level":0.95,"lower_bound":135304.4102480413,"upper_bound":202864.28607586835},"point_estimate":173348.2294243835,"standard_error":17342.896551273378},"slope":{"confidence_interval":{"confidence_level":0.95,"lower_bound":1072690.088891436,"upper_bound":1111028.5356501495},"point_estimate":1092281.5674922417,"standard_error":9760.460688060262},"std_dev":{"confidence_interval":{"confidence_level":0.95,"lower_bound":139188.7334108365,"upper_bound":240195.39520148866},"point_estimate":188674.91293097008,"standard_error":26426.588237310963}}