{"mean":{"confidence_interval":{"confidence_level":0.95,"lower_bound":1707530.2794519227,"upper_bound":1769251.5787596158},"point_estimate":1737481.7711538458,"standard_error":15760.566813894438},"median":{"confidence_interval":{"confidence_level":0.95,"lower_bound":1674429.5,"upper_bound":1768568.6538461538},"point_estimate":1716585.096153846,"standard_error":21207.5704982691},"median_abs_dev":{"confidence_interval":{"confidence_level":0.95,"lower_bound":116933.42973555512,"upper_bound":173898.91233960018},"point_estimate":140915.45370209665,"standard_error":14268.036663182533},"slope":null,"std_dev":{"confidence_interval":{"confidence_level":0.95,"lower_bound":123885.3000715709,"upper_bound":191177.53184475753},"point_estimate":158362.58829670836,"standard_error":17283.893092549402}}