{"mean":{"confidence_interval":{"confidence_level":0.95,"lower_bound":2036982.4588863635,"upper_bound":2134969.6766931806},"point_estimate":2084790.9713636362,"standard_error":24983.670315981064},"median":{"confidence_interval":{"confidence_level":0.95,"lower_bound":1978424.5909090908,"upper_bound":2077852.6363636365},"point_estimate":2039634.1363636362,"standard_error":24165.0883993339},"median_abs_dev":{"confidence_interval":{"confidence_level":0.95,"lower_bound":169020.60724632998,"upper_bound":293186.4360858093},"point_estimate":236601.22223130686,"standard_error":30245.518320545867},"slope":null,"std_dev":{"confidence_interval":{"confidence_level":0.95,"lower_bound":210663.88526998222,"upper_bound":285193.810212834},"point_estimate":250665.1871258464,"standard_error":18942.189932212386}}