{"mean":{"confidence_interval":{"confidence_level":0.95,"lower_bound":1239347.2905437152,"upper_bound":1291934.0315187513},"point_estimate":1265564.5899478914,"standard_error":13423.688284892476},"median":{"confidence_interval":{"confidence_level":0.95,"lower_bound":1216246.8871124033,"upper_bound":1281703.987012987},"point_estimate":1255476.5017857142,"standard_error":18786.941122217144},"median_abs_dev":{"confidence_interval":{"confidence_level":0.95,"lower_bound":98043.79093523679,"upper_bound":172889.1027285594},"point_estimate":139238.757426405,"standard_error":19315.748510861784},"slope":{"confidence_interval":{"confidence_level":0.95,"lower_bound":1283991.9332628967,"upper_bound":1345341.1988937363},"point_estimate":1314619.0613270283,"standard_error":15627.983868998674},"std_dev":{"confidence_interval":{"confidence_level":0.95,"lower_bound":117212.29528269214,"upper_bound":149706.6773764237},"point_estimate":134534.10366082384,"standard_error":8303.559218659384}}