{"mean":{"confidence_interval":{"confidence_level":0.95,"lower_bound":1429165.8722404179,"upper_bound":1488775.5006116207},"point_estimate":1458482.8007381356,"standard_error":15227.80757647782},"median":{"confidence_interval":{"confidence_level":0.95,"lower_bound":1408113.809090909,"upper_bound":1482611.214977169},"point_estimate":1438737.5571428572,"standard_error":17907.08023499255},"median_abs_dev":{"confidence_interval":{"confidence_level":0.95,"lower_bound":103337.18084594749,"upper_bound":170801.0875037856},"point_estimate":139912.45687849642,"standard_error":17354.585500830493},"slope":{"confidence_interval":{"confidence_level":0.95,"lower_bound":1452948.4037055098,"upper_bound":1531525.9807392335},"point_estimate":1492504.61282991,"standard_error":20063.68623538464},"std_dev":{"confidence_interval":{"confidence_level":0.95,"lower_bound":124222.46541030917,"upper_bound":180931.5419317284},"point_estimate":152834.7443893877,"standard_error":14506.433437643713}}