{"mean":{"confidence_interval":{"confidence_level":0.95,"lower_bound":955081.7486061736,"upper_bound":1008252.520755439},"point_estimate":980711.3709890561,"standard_error":13580.998796606757},"median":{"confidence_interval":{"confidence_level":0.95,"lower_bound":916619.4107142857,"upper_bound":961552.3670886076},"point_estimate":940588.8887221268,"standard_error":11362.075194917556},"median_abs_dev":{"confidence_interval":{"confidence_level":0.95,"lower_bound":64465.48546400243,"upper_bound":120237.68373977653},"point_estimate":86174.83563060385,"standard_error":13552.459530106826},"slope":{"confidence_interval":{"confidence_level":0.95,"lower_bound":987882.1451777354,"upper_bound":1042917.2984689866},"point_estimate":1015096.8031298951,"standard_error":14041.815649128052},"std_dev":{"confidence_interval":{"confidence_level":0.95,"lower_bound":107959.12614500079,"upper_bound":160683.15261094726},"point_estimate":136136.15943170467,"standard_error":13474.706036843208}}