{"mean":{"confidence_interval":{"confidence_level":0.95,"lower_bound":2262087.5723181823,"upper_bound":2363886.314454546},"point_estimate":2311432.02409091,"standard_error":25966.403150354552},"median":{"confidence_interval":{"confidence_level":0.95,"lower_bound":2223805.090909091,"upper_bound":2320405.727272727},"point_estimate":2273698.590909091,"standard_error":20804.1689877052},"median_abs_dev":{"confidence_interval":{"confidence_level":0.95,"lower_bound":139213.6440648273,"upper_bound":253246.54061306614},"point_estimate":197281.4241975546,"standard_error":28415.712035754572},"slope":null,"std_dev":{"confidence_interval":{"confidence_level":0.95,"lower_bound":206985.52420811896,"upper_bound":308333.6304439486},"point_estimate":260501.07332367936,"standard_error":25965.40754215863}}