{"mean":{"confidence_interval":{"confidence_level":0.95,"lower_bound":2320921.6189750005,"upper_bound":2415559.5072249994},"point_estimate":2367766.1324999994,"standard_error":24073.629301931014},"median":{"confidence_interval":{"confidence_level":0.95,"lower_bound":2271064.35,"upper_bound":2452450.5},"point_estimate":2359018.5,"standard_error":41553.12401380689},"median_abs_dev":{"confidence_interval":{"confidence_level":0.95,"lower_bound":224407.7034209666,"upper_bound":323345.9733344616},"point_estimate":286956.8171904979,"standard_error":24976.415332588687},"slope":null,"std_dev":{"confidence_interval":{"confidence_level":0.95,"lower_bound":213915.93892134618,"upper_bound":266142.24834027037},"point_estimate":241548.3378653385,"standard_error":13365.698234671816}}