{"mean":{"confidence_interval":{"confidence_level":0.95,"lower_bound":1211538.821316723,"upper_bound":1293586.9358336776},"point_estimate":1251661.1591304364,"standard_error":20919.08591960103},"median":{"confidence_interval":{"confidence_level":0.95,"lower_bound":1166310.2777777778,"upper_bound":1269240.2576744186},"point_estimate":1231122.2053571427,"standard_error":29170.081418240414},"median_abs_dev":{"confidence_interval":{"confidence_level":0.95,"lower_bound":148835.89100369145,"upper_bound":244865.89867311012},"point_estimate":207322.49136928987,"standard_error":26330.52423421644},"slope":{"confidence_interval":{"confidence_level":0.95,"lower_bound":1214180.5865776418,"upper_bound":1284883.1418978213},"point_estimate":1248032.151845722,"standard_error":18001.429612485743},"std_dev":{"confidence_interval":{"confidence_level":0.95,"lower_bound":175547.338648834,"upper_bound":239050.70762010638},"point_estimate":209349.74508529468,"standard_error":16230.74954296109}}