{"mean":{"confidence_interval":{"confidence_level":0.95,"lower_bound":548.4727659353566,"upper_bound":551.8091803469713},"point_estimate":550.248449407688,"standard_error":0.8512201314330043},"median":{"confidence_interval":{"confidence_level":0.95,"lower_bound":549.6791443850267,"upper_bound":551.9646664129348},"point_estimate":551.4369001310522,"standard_error":0.6569275226594559},"median_abs_dev":{"confidence_interval":{"confidence_level":0.95,"lower_bound":3.7381492723145513,"upper_bound":6.9522660774486384},"point_estimate":5.10251490649171,"standard_error":0.8296488718393135},"slope":{"confidence_interval":{"confidence_level":0.95,"lower_bound":551.041230998168,"upper_bound":552.6590223195811},"point_estimate":551.8272812901403,"standard_error":0.4111904506586564},"std_dev":{"confidence_interval":{"confidence_level":0.95,"lower_bound":5.512875957227834,"upper_bound":12.060080938476974},"point_estimate":8.550671584417524,"standard_error":1.8650185176104597}}