{"mean":{"confidence_interval":{"confidence_level":0.95,"lower_bound":24676.96151496883,"upper_bound":27332.698075791977},"point_estimate":25952.804370952003,"standard_error":679.2316695164137},"median":{"confidence_interval":{"confidence_level":0.95,"lower_bound":22357.97694317877,"upper_bound":22793.987745964416},"point_estimate":22523.954385649507,"standard_error":119.14154005212822},"median_abs_dev":{"confidence_interval":{"confidence_level":0.95,"lower_bound":632.4042739601125,"upper_bound":1211.799130286073},"point_estimate":863.7321057333199,"standard_error":151.9778874935095},"slope":{"confidence_interval":{"confidence_level":0.95,"lower_bound":22294.69031553513,"upper_bound":22669.222120024893},"point_estimate":22465.084689832653,"standard_error":95.28700662937008},"std_dev":{"confidence_interval":{"confidence_level":0.95,"lower_bound":5425.262058465344,"upper_bound":8211.591595648724},"point_estimate":6847.927340399842,"standard_error":711.6263483968268}}