{"mean":{"confidence_interval":{"confidence_level":0.95,"lower_bound":517.2025648564774,"upper_bound":520.6115257744848},"point_estimate":519.0229443187777,"standard_error":0.8660507291719138},"median":{"confidence_interval":{"confidence_level":0.95,"lower_bound":518.0180970720392,"upper_bound":520.8985900867157},"point_estimate":519.8907882814859,"standard_error":0.7980224798486738},"median_abs_dev":{"confidence_interval":{"confidence_level":0.95,"lower_bound":3.620862517411955,"upper_bound":5.888117175406272},"point_estimate":4.904751198687885,"standard_error":0.5715047009517967},"slope":{"confidence_interval":{"confidence_level":0.95,"lower_bound":519.2546233902654,"upper_bound":520.7753152688275},"point_estimate":520.0386842974475,"standard_error":0.3882628876991798},"std_dev":{"confidence_interval":{"confidence_level":0.95,"lower_bound":4.815569441039914,"upper_bound":12.828433371131476},"point_estimate":8.715570214159689,"standard_error":2.209855567819303}}