{"mean":{"confidence_interval":{"confidence_level":0.95,"lower_bound":627.9074633554354,"upper_bound":634.5688401213107},"point_estimate":631.4116529874117,"standard_error":1.7005527969751262},"median":{"confidence_interval":{"confidence_level":0.95,"lower_bound":630.2924663947034,"upper_bound":636.1710292249047},"point_estimate":632.4005118978118,"standard_error":1.5208124208116465},"median_abs_dev":{"confidence_interval":{"confidence_level":0.95,"lower_bound":8.733660534273119,"upper_bound":13.866913800249453},"point_estimate":11.346992431666152,"standard_error":1.277325827193603},"slope":{"confidence_interval":{"confidence_level":0.95,"lower_bound":629.45472316535,"upper_bound":635.3721357341364},"point_estimate":632.5202667346899,"standard_error":1.5072811284001053},"std_dev":{"confidence_interval":{"confidence_level":0.95,"lower_bound":11.675370787941945,"upper_bound":22.870834223906535},"point_estimate":17.123297703264445,"standard_error":2.9821118536751183}}