{"mean":{"confidence_interval":{"confidence_level":0.95,"lower_bound":929760.0304470392,"upper_bound":938575.2024160476},"point_estimate":933428.9102105742,"standard_error":2317.8388038953162},"median":{"confidence_interval":{"confidence_level":0.95,"lower_bound":928745.578488372,"upper_bound":930976.0684931506},"point_estimate":929832.1357323232,"standard_error":553.6799272430395},"median_abs_dev":{"confidence_interval":{"confidence_level":0.95,"lower_bound":3007.9811281523116,"upper_bound":5083.719996412565},"point_estimate":3970.181345804776,"standard_error":534.1249654599355},"slope":{"confidence_interval":{"confidence_level":0.95,"lower_bound":930010.3320944256,"upper_bound":944293.5112459913},"point_estimate":934974.7809088222,"standard_error":4077.112436427534},"std_dev":{"confidence_interval":{"confidence_level":0.95,"lower_bound":4408.925085809264,"upper_bound":36174.275278711946},"point_estimate":23323.495989459974,"standard_error":8589.926321747213}}