{"mean":{"confidence_interval":{"confidence_level":0.95,"lower_bound":902481.023983236,"upper_bound":913731.5865510196},"point_estimate":907082.1061854501,"standard_error":2965.6920696590755},"median":{"confidence_interval":{"confidence_level":0.95,"lower_bound":901128.9876126125,"upper_bound":902396.5357142857},"point_estimate":901663.9210626185,"standard_error":323.86454917262273},"median_abs_dev":{"confidence_interval":{"confidence_level":0.95,"lower_bound":2166.6318506649804,"upper_bound":3556.4247022454333},"point_estimate":2955.2643964717518,"standard_error":368.9473866663926},"slope":{"confidence_interval":{"confidence_level":0.95,"lower_bound":900756.876760998,"upper_bound":921522.1936392612},"point_estimate":907588.8506649919,"standard_error":6048.073361131698},"std_dev":{"confidence_interval":{"confidence_level":0.95,"lower_bound":4294.866699257606,"upper_bound":46994.74430868461},"point_estimate":29831.012238253723,"standard_error":11593.610398748842}}