{"mean":{"confidence_interval":{"confidence_level":0.95,"lower_bound":914591.1356887638,"upper_bound":943991.3892382956},"point_estimate":927454.9360330898,"standard_error":7557.005323477001},"median":{"confidence_interval":{"confidence_level":0.95,"lower_bound":914048.7315922688,"upper_bound":916527.7815934066},"point_estimate":915586.6184640523,"standard_error":602.0538625779053},"median_abs_dev":{"confidence_interval":{"confidence_level":0.95,"lower_bound":5239.915131522559,"upper_bound":18782.070368840716},"point_estimate":9156.022040144106,"standard_error":3721.3636528622587},"slope":{"confidence_interval":{"confidence_level":0.95,"lower_bound":902662.2708555405,"upper_bound":909619.6165464978},"point_estimate":905811.4485384957,"standard_error":1784.6909209913947},"std_dev":{"confidence_interval":{"confidence_level":0.95,"lower_bound":15817.336985386652,"upper_bound":111722.16210740908},"point_estimate":76138.2744016764,"standard_error":22966.73787577372}}