{"mean":{"confidence_interval":{"confidence_level":0.95,"lower_bound":8201083.181916665,"upper_bound":8386671.076958334},"point_estimate":8281827.131666669,"standard_error":47889.705261238305},"median":{"confidence_interval":{"confidence_level":0.95,"lower_bound":8140350.583333333,"upper_bound":8226565.5},"point_estimate":8168211.083333334,"standard_error":22604.981635603788},"median_abs_dev":{"confidence_interval":{"confidence_level":0.95,"lower_bound":130683.83336614902,"upper_bound":202640.0995661684},"point_estimate":171302.68970876816,"standard_error":17728.2796546141},"slope":null,"std_dev":{"confidence_interval":{"confidence_level":0.95,"lower_bound":174260.68421948008,"upper_bound":723430.6100970545},"point_estimate":485568.16980323836,"standard_error":147591.97008116424}}