{"mean":{"confidence_interval":{"confidence_level":0.95,"lower_bound":36837106.029375,"upper_bound":37623060.968125},"point_estimate":37189649.17,"standard_error":202426.8786572371},"median":{"confidence_interval":{"confidence_level":0.95,"lower_bound":36746646.5,"upper_bound":37056623.0},"point_estimate":36908310.25,"standard_error":71671.04634061317},"median_abs_dev":{"confidence_interval":{"confidence_level":0.95,"lower_bound":638305.2492678165,"upper_bound":1164162.499674484},"point_estimate":936117.7005305886,"standard_error":140235.9322867679},"slope":null,"std_dev":{"confidence_interval":{"confidence_level":0.95,"lower_bound":936276.2550029908,"upper_bound":2955189.777298901},"point_estimate":2030425.0338591784,"standard_error":528696.9414707249}}