{"mean":{"confidence_interval":{"confidence_level":0.95,"lower_bound":32995949.82,"upper_bound":33623027.103125006},"point_estimate":33281376.52,"standard_error":160079.16616893298},"median":{"confidence_interval":{"confidence_level":0.95,"lower_bound":32731753.0,"upper_bound":33305009.75},"point_estimate":33134807.75,"standard_error":153392.24079619625},"median_abs_dev":{"confidence_interval":{"confidence_level":0.95,"lower_bound":771628.7932008505,"upper_bound":1274717.9596692324},"point_estimate":1015445.3240722418,"standard_error":130360.48282841095},"slope":null,"std_dev":{"confidence_interval":{"confidence_level":0.95,"lower_bound":963397.0633576416,"upper_bound":2298238.621419879},"point_estimate":1609356.953715732,"standard_error":377530.0800068098}}