{"mean":{"confidence_interval":{"confidence_level":0.95,"lower_bound":44779571.920499995,"upper_bound":49173363.08725},"point_estimate":46856344.52,"standard_error":1120405.043953874},"median":{"confidence_interval":{"confidence_level":0.95,"lower_bound":41317609.0,"upper_bound":43366308.0},"point_estimate":42185859.0,"standard_error":503029.1046325773},"median_abs_dev":{"confidence_interval":{"confidence_level":0.95,"lower_bound":2811370.9523706893,"upper_bound":5879103.41822505},"point_estimate":3993087.991708517,"standard_error":736061.9745690881},"slope":null,"std_dev":{"confidence_interval":{"confidence_level":0.95,"lower_bound":8268473.773858046,"upper_bound":13974796.80200085},"point_estimate":11259756.277455803,"standard_error":1459904.4603795998}}