{"mean":{"confidence_interval":{"confidence_level":0.95,"lower_bound":35962531.300500005,"upper_bound":36665192.704875},"point_estimate":36245028.495,"standard_error":183985.67846162914},"median":{"confidence_interval":{"confidence_level":0.95,"lower_bound":35801244.5,"upper_bound":36107098.25},"point_estimate":35965271.5,"standard_error":79401.83024814264},"median_abs_dev":{"confidence_interval":{"confidence_level":0.95,"lower_bound":474733.70067179203,"upper_bound":868961.4814728498},"point_estimate":685448.5925808549,"standard_error":104640.98824039438},"slope":null,"std_dev":{"confidence_interval":{"confidence_level":0.95,"lower_bound":677552.8139412343,"upper_bound":2978555.463944524},"point_estimate":1844764.726410756,"standard_error":756992.0203754741}}