{"mean":{"confidence_interval":{"confidence_level":0.95,"lower_bound":40134323.202750005,"upper_bound":41779232.224249996},"point_estimate":40943799.885,"standard_error":419434.99931968737},"median":{"confidence_interval":{"confidence_level":0.95,"lower_bound":38482817.0,"upper_bound":40721132.5},"point_estimate":39160421.25,"standard_error":529042.1179839551},"median_abs_dev":{"confidence_interval":{"confidence_level":0.95,"lower_bound":2330145.2985316515,"upper_bound":5226460.685911775},"point_estimate":3487321.620337665,"standard_error":706007.701804174},"slope":null,"std_dev":{"confidence_interval":{"confidence_level":0.95,"lower_bound":3682234.8761930484,"upper_bound":4686820.534099169},"point_estimate":4216305.237304504,"standard_error":256758.49927505862}}