{"mean":{"confidence_interval":{"confidence_level":0.95,"lower_bound":36635125.163624994,"upper_bound":36937113.830125004},"point_estimate":36784566.795,"standard_error":76696.4102290686},"median":{"confidence_interval":{"confidence_level":0.95,"lower_bound":36582189.5,"upper_bound":36908566.75},"point_estimate":36753065.5,"standard_error":74914.45301244553},"median_abs_dev":{"confidence_interval":{"confidence_level":0.95,"lower_bound":476918.68238300085,"upper_bound":829186.6600289941},"point_estimate":605163.9507561922,"standard_error":92650.1930758582},"slope":null,"std_dev":{"confidence_interval":{"confidence_level":0.95,"lower_bound":624236.4830714557,"upper_bound":898472.9159897403},"point_estimate":768201.4827317001,"standard_error":70368.76816427684}}