{"mean":{"confidence_interval":{"confidence_level":0.95,"lower_bound":34646623.741124995,"upper_bound":35313137.309},"point_estimate":34916899.39,"standard_error":174991.3351057862},"median":{"confidence_interval":{"confidence_level":0.95,"lower_bound":34593338.0,"upper_bound":35056496.0},"point_estimate":34793716.25,"standard_error":115502.31333132186},"median_abs_dev":{"confidence_interval":{"confidence_level":0.95,"lower_bound":616587.0129033923,"upper_bound":955181.3416421413},"point_estimate":801507.2598204017,"standard_error":82415.97789720626},"slope":null,"std_dev":{"confidence_interval":{"confidence_level":0.95,"lower_bound":667742.5307640334,"upper_bound":2849039.4272606163},"point_estimate":1761951.5326718518,"standard_error":724784.4009667736}}