{"mean":{"confidence_interval":{"confidence_level":0.95,"lower_bound":38763473.759,"upper_bound":40277805.687},"point_estimate":39492792.345,"standard_error":385663.642376664},"median":{"confidence_interval":{"confidence_level":0.95,"lower_bound":37667333.04375,"upper_bound":38629492.0},"point_estimate":38083879.0,"standard_error":263880.9992626473},"median_abs_dev":{"confidence_interval":{"confidence_level":0.95,"lower_bound":1514823.5428065062,"upper_bound":2779698.150600493},"point_estimate":2119895.5723643303,"standard_error":340571.3978472856},"slope":null,"std_dev":{"confidence_interval":{"confidence_level":0.95,"lower_bound":3081761.4097073684,"upper_bound":4553286.964080573},"point_estimate":3876440.2452127626,"standard_error":375367.8821978182}}