{"mean":{"confidence_interval":{"confidence_level":0.95,"lower_bound":35330205.062,"upper_bound":35881994.84375},"point_estimate":35569818.13,"standard_error":141877.81070473584},"median":{"confidence_interval":{"confidence_level":0.95,"lower_bound":35265244.5,"upper_bound":35644747.0},"point_estimate":35459921.0,"standard_error":106603.50075411708},"median_abs_dev":{"confidence_interval":{"confidence_level":0.95,"lower_bound":556232.6011411478,"upper_bound":879113.584792614},"point_estimate":718547.266343236,"standard_error":81442.56026050546},"slope":null,"std_dev":{"confidence_interval":{"confidence_level":0.95,"lower_bound":636882.7554465447,"upper_bound":2177362.8637545183},"point_estimate":1416587.1138342803,"standard_error":435263.6422658731}}