{"mean":{"confidence_interval":{"confidence_level":0.95,"lower_bound":31495172.783749998,"upper_bound":32095367.8745},"point_estimate":31745056.425,"standard_error":156150.21712032857},"median":{"confidence_interval":{"confidence_level":0.95,"lower_bound":31436952.0,"upper_bound":31773507.75},"point_estimate":31592179.5,"standard_error":112596.53783643714},"median_abs_dev":{"confidence_interval":{"confidence_level":0.95,"lower_bound":576704.5639676974,"upper_bound":966931.7155322805},"point_estimate":802437.591303885,"standard_error":101082.77026282904},"slope":null,"std_dev":{"confidence_interval":{"confidence_level":0.95,"lower_bound":672577.8090320409,"upper_bound":2498335.851075334},"point_estimate":1570361.045373032,"standard_error":599157.9606281337}}