{"mean":{"confidence_interval":{"confidence_level":0.95,"lower_bound":37947571.548,"upper_bound":38893229.00625},"point_estimate":38354648.35,"standard_error":243969.53141361882},"median":{"confidence_interval":{"confidence_level":0.95,"lower_bound":37715028.75,"upper_bound":38102808.0},"point_estimate":37934581.0,"standard_error":107194.94601137943},"median_abs_dev":{"confidence_interval":{"confidence_level":0.95,"lower_bound":651793.2025283575,"upper_bound":1088570.861274004},"point_estimate":875963.059848547,"standard_error":115078.39021595789},"slope":null,"std_dev":{"confidence_interval":{"confidence_level":0.95,"lower_bound":874020.3208105571,"upper_bound":3762607.489603129},"point_estimate":2458716.928282279,"standard_error":781400.8993544956}}