{"mean":{"confidence_interval":{"confidence_level":0.95,"lower_bound":36832589.915375,"upper_bound":37999184.562875},"point_estimate":37331618.2,"standard_error":301212.75614947936},"median":{"confidence_interval":{"confidence_level":0.95,"lower_bound":36355413.75,"upper_bound":36845170.25},"point_estimate":36605667.0,"standard_error":129258.412683159},"median_abs_dev":{"confidence_interval":{"confidence_level":0.95,"lower_bound":578850.7664233446,"upper_bound":1028232.0075452328},"point_estimate":843794.7175696492,"standard_error":111556.57453386743},"slope":null,"std_dev":{"confidence_interval":{"confidence_level":0.95,"lower_bound":1210897.4123461451,"upper_bound":4707226.456523151},"point_estimate":3035827.8626537183,"standard_error":992634.6103214703}}