{"mean":{"confidence_interval":{"confidence_level":0.95,"lower_bound":31777695.94375,"upper_bound":32602836.69975},"point_estimate":32090698.245,"standard_error":222969.77036671518},"median":{"confidence_interval":{"confidence_level":0.95,"lower_bound":31770999.5,"upper_bound":32044826.75},"point_estimate":31951623.5,"standard_error":70524.27158245312},"median_abs_dev":{"confidence_interval":{"confidence_level":0.95,"lower_bound":424205.21096885204,"upper_bound":849189.8988738656},"point_estimate":588594.0428003669,"standard_error":107688.36994578253},"slope":null,"std_dev":{"confidence_interval":{"confidence_level":0.95,"lower_bound":581281.1646926178,"upper_bound":3757967.848479427},"point_estimate":2245611.3801693707,"standard_error":1091715.4212207547}}