{"mean":{"confidence_interval":{"confidence_level":0.95,"lower_bound":31714130.496,"upper_bound":32236168.72675},"point_estimate":31935455.37,"standard_error":135112.41687420616},"median":{"confidence_interval":{"confidence_level":0.95,"lower_bound":31666553.0,"upper_bound":31937079.0},"point_estimate":31814554.25,"standard_error":70805.02079951086},"median_abs_dev":{"confidence_interval":{"confidence_level":0.95,"lower_bound":539516.6570879148,"upper_bound":834003.9979934684},"point_estimate":675361.7236599326,"standard_error":73382.03261472854},"slope":null,"std_dev":{"confidence_interval":{"confidence_level":0.95,"lower_bound":613734.5491797667,"upper_bound":2123550.6786434855},"point_estimate":1354304.887493746,"standard_error":482558.9141754269}}