{"mean":{"confidence_interval":{"confidence_level":0.95,"lower_bound":34323056.604,"upper_bound":35486676.677},"point_estimate":34898945.315,"standard_error":296245.59461648104},"median":{"confidence_interval":{"confidence_level":0.95,"lower_bound":33521688.5,"upper_bound":35781917.5},"point_estimate":34218780.25,"standard_error":632481.8419192835},"median_abs_dev":{"confidence_interval":{"confidence_level":0.95,"lower_bound":2501948.223649042,"upper_bound":4051053.5735294223},"point_estimate":3439525.1917362213,"standard_error":387289.97310664144},"slope":null,"std_dev":{"confidence_interval":{"confidence_level":0.95,"lower_bound":2623639.1114653912,"upper_bound":3290386.3458923525},"point_estimate":2973310.3526281295,"standard_error":169382.33070945405}}