{"mean":{"confidence_interval":{"confidence_level":0.95,"lower_bound":36688713.235375,"upper_bound":37841045.89825},"point_estimate":37196591.175,"standard_error":296605.63913776836},"median":{"confidence_interval":{"confidence_level":0.95,"lower_bound":36480463.0,"upper_bound":36771564.75},"point_estimate":36590913.75,"standard_error":77046.01876275301},"median_abs_dev":{"confidence_interval":{"confidence_level":0.95,"lower_bound":815472.2396224737,"upper_bound":1395357.1195274591},"point_estimate":1105804.603368044,"standard_error":154170.4902145378},"slope":null,"std_dev":{"confidence_interval":{"confidence_level":0.95,"lower_bound":1226326.3280794243,"upper_bound":4418116.437549368},"point_estimate":2997165.9546645335,"standard_error":835070.7788047271}}