{"mean":{"confidence_interval":{"confidence_level":0.95,"lower_bound":22124217.259916667,"upper_bound":22379670.46666666},"point_estimate":22244512.50333334,"standard_error":64747.32895835164},"median":{"confidence_interval":{"confidence_level":0.95,"lower_bound":22206353.333333332,"upper_bound":22300054.0},"point_estimate":22255903.5,"standard_error":24438.89623747143},"median_abs_dev":{"confidence_interval":{"confidence_level":0.95,"lower_bound":157403.68560552414,"upper_bound":313720.7428028415},"point_estimate":239960.2883398533,"standard_error":39706.71024724726},"slope":null,"std_dev":{"confidence_interval":{"confidence_level":0.95,"lower_bound":323365.865512737,"upper_bound":958232.4610873734},"point_estimate":648166.7704656763,"standard_error":168261.89720866847}}