{"mean":{"confidence_interval":{"confidence_level":0.95,"lower_bound":17158405.724749997,"upper_bound":17425592.06616666},"point_estimate":17262630.966666672,"standard_error":71383.36413479836},"median":{"confidence_interval":{"confidence_level":0.95,"lower_bound":17124755.333333332,"upper_bound":17238821.0},"point_estimate":17191738.333333332,"standard_error":27487.85130882405},"median_abs_dev":{"confidence_interval":{"confidence_level":0.95,"lower_bound":200272.81674444582,"upper_bound":333507.8988790512},"point_estimate":268669.60133016016,"standard_error":33791.103045277094},"slope":null,"std_dev":{"confidence_interval":{"confidence_level":0.95,"lower_bound":225577.93561394783,"upper_bound":1186738.8192835045},"point_estimate":718373.4714602377,"standard_error":327344.2333770881}}