{"mean":{"confidence_interval":{"confidence_level":0.95,"lower_bound":20194212.912000004,"upper_bound":20347482.437499996},"point_estimate":20271363.299999997,"standard_error":39150.51046287006},"median":{"confidence_interval":{"confidence_level":0.95,"lower_bound":20184914.333333332,"upper_bound":20324532.333333332},"point_estimate":20250531.666666668,"standard_error":38466.50368465828},"median_abs_dev":{"confidence_interval":{"confidence_level":0.95,"lower_bound":252143.30652355964,"upper_bound":436950.8758425722},"point_estimate":332006.7664057044,"standard_error":45915.8895592042},"slope":null,"std_dev":{"confidence_interval":{"confidence_level":0.95,"lower_bound":308194.6367163834,"upper_bound":479744.0412744602},"point_estimate":392787.74364801653,"standard_error":44372.41229110781}}