{"mean":{"confidence_interval":{"confidence_level":0.95,"lower_bound":16792425.499250002,"upper_bound":17047418.925666668},"point_estimate":16901348.72666666,"standard_error":66082.18667131987},"median":{"confidence_interval":{"confidence_level":0.95,"lower_bound":16744656.5,"upper_bound":16818641.333333332},"point_estimate":16775473.833333332,"standard_error":19444.05037880174},"median_abs_dev":{"confidence_interval":{"confidence_level":0.95,"lower_bound":107366.92489385743,"upper_bound":199833.4729522462},"point_estimate":139268.0285274996,"standard_error":23025.54811298872},"slope":null,"std_dev":{"confidence_interval":{"confidence_level":0.95,"lower_bound":246215.24032331447,"upper_bound":1028412.271038497},"point_estimate":664813.581949621,"standard_error":217909.65670456795}}