{"mean":{"confidence_interval":{"confidence_level":0.95,"lower_bound":16763346.504083326,"upper_bound":17450487.315416664},"point_estimate":17106286.523333326,"standard_error":174933.11964610717},"median":{"confidence_interval":{"confidence_level":0.95,"lower_bound":16585595.0,"upper_bound":18000339.333333332},"point_estimate":17556469.333333336,"standard_error":387935.4924513038},"median_abs_dev":{"confidence_interval":{"confidence_level":0.95,"lower_bound":1311171.880722044,"upper_bound":2477938.0298078055},"point_estimate":1967128.9652764793,"standard_error":315487.8706006138},"slope":null,"std_dev":{"confidence_interval":{"confidence_level":0.95,"lower_bound":1568962.2220469485,"upper_bound":1932312.0287724403},"point_estimate":1759258.9591096083,"standard_error":92614.73224879884}}