{"mean":{"confidence_interval":{"confidence_level":0.95,"lower_bound":15298881.726416662,"upper_bound":16040570.459749991},"point_estimate":15665435.773333333,"standard_error":190130.3239869641},"median":{"confidence_interval":{"confidence_level":0.95,"lower_bound":14206917.833333332,"upper_bound":15413948.5},"point_estimate":14435870.5,"standard_error":310941.2506798158},"median_abs_dev":{"confidence_interval":{"confidence_level":0.95,"lower_bound":403642.784833909,"upper_bound":2144852.9190212474},"point_estimate":798883.6756169787,"standard_error":436631.50933146285},"slope":null,"std_dev":{"confidence_interval":{"confidence_level":0.95,"lower_bound":1747762.817982365,"upper_bound":2028148.6525456933},"point_estimate":1914252.9804809443,"standard_error":71706.19531715554}}