{"mean":{"confidence_interval":{"confidence_level":0.95,"lower_bound":26450674.57925,"upper_bound":27097581.35225},"point_estimate":26765869.87,"standard_error":165239.327805804},"median":{"confidence_interval":{"confidence_level":0.95,"lower_bound":26173253.5,"upper_bound":26865820.5},"point_estimate":26515762.0,"standard_error":159305.8000834011},"median_abs_dev":{"confidence_interval":{"confidence_level":0.95,"lower_bound":982873.9091917502,"upper_bound":1791915.1768371463},"point_estimate":1291969.4929629564,"standard_error":199803.798467944},"slope":null,"std_dev":{"confidence_interval":{"confidence_level":0.95,"lower_bound":1383258.092617113,"upper_bound":1896976.08767564},"point_estimate":1659581.5618048934,"standard_error":131379.47171658938}}