{"mean":{"confidence_interval":{"confidence_level":0.95,"lower_bound":16634932.289083328,"upper_bound":16886993.55508333},"point_estimate":16755441.356666666,"standard_error":64273.65702135469},"median":{"confidence_interval":{"confidence_level":0.95,"lower_bound":16508157.166666666,"upper_bound":16823405.5},"point_estimate":16645790.0,"standard_error":80579.82559351975},"median_abs_dev":{"confidence_interval":{"confidence_level":0.95,"lower_bound":374428.6465525646,"upper_bound":587500.9959697723},"point_estimate":491009.6831828356,"standard_error":56161.77985278173},"slope":null,"std_dev":{"confidence_interval":{"confidence_level":0.95,"lower_bound":483819.5237192065,"upper_bound":812620.7841581128},"point_estimate":647540.0131194268,"standard_error":84959.08415792759}}