{"mean":{"confidence_interval":{"confidence_level":0.95,"lower_bound":14699500.1701875,"upper_bound":15387468.06975},"point_estimate":15041730.5625,"standard_error":176237.53508099742},"median":{"confidence_interval":{"confidence_level":0.95,"lower_bound":13482189.0,"upper_bound":16734297.875},"point_estimate":14535046.0,"standard_error":1006393.5212159542},"median_abs_dev":{"confidence_interval":{"confidence_level":0.95,"lower_bound":520240.2582470148,"upper_bound":2707504.798132181},"point_estimate":2113367.4993552268,"standard_error":789047.1328085803},"slope":null,"std_dev":{"confidence_interval":{"confidence_level":0.95,"lower_bound":1688713.4978398194,"upper_bound":1820857.7473759395},"point_estimate":1768908.3605120666,"standard_error":33586.129474883084}}