{"mean":{"confidence_interval":{"confidence_level":0.95,"lower_bound":20098831.292083334,"upper_bound":20470260.823750008},"point_estimate":20280029.066666666,"standard_error":94855.42356915458},"median":{"confidence_interval":{"confidence_level":0.95,"lower_bound":19925417.333333332,"upper_bound":20446084.333333332},"point_estimate":20135284.166666664,"standard_error":127700.89760225419},"median_abs_dev":{"confidence_interval":{"confidence_level":0.95,"lower_bound":711376.9186705314,"upper_bound":1068733.179426195},"point_estimate":934507.9676091671,"standard_error":93217.4690448647},"slope":null,"std_dev":{"confidence_interval":{"confidence_level":0.95,"lower_bound":770129.0890873832,"upper_bound":1120207.354184602},"point_estimate":954382.5703378756,"standard_error":89695.09190169313}}