{"mean":{"confidence_interval":{"confidence_level":0.95,"lower_bound":17177733.102,"upper_bound":17313884.658416666},"point_estimate":17246364.413333334,"standard_error":34791.89086396844},"median":{"confidence_interval":{"confidence_level":0.95,"lower_bound":17192036.666666668,"upper_bound":17332236.333333332},"point_estimate":17268002.833333336,"standard_error":35009.222028755394},"median_abs_dev":{"confidence_interval":{"confidence_level":0.95,"lower_bound":194935.82748919827,"upper_bound":355254.42819297407},"point_estimate":260640.08697271164,"standard_error":40403.22237808729},"slope":null,"std_dev":{"confidence_interval":{"confidence_level":0.95,"lower_bound":287792.1393152071,"upper_bound":410088.598764824},"point_estimate":351035.970980839,"standard_error":31270.68255124429}}