{"mean":{"confidence_interval":{"confidence_level":0.95,"lower_bound":13017887.8824375,"upper_bound":13211030.954750001},"point_estimate":13107511.3625,"standard_error":49434.58324972006},"median":{"confidence_interval":{"confidence_level":0.95,"lower_bound":12953820.625,"upper_bound":13112360.5},"point_estimate":13039953.75,"standard_error":39412.1789954844},"median_abs_dev":{"confidence_interval":{"confidence_level":0.95,"lower_bound":247951.13154798746,"upper_bound":384659.4512209296},"point_estimate":328315.6484462321,"standard_error":34748.119471336395},"slope":null,"std_dev":{"confidence_interval":{"confidence_level":0.95,"lower_bound":313794.37974928785,"upper_bound":695038.2168127393},"point_estimate":499894.2885821081,"standard_error":102719.35668596758}}