{"mean":{"confidence_interval":{"confidence_level":0.95,"lower_bound":5198490.344522728,"upper_bound":5338818.284431817},"point_estimate":5260428.475454545,"standard_error":35874.07039063704},"median":{"confidence_interval":{"confidence_level":0.95,"lower_bound":5172752.545454545,"upper_bound":5258981.818181818},"point_estimate":5223570.045454545,"standard_error":22489.47721166731},"median_abs_dev":{"confidence_interval":{"confidence_level":0.95,"lower_bound":164992.21632534845,"upper_bound":262878.1839511613},"point_estimate":196587.43262805804,"standard_error":24998.207934964732},"slope":null,"std_dev":{"confidence_interval":{"confidence_level":0.95,"lower_bound":200406.75686818006,"upper_bound":534861.2263469619},"point_estimate":359657.7014153621,"standard_error":102159.52403353868}}