{"mean":{"confidence_interval":{"confidence_level":0.95,"lower_bound":519.645129047685,"upper_bound":525.2913351753479},"point_estimate":522.7170748297339,"standard_error":1.4494221371035443},"median":{"confidence_interval":{"confidence_level":0.95,"lower_bound":523.1066276908641,"upper_bound":526.4427517485867},"point_estimate":524.6313050965474,"standard_error":0.9581635397265145},"median_abs_dev":{"confidence_interval":{"confidence_level":0.95,"lower_bound":4.219422939978567,"upper_bound":6.910283947533435},"point_estimate":5.458614118946485,"standard_error":0.6859955779671549},"slope":{"confidence_interval":{"confidence_level":0.95,"lower_bound":515.5649909617017,"upper_bound":525.4100956280531},"point_estimate":520.9013790150542,"standard_error":2.517583783878439},"std_dev":{"confidence_interval":{"confidence_level":0.95,"lower_bound":7.920158530049443,"upper_bound":20.379712482709316},"point_estimate":14.537403454542835,"standard_error":3.239910610910108}}