{"mean":{"confidence_interval":{"confidence_level":0.95,"lower_bound":493.1843118751481,"upper_bound":500.3685480331428},"point_estimate":496.9423462459402,"standard_error":1.836777350075824},"median":{"confidence_interval":{"confidence_level":0.95,"lower_bound":498.564169479929,"upper_bound":502.66291121181604},"point_estimate":501.07715180505966,"standard_error":1.0980155996925658},"median_abs_dev":{"confidence_interval":{"confidence_level":0.95,"lower_bound":5.71988972478847,"upper_bound":8.92837721837778},"point_estimate":7.23147196152466,"standard_error":0.7982543531788862},"slope":{"confidence_interval":{"confidence_level":0.95,"lower_bound":483.7127125388242,"upper_bound":498.7352384390763},"point_estimate":491.2026209951112,"standard_error":3.8344677438616044},"std_dev":{"confidence_interval":{"confidence_level":0.95,"lower_bound":13.279157295557185,"upper_bound":22.885713799941016},"point_estimate":18.509488785612863,"standard_error":2.44928570281892}}