{"mean":{"confidence_interval":{"confidence_level":0.95,"lower_bound":515.517900292967,"upper_bound":519.3808292632827},"point_estimate":517.4259557140464,"standard_error":0.9812176459256503},"median":{"confidence_interval":{"confidence_level":0.95,"lower_bound":515.0201877873848,"upper_bound":518.4405903800076},"point_estimate":516.8674923400963,"standard_error":0.8319529206765119},"median_abs_dev":{"confidence_interval":{"confidence_level":0.95,"lower_bound":5.484486781093779,"upper_bound":8.848169528322957},"point_estimate":7.633444473728933,"standard_error":0.8658468915016704},"slope":{"confidence_interval":{"confidence_level":0.95,"lower_bound":516.2287215152126,"upper_bound":518.1404904912423},"point_estimate":517.1896317865267,"standard_error":0.4867864110447714},"std_dev":{"confidence_interval":{"confidence_level":0.95,"lower_bound":7.498436579478272,"upper_bound":12.108250007712563},"point_estimate":9.902190927239376,"standard_error":1.1751271696849441}}