{"mean":{"confidence_interval":{"confidence_level":0.95,"lower_bound":547.3085413540584,"upper_bound":552.6748056194556},"point_estimate":550.0683153356272,"standard_error":1.3613672016225098},"median":{"confidence_interval":{"confidence_level":0.95,"lower_bound":549.3685610704433,"upper_bound":554.1872761952187},"point_estimate":551.8804851243085,"standard_error":1.3993799314826707},"median_abs_dev":{"confidence_interval":{"confidence_level":0.95,"lower_bound":7.810358308280091,"upper_bound":14.086291695535575},"point_estimate":10.7710095912505,"standard_error":1.574374114991845},"slope":{"confidence_interval":{"confidence_level":0.95,"lower_bound":553.8361833324401,"upper_bound":556.595950067296},"point_estimate":555.2767396730943,"standard_error":0.7058224194974202},"std_dev":{"confidence_interval":{"confidence_level":0.95,"lower_bound":9.409359314432473,"upper_bound":18.36899041461056},"point_estimate":13.711885329513352,"standard_error":2.3917486771687324}}