{"mean":{"confidence_interval":{"confidence_level":0.95,"lower_bound":21635.15774265444,"upper_bound":22090.613864090898},"point_estimate":21829.30834578655,"standard_error":118.21401158553753},"median":{"confidence_interval":{"confidence_level":0.95,"lower_bound":21542.814218993255,"upper_bound":21784.979737207923},"point_estimate":21673.703691323015,"standard_error":51.15713240807622},"median_abs_dev":{"confidence_interval":{"confidence_level":0.95,"lower_bound":365.60006213130885,"upper_bound":577.2842715230163},"point_estimate":504.6388141097428,"standard_error":56.30617788390423},"slope":{"confidence_interval":{"confidence_level":0.95,"lower_bound":21602.356078773464,"upper_bound":22082.413524138425},"point_estimate":21789.582137532267,"standard_error":126.90867039651874},"std_dev":{"confidence_interval":{"confidence_level":0.95,"lower_bound":405.68284695642154,"upper_bound":1842.3468688597593},"point_estimate":1187.3198885828522,"standard_error":393.7465985624937}}