{"mean":{"confidence_interval":{"confidence_level":0.95,"lower_bound":25722.954527781698,"upper_bound":26723.27739822716},"point_estimate":26179.138042031325,"standard_error":256.273687984274},"median":{"confidence_interval":{"confidence_level":0.95,"lower_bound":25083.034188034188,"upper_bound":25957.912416643187},"point_estimate":25414.779991867585,"standard_error":217.08040925565368},"median_abs_dev":{"confidence_interval":{"confidence_level":0.95,"lower_bound":972.7976886998179,"upper_bound":1606.6657153453086},"point_estimate":1226.807923823823,"standard_error":161.95614504918572},"slope":{"confidence_interval":{"confidence_level":0.95,"lower_bound":25142.04725942987,"upper_bound":25714.516531893358},"point_estimate":25411.661867812498,"standard_error":146.33675821525472},"std_dev":{"confidence_interval":{"confidence_level":0.95,"lower_bound":1513.1370030965847,"upper_bound":3630.131389453562},"point_estimate":2576.395115147414,"standard_error":563.7220761783195}}