{"mean":{"confidence_interval":{"confidence_level":0.95,"lower_bound":1177297.5157830399,"upper_bound":1209757.8830413949},"point_estimate":1192647.288296688,"standard_error":8318.539897822131},"median":{"confidence_interval":{"confidence_level":0.95,"lower_bound":1170449.6236559139,"upper_bound":1195403.935483871},"point_estimate":1181921.1979510905,"standard_error":5902.383683223811},"median_abs_dev":{"confidence_interval":{"confidence_level":0.95,"lower_bound":35120.61440375714,"upper_bound":71038.6347395599},"point_estimate":48473.30589978607,"standard_error":9852.617218246067},"slope":{"confidence_interval":{"confidence_level":0.95,"lower_bound":1164076.5493832661,"upper_bound":1210333.4741339684},"point_estimate":1185326.57553421,"standard_error":11820.411481231908},"std_dev":{"confidence_interval":{"confidence_level":0.95,"lower_bound":58456.64937470152,"upper_bound":108868.10456763659},"point_estimate":83755.43902144828,"standard_error":13096.986285085311}}