{"mean":{"confidence_interval":{"confidence_level":0.95,"lower_bound":935352.574624536,"upper_bound":946731.0112075201},"point_estimate":940414.5635021179,"standard_error":2915.698437597147},"median":{"confidence_interval":{"confidence_level":0.95,"lower_bound":931442.7034883721,"upper_bound":939534.2821969697},"point_estimate":936062.9768170426,"standard_error":1901.280123829313},"median_abs_dev":{"confidence_interval":{"confidence_level":0.95,"lower_bound":13792.92800626292,"upper_bound":22539.398306422085},"point_estimate":18258.347928157284,"standard_error":2200.325052990648},"slope":{"confidence_interval":{"confidence_level":0.95,"lower_bound":932766.6408886636,"upper_bound":947424.3878505204},"point_estimate":938790.7968627161,"standard_error":3808.3884618320967},"std_dev":{"confidence_interval":{"confidence_level":0.95,"lower_bound":16588.91622299904,"upper_bound":43235.48630398125},"point_estimate":29320.83098851339,"standard_error":8108.1275541628265}}