{"mean":{"confidence_interval":{"confidence_level":0.95,"lower_bound":5123275.599925,"upper_bound":5471976.244099999},"point_estimate":5297419.816,"standard_error":89123.01425678519},"median":{"confidence_interval":{"confidence_level":0.95,"lower_bound":4729969.85,"upper_bound":5921317.4},"point_estimate":5663595.800000001,"standard_error":364727.9693134987},"median_abs_dev":{"confidence_interval":{"confidence_level":0.95,"lower_bound":732742.7163112159,"upper_bound":1390667.4667792167},"point_estimate":1293437.2669368968,"standard_error":174528.2403099392},"slope":null,"std_dev":{"confidence_interval":{"confidence_level":0.95,"lower_bound":839728.0200781657,"upper_bound":945195.8094695687},"point_estimate":898151.4758438636,"standard_error":26986.144216304223}}