{"mean":{"confidence_interval":{"confidence_level":0.95,"lower_bound":4731207.491849999,"upper_bound":5226701.474899999},"point_estimate":4967982.068,"standard_error":127045.31428852487},"median":{"confidence_interval":{"confidence_level":0.95,"lower_bound":4198775.0,"upper_bound":4467815.300000001},"point_estimate":4236262.199999999,"standard_error":84122.55040241832},"median_abs_dev":{"confidence_interval":{"confidence_level":0.95,"lower_bound":195156.59712702798,"upper_bound":642987.1517246967},"point_estimate":284948.1536811582,"standard_error":136001.5229846399},"slope":null,"std_dev":{"confidence_interval":{"confidence_level":0.95,"lower_bound":954564.509972899,"upper_bound":1561071.41697561},"point_estimate":1274985.9548678137,"standard_error":155414.01312856912}}