{"mean":{"confidence_interval":{"confidence_level":0.95,"lower_bound":5799818.380055556,"upper_bound":5990690.231722221},"point_estimate":5889500.6,"standard_error":48727.296130973205},"median":{"confidence_interval":{"confidence_level":0.95,"lower_bound":5728065.222222222,"upper_bound":5968274.0},"point_estimate":5830345.888888888,"standard_error":60207.03489555877},"median_abs_dev":{"confidence_interval":{"confidence_level":0.95,"lower_bound":317747.6140588524,"upper_bound":481275.50832231855},"point_estimate":378679.3430437655,"standard_error":40632.86910950542},"slope":null,"std_dev":{"confidence_interval":{"confidence_level":0.95,"lower_bound":336225.4496764879,"upper_bound":674995.1811731247},"point_estimate":489917.315997721,"standard_error":99109.71880126045}}