{"mean":{"confidence_interval":{"confidence_level":0.95,"lower_bound":686.2834461107248,"upper_bound":693.8153521410331},"point_estimate":690.1439317829899,"standard_error":1.9046738341434304},"median":{"confidence_interval":{"confidence_level":0.95,"lower_bound":688.8081398601398,"upper_bound":693.9082781920597},"point_estimate":691.4408027410179,"standard_error":1.078166859789386},"median_abs_dev":{"confidence_interval":{"confidence_level":0.95,"lower_bound":7.172212426075246,"upper_bound":12.187484503338922},"point_estimate":10.18575020722568,"standard_error":1.273214387606274},"slope":{"confidence_interval":{"confidence_level":0.95,"lower_bound":683.0462110403045,"upper_bound":698.2513777715998},"point_estimate":690.5928074892449,"standard_error":3.8263458475572},"std_dev":{"confidence_interval":{"confidence_level":0.95,"lower_bound":11.534983131156565,"upper_bound":25.697603677398217},"point_estimate":19.192418987369727,"standard_error":3.5540191267117778}}