{"mean":{"confidence_interval":{"confidence_level":0.95,"lower_bound":596.524649525133,"upper_bound":603.3348610462275},"point_estimate":599.9480147108173,"standard_error":1.7367485510194869},"median":{"confidence_interval":{"confidence_level":0.95,"lower_bound":596.2559327577185,"upper_bound":601.3842905110762},"point_estimate":597.3919936419936,"standard_error":1.297531116600863},"median_abs_dev":{"confidence_interval":{"confidence_level":0.95,"lower_bound":6.299000038999938,"upper_bound":9.787846351686222},"point_estimate":7.897209171244635,"standard_error":0.8515135959688521},"slope":{"confidence_interval":{"confidence_level":0.95,"lower_bound":593.5518453296149,"upper_bound":604.0076895953106},"point_estimate":598.9138751154105,"standard_error":2.646818500528762},"std_dev":{"confidence_interval":{"confidence_level":0.95,"lower_bound":11.723017353817838,"upper_bound":22.58409765237799},"point_estimate":17.496587156628884,"standard_error":2.778155244644192}}