{"mean":{"confidence_interval":{"confidence_level":0.95,"lower_bound":24512.10150907242,"upper_bound":25791.983629677063},"point_estimate":25195.176072884933,"standard_error":326.19420178985445},"median":{"confidence_interval":{"confidence_level":0.95,"lower_bound":25079.09298245614,"upper_bound":26190.512920321635},"point_estimate":25683.88305921053,"standard_error":296.66153179737694},"median_abs_dev":{"confidence_interval":{"confidence_level":0.95,"lower_bound":1690.4059657731098,"upper_bound":2756.3131816733962},"point_estimate":2286.3354003158806,"standard_error":282.46473519650516},"slope":{"confidence_interval":{"confidence_level":0.95,"lower_bound":24633.33542206024,"upper_bound":26077.354096512772},"point_estimate":25415.9371406905,"standard_error":368.0605454783572},"std_dev":{"confidence_interval":{"confidence_level":0.95,"lower_bound":2077.3835459933134,"upper_bound":4531.504474861717},"point_estimate":3273.429366154352,"standard_error":658.3074579758362}}