{"mean":{"confidence_interval":{"confidence_level":0.95,"lower_bound":27535.177497168053,"upper_bound":29162.309158490283},"point_estimate":28281.845299973273,"standard_error":417.43091012010507},"median":{"confidence_interval":{"confidence_level":0.95,"lower_bound":26761.16841841842,"upper_bound":27538.56108108108},"point_estimate":27090.91529563327,"standard_error":206.8349334599917},"median_abs_dev":{"confidence_interval":{"confidence_level":0.95,"lower_bound":1090.9832701702098,"upper_bound":1880.100516460957},"point_estimate":1448.2994376451336,"standard_error":201.1183096152726},"slope":{"confidence_interval":{"confidence_level":0.95,"lower_bound":27476.931360067814,"upper_bound":29550.413776909452},"point_estimate":28396.15126755838,"standard_error":531.6153817683177},"std_dev":{"confidence_interval":{"confidence_level":0.95,"lower_bound":2395.512802775167,"upper_bound":5600.108981686562},"point_estimate":4184.553169006437,"standard_error":807.5020645230296}}