{"mean":{"confidence_interval":{"confidence_level":0.95,"lower_bound":675.2193561969837,"upper_bound":691.3488049007416},"point_estimate":682.8641130609706,"standard_error":4.0993622846442905},"median":{"confidence_interval":{"confidence_level":0.95,"lower_bound":672.8769889085239,"upper_bound":689.9893433527636},"point_estimate":683.7453164904795,"standard_error":4.833115382472887},"median_abs_dev":{"confidence_interval":{"confidence_level":0.95,"lower_bound":26.400830865173347,"upper_bound":43.49081667747851},"point_estimate":34.16527915734633,"standard_error":4.145642017291028},"slope":{"confidence_interval":{"confidence_level":0.95,"lower_bound":677.0080437616447,"upper_bound":693.1929308556774},"point_estimate":684.95677692881,"standard_error":4.13488078792026},"std_dev":{"confidence_interval":{"confidence_level":0.95,"lower_bound":29.600189100458884,"upper_bound":54.85851936305244},"point_estimate":41.184100616651804,"standard_error":6.958219589483878}}