{"mean":{"confidence_interval":{"confidence_level":0.95,"lower_bound":22677.415073483895,"upper_bound":23072.73538019634},"point_estimate":22855.36052531431,"standard_error":100.68976033902213},"median":{"confidence_interval":{"confidence_level":0.95,"lower_bound":22694.676207513417,"upper_bound":22951.516795865635},"point_estimate":22787.061024150265,"standard_error":61.84607245716361},"median_abs_dev":{"confidence_interval":{"confidence_level":0.95,"lower_bound":362.92328827222155,"upper_bound":563.3956982969371},"point_estimate":438.19756838322826,"standard_error":51.088916366490174},"slope":{"confidence_interval":{"confidence_level":0.95,"lower_bound":22753.550754535172,"upper_bound":22970.397911891454},"point_estimate":22857.528922369504,"standard_error":55.0817014731682},"std_dev":{"confidence_interval":{"confidence_level":0.95,"lower_bound":523.9234117867909,"upper_bound":1514.234986621667},"point_estimate":1007.2341635542273,"standard_error":289.73882938345815}}