{"mean":{"confidence_interval":{"confidence_level":0.95,"lower_bound":597.4002068821064,"upper_bound":601.1142854725709},"point_estimate":599.3946662476541,"standard_error":0.9451846255366114},"median":{"confidence_interval":{"confidence_level":0.95,"lower_bound":598.0010174546867,"upper_bound":600.5868569209862},"point_estimate":599.1714444233513,"standard_error":0.5976299640935867},"median_abs_dev":{"confidence_interval":{"confidence_level":0.95,"lower_bound":3.927464598985841,"upper_bound":6.17957257547018},"point_estimate":5.046457797800635,"standard_error":0.5694716136289717},"slope":{"confidence_interval":{"confidence_level":0.95,"lower_bound":598.8597374415709,"upper_bound":600.7264497139912},"point_estimate":599.7770534125362,"standard_error":0.4763840020549136},"std_dev":{"confidence_interval":{"confidence_level":0.95,"lower_bound":5.377747998837365,"upper_bound":13.894091479563325},"point_estimate":9.486788281581925,"standard_error":2.3737770298618024}}