{"mean":{"confidence_interval":{"confidence_level":0.95,"lower_bound":537.3348475843034,"upper_bound":541.299236856423},"point_estimate":539.401376260281,"standard_error":1.007026880681293},"median":{"confidence_interval":{"confidence_level":0.95,"lower_bound":537.4940989383074,"upper_bound":540.8317477598915},"point_estimate":539.2711665156237,"standard_error":0.8506761453980217},"median_abs_dev":{"confidence_interval":{"confidence_level":0.95,"lower_bound":4.062967535767997,"upper_bound":7.078864923946081},"point_estimate":5.3143494641101965,"standard_error":0.764918607016799},"slope":{"confidence_interval":{"confidence_level":0.95,"lower_bound":537.9869873041108,"upper_bound":540.7793303316599},"point_estimate":539.3476929725326,"standard_error":0.7083796084263831},"std_dev":{"confidence_interval":{"confidence_level":0.95,"lower_bound":6.842445392830508,"upper_bound":13.699646490156981},"point_estimate":10.083656943380193,"standard_error":1.8443346576350481}}