{"mean":{"confidence_interval":{"confidence_level":0.95,"lower_bound":116580.32941492644,"upper_bound":121561.73469277506},"point_estimate":118936.11332865279,"standard_error":1269.2477291373912},"median":{"confidence_interval":{"confidence_level":0.95,"lower_bound":115390.13524904214,"upper_bound":117457.9248366013},"point_estimate":115786.23372467267,"standard_error":623.6395263080084},"median_abs_dev":{"confidence_interval":{"confidence_level":0.95,"lower_bound":2646.4306571831403,"upper_bound":4790.6316192085515},"point_estimate":3468.7760315589962,"standard_error":502.7451204331598},"slope":{"confidence_interval":{"confidence_level":0.95,"lower_bound":115566.17352817845,"upper_bound":117450.79327091783},"point_estimate":116466.9143359112,"standard_error":482.349122021504},"std_dev":{"confidence_interval":{"confidence_level":0.95,"lower_bound":7592.87948329304,"upper_bound":17142.891128255123},"point_estimate":12729.400133815825,"standard_error":2443.5384907028047}}