{"mean":{"confidence_interval":{"confidence_level":0.95,"lower_bound":4894550.190833334,"upper_bound":4971784.944166664},"point_estimate":4932379.712222224,"standard_error":19716.51081557912},"median":{"confidence_interval":{"confidence_level":0.95,"lower_bound":4871420.888888889,"upper_bound":4949925.0},"point_estimate":4901328.0,"standard_error":20469.410414596412},"median_abs_dev":{"confidence_interval":{"confidence_level":0.95,"lower_bound":135805.00445564557,"upper_bound":218951.38957783557},"point_estimate":180861.8765890603,"standard_error":21722.815363985064},"slope":null,"std_dev":{"confidence_interval":{"confidence_level":0.95,"lower_bound":164149.35558159743,"upper_bound":230624.21158709464},"point_estimate":198723.33628789854,"standard_error":17035.549186971843}}