{"mean":{"confidence_interval":{"confidence_level":0.95,"lower_bound":5930001.04365625,"upper_bound":6362228.96825},"point_estimate":6127892.31125,"standard_error":110483.23776580977},"median":{"confidence_interval":{"confidence_level":0.95,"lower_bound":5731912.8125,"upper_bound":5871147.375},"point_estimate":5823162.25,"standard_error":38486.75078050807},"median_abs_dev":{"confidence_interval":{"confidence_level":0.95,"lower_bound":237305.0444494933,"upper_bound":571796.9263985753},"point_estimate":390308.99108313024,"standard_error":84786.99328019013},"slope":null,"std_dev":{"confidence_interval":{"confidence_level":0.95,"lower_bound":634606.8767936594,"upper_bound":1489511.768761509},"point_estimate":1112768.076267418,"standard_error":216108.23413223054}}