{"mean":{"confidence_interval":{"confidence_level":0.95,"lower_bound":4864932.02415,"upper_bound":5122776.563200001},"point_estimate":4992311.139000001,"standard_error":65500.04283860501},"median":{"confidence_interval":{"confidence_level":0.95,"lower_bound":4577445.4,"upper_bound":5061408.6},"point_estimate":4832147.4,"standard_error":111782.00487169999},"median_abs_dev":{"confidence_interval":{"confidence_level":0.95,"lower_bound":450633.74157965224,"upper_bound":938897.0565712444},"point_estimate":675498.5676375036,"standard_error":121545.5441271453},"slope":null,"std_dev":{"confidence_interval":{"confidence_level":0.95,"lower_bound":590546.180462983,"upper_bound":711622.9098976416},"point_estimate":657277.7244804577,"standard_error":30954.982363485884}}