{"mean":{"confidence_interval":{"confidence_level":0.95,"lower_bound":5023723.7973500015,"upper_bound":5107760.5020499965},"point_estimate":5062578.798999999,"standard_error":21477.05254355644},"median":{"confidence_interval":{"confidence_level":0.95,"lower_bound":5000134.4,"upper_bound":5081609.8},"point_estimate":5037651.95,"standard_error":18898.958127537207},"median_abs_dev":{"confidence_interval":{"confidence_level":0.95,"lower_bound":119327.49995501313,"upper_bound":181615.53157567978},"point_estimate":147127.88402795777,"standard_error":16035.403562547259},"slope":null,"std_dev":{"confidence_interval":{"confidence_level":0.95,"lower_bound":135613.55256817027,"upper_bound":303236.57591085363},"point_estimate":215781.55965086276,"standard_error":46971.7482343151}}