{"mean":{"confidence_interval":{"confidence_level":0.95,"lower_bound":5296887.301111111,"upper_bound":5451141.653916665},"point_estimate":5372048.978888887,"standard_error":39388.78090073182},"median":{"confidence_interval":{"confidence_level":0.95,"lower_bound":5274277.111111111,"upper_bound":5375835.333333333},"point_estimate":5344273.388888889,"standard_error":27263.008879160352},"median_abs_dev":{"confidence_interval":{"confidence_level":0.95,"lower_bound":196342.44421422458,"upper_bound":426991.6752527161},"point_estimate":302342.7413990102,"standard_error":58883.456859923484},"slope":null,"std_dev":{"confidence_interval":{"confidence_level":0.95,"lower_bound":320058.76547078625,"upper_bound":465713.15992307867},"point_estimate":396211.43777736695,"standard_error":37292.72460382241}}