{"mean":{"confidence_interval":{"confidence_level":0.95,"lower_bound":4797728.934274999,"upper_bound":5398678.631125},"point_estimate":5030180.16,"standard_error":161101.6912647493},"median":{"confidence_interval":{"confidence_level":0.95,"lower_bound":4591980.1,"upper_bound":4739901.1},"point_estimate":4687890.699999999,"standard_error":38242.135663882065},"median_abs_dev":{"confidence_interval":{"confidence_level":0.95,"lower_bound":236832.00239539146,"upper_bound":544006.7370537004},"point_estimate":391045.75060755014,"standard_error":83429.0343821164},"slope":null,"std_dev":{"confidence_interval":{"confidence_level":0.95,"lower_bound":491924.8943145051,"upper_bound":2681920.086095211},"point_estimate":1623586.558489898,"standard_error":747961.1055437181}}