{"mean":{"confidence_interval":{"confidence_level":0.95,"lower_bound":4931484.696500001,"upper_bound":5100554.4963},"point_estimate":5014019.740000001,"standard_error":43209.365674831606},"median":{"confidence_interval":{"confidence_level":0.95,"lower_bound":4831828.3,"upper_bound":5068674.25},"point_estimate":4977543.9,"standard_error":55108.13188050497},"median_abs_dev":{"confidence_interval":{"confidence_level":0.95,"lower_bound":311021.0085582744,"upper_bound":491646.904651521},"point_estimate":406663.9035102722,"standard_error":46337.32890572067},"slope":null,"std_dev":{"confidence_interval":{"confidence_level":0.95,"lower_bound":356220.1123800719,"upper_bound":500144.42542001914},"point_estimate":433137.6420798859,"standard_error":36943.406262854194}}