{"mean":{"confidence_interval":{"confidence_level":0.95,"lower_bound":4884489.113424998,"upper_bound":5170145.235799999},"point_estimate":5024241.603999999,"standard_error":72859.55444379133},"median":{"confidence_interval":{"confidence_level":0.95,"lower_bound":4751109.4,"upper_bound":4906738.25},"point_estimate":4801543.95,"standard_error":38447.8589895587},"median_abs_dev":{"confidence_interval":{"confidence_level":0.95,"lower_bound":267443.46829517983,"upper_bound":497371.0785963985},"point_estimate":341410.1567387581,"standard_error":60378.391101341294},"slope":null,"std_dev":{"confidence_interval":{"confidence_level":0.95,"lower_bound":624603.8604245041,"upper_bound":819728.2925833351},"point_estimate":731932.0106566671,"standard_error":49888.69498506244}}