{"mean":{"confidence_interval":{"confidence_level":0.95,"lower_bound":6444579.624625,"upper_bound":6700904.3635625},"point_estimate":6569492.20625,"standard_error":65357.949226415},"median":{"confidence_interval":{"confidence_level":0.95,"lower_bound":6288307.5625,"upper_bound":6611274.625},"point_estimate":6439369.125,"standard_error":82244.62442200913},"median_abs_dev":{"confidence_interval":{"confidence_level":0.95,"lower_bound":474661.14593558013,"upper_bound":819020.6573344767},"point_estimate":601728.3959671855,"standard_error":85356.1373329062},"slope":null,"std_dev":{"confidence_interval":{"confidence_level":0.95,"lower_bound":556216.8726832215,"upper_bound":742214.82428715},"point_estimate":656169.8977816174,"standard_error":47566.50442955812}}