{"mean":{"confidence_interval":{"confidence_level":0.95,"lower_bound":4845837.81435,"upper_bound":5221398.310149999},"point_estimate":5031653.733000001,"standard_error":96234.40664405416},"median":{"confidence_interval":{"confidence_level":0.95,"lower_bound":4198403.2,"upper_bound":5796536.3},"point_estimate":4348794.7,"standard_error":561206.4640043726},"median_abs_dev":{"confidence_interval":{"confidence_level":0.95,"lower_bound":247047.09397503748,"upper_bound":1495322.0528577259},"point_estimate":549418.784785867,"standard_error":408870.2306386959},"slope":null,"std_dev":{"confidence_interval":{"confidence_level":0.95,"lower_bound":915157.7522199907,"upper_bound":1003279.862485758},"point_estimate":966513.314808662,"standard_error":22449.163048567458}}