{"mean":{"confidence_interval":{"confidence_level":0.95,"lower_bound":6706100.383,"upper_bound":6983780.448607141},"point_estimate":6841640.424285713,"standard_error":71160.03851102221},"median":{"confidence_interval":{"confidence_level":0.95,"lower_bound":6558929.571428572,"upper_bound":6894397.785714285},"point_estimate":6691990.857142857,"standard_error":88731.19450968734},"median_abs_dev":{"confidence_interval":{"confidence_level":0.95,"lower_bound":562987.0526049817,"upper_bound":914429.2220656367},"point_estimate":776159.4069204162,"standard_error":89673.7120898878},"slope":null,"std_dev":{"confidence_interval":{"confidence_level":0.95,"lower_bound":606742.0068289777,"upper_bound":825888.9110184114},"point_estimate":716294.7196690708,"standard_error":56187.197717276795}}