{"mean":{"confidence_interval":{"confidence_level":0.95,"lower_bound":5175815.870000002,"upper_bound":5531381.13425},"point_estimate":5354356.3319999995,"standard_error":90775.15499131745},"median":{"confidence_interval":{"confidence_level":0.95,"lower_bound":4734640.0,"upper_bound":5858784.3},"point_estimate":5665821.85,"standard_error":355925.48071842},"median_abs_dev":{"confidence_interval":{"confidence_level":0.95,"lower_bound":796729.6555352212,"upper_bound":1415900.9143227348},"point_estimate":1262435.0636672978,"standard_error":164258.70147852896},"slope":null,"std_dev":{"confidence_interval":{"confidence_level":0.95,"lower_bound":846370.2390672446,"upper_bound":962066.2324284556},"point_estimate":910100.1575808827,"standard_error":29558.615809462466}}