{"mean":{"confidence_interval":{"confidence_level":0.95,"lower_bound":5286070.569666666,"upper_bound":5425990.703416664},"point_estimate":5353726.305555555,"standard_error":35720.77887557268},"median":{"confidence_interval":{"confidence_level":0.95,"lower_bound":5205296.055555556,"upper_bound":5341555.333333333},"point_estimate":5264146.222222222,"standard_error":36363.576298888176},"median_abs_dev":{"confidence_interval":{"confidence_level":0.95,"lower_bound":214006.05793396616,"upper_bound":342132.51239260007},"point_estimate":266302.3010055225,"standard_error":32436.06782321226},"slope":null,"std_dev":{"confidence_interval":{"confidence_level":0.95,"lower_bound":286076.7996166304,"upper_bound":422224.01342147094},"point_estimate":359972.79722552677,"standard_error":34799.11362570334}}