{"mean":{"confidence_interval":{"confidence_level":0.95,"lower_bound":5503847.281527778,"upper_bound":5730523.614694443},"point_estimate":5616574.252222221,"standard_error":58033.094473897334},"median":{"confidence_interval":{"confidence_level":0.95,"lower_bound":5243623.222222222,"upper_bound":5823399.555555556},"point_estimate":5517482.055555556,"standard_error":163760.55388063192},"median_abs_dev":{"confidence_interval":{"confidence_level":0.95,"lower_bound":460028.0386328702,"upper_bound":879988.8129770751},"point_estimate":720701.4017383258,"standard_error":109626.08336871242},"slope":null,"std_dev":{"confidence_interval":{"confidence_level":0.95,"lower_bound":532226.9237447619,"upper_bound":624585.7523132798},"point_estimate":582931.9404807829,"standard_error":23549.810454462993}}