{"mean":{"confidence_interval":{"confidence_level":0.95,"lower_bound":6788585.73360714,"upper_bound":7056732.267892857},"point_estimate":6919443.741428575,"standard_error":68385.50974447266},"median":{"confidence_interval":{"confidence_level":0.95,"lower_bound":6568970.571428572,"upper_bound":6946251.428571428},"point_estimate":6761011.214285715,"standard_error":114676.17756825426},"median_abs_dev":{"confidence_interval":{"confidence_level":0.95,"lower_bound":484244.26180294616,"upper_bound":848238.2285407613},"point_estimate":633279.4471570422,"standard_error":100770.94520935003},"slope":null,"std_dev":{"confidence_interval":{"confidence_level":0.95,"lower_bound":580342.6311549408,"upper_bound":778424.2695499621},"point_estimate":686616.4069928403,"standard_error":50600.275009915225}}