{"mean":{"confidence_interval":{"confidence_level":0.95,"lower_bound":4836320.669375001,"upper_bound":5204001.756524998},"point_estimate":5020725.760000001,"standard_error":94045.78044173389},"median":{"confidence_interval":{"confidence_level":0.95,"lower_bound":4272854.25,"upper_bound":5602268.3},"point_estimate":4727457.25,"standard_error":345903.82736622344},"median_abs_dev":{"confidence_interval":{"confidence_level":0.95,"lower_bound":466710.9074342247,"upper_bound":1469555.76259017},"point_estimate":1119118.4993916748,"standard_error":298248.72382399766},"slope":null,"std_dev":{"confidence_interval":{"confidence_level":0.95,"lower_bound":880644.489121589,"upper_bound":994935.7684525648},"point_estimate":945263.9539725741,"standard_error":29081.152991558574}}