{"mean":{"confidence_interval":{"confidence_level":0.95,"lower_bound":4919314.545275003,"upper_bound":5283472.624125002},"point_estimate":5097292.355,"standard_error":92884.5996522566},"median":{"confidence_interval":{"confidence_level":0.95,"lower_bound":4822380.95,"upper_bound":4856124.699999999},"point_estimate":4846590.6,"standard_error":8859.85499363049},"median_abs_dev":{"confidence_interval":{"confidence_level":0.95,"lower_bound":70785.99444329877,"upper_bound":287853.4269375792},"point_estimate":129236.97949558483,"standard_error":46012.69962021953},"slope":null,"std_dev":{"confidence_interval":{"confidence_level":0.95,"lower_bound":738192.5192053138,"upper_bound":1100758.8406433072},"point_estimate":930314.6866167051,"standard_error":92575.33930413301}}