{"mean":{"confidence_interval":{"confidence_level":0.95,"lower_bound":86129.98240861711,"upper_bound":87774.65204319853},"point_estimate":86845.85976609167,"standard_error":424.0238310508644},"median":{"confidence_interval":{"confidence_level":0.95,"lower_bound":85711.68518518518,"upper_bound":86800.41269173214},"point_estimate":86207.85576923078,"standard_error":235.98722028012443},"median_abs_dev":{"confidence_interval":{"confidence_level":0.95,"lower_bound":1601.9439294422234,"upper_bound":2454.622378658164},"point_estimate":2089.7917354641854,"standard_error":209.25924164406882},"slope":{"confidence_interval":{"confidence_level":0.95,"lower_bound":85869.27696914312,"upper_bound":86617.14861963078},"point_estimate":86232.15680779272,"standard_error":191.64074332806211},"std_dev":{"confidence_interval":{"confidence_level":0.95,"lower_bound":2073.3981092238955,"upper_bound":6493.865023182467},"point_estimate":4269.019093208278,"standard_error":1318.672485156698}}