{"mean":{"confidence_interval":{"confidence_level":0.95,"lower_bound":85903.11616269253,"upper_bound":87659.75805996617},"point_estimate":86698.3498482302,"standard_error":450.6157974325017},"median":{"confidence_interval":{"confidence_level":0.95,"lower_bound":85445.08898809523,"upper_bound":86410.40883838384},"point_estimate":85947.21019469108,"standard_error":239.13203975109218},"median_abs_dev":{"confidence_interval":{"confidence_level":0.95,"lower_bound":1657.0849731322871,"upper_bound":2733.105507782827},"point_estimate":2214.254259698303,"standard_error":280.03448354587323},"slope":{"confidence_interval":{"confidence_level":0.95,"lower_bound":85898.3928896399,"upper_bound":88302.85696973017},"point_estimate":86942.00717452342,"standard_error":620.6118142681181},"std_dev":{"confidence_interval":{"confidence_level":0.95,"lower_bound":2409.190137404144,"upper_bound":6386.9260438592},"point_estimate":4513.69283099777,"standard_error":1034.3050885476478}}