{"mean":{"confidence_interval":{"confidence_level":0.95,"lower_bound":188294.09734488334,"upper_bound":195822.68608446378},"point_estimate":191987.56183998633,"standard_error":1920.0266760154352},"median":{"confidence_interval":{"confidence_level":0.95,"lower_bound":188709.9771255061,"upper_bound":195875.88840643276},"point_estimate":193262.51128633274,"standard_error":1922.5403262056197},"median_abs_dev":{"confidence_interval":{"confidence_level":0.95,"lower_bound":13596.419657642085,"upper_bound":21174.88720471085},"point_estimate":18510.219228261005,"standard_error":1967.368635346371},"slope":{"confidence_interval":{"confidence_level":0.95,"lower_bound":187613.63556407066,"upper_bound":199145.2546808854},"point_estimate":192951.79594946062,"standard_error":2942.336152446422},"std_dev":{"confidence_interval":{"confidence_level":0.95,"lower_bound":15506.746774653426,"upper_bound":22946.75437640816},"point_estimate":19337.951465154452,"standard_error":1907.968100576445}}