{"mean":{"confidence_interval":{"confidence_level":0.95,"lower_bound":84198.12788999581,"upper_bound":85717.26434484571},"point_estimate":84882.87541253986,"standard_error":389.58133600635705},"median":{"confidence_interval":{"confidence_level":0.95,"lower_bound":83900.02583333333,"upper_bound":84458.98541666666},"point_estimate":84144.4195060208,"standard_error":136.29165726413052},"median_abs_dev":{"confidence_interval":{"confidence_level":0.95,"lower_bound":1166.3882554661716,"upper_bound":2184.760846465446},"point_estimate":1612.1228803009753,"standard_error":260.6708878379079},"slope":{"confidence_interval":{"confidence_level":0.95,"lower_bound":84253.83343051122,"upper_bound":85264.48173105967},"point_estimate":84720.39575316486,"standard_error":258.5056604990884},"std_dev":{"confidence_interval":{"confidence_level":0.95,"lower_bound":2111.3129749722966,"upper_bound":5735.1115316150035},"point_estimate":3928.098222967333,"standard_error":1002.0793366953654}}