{"mean":{"confidence_interval":{"confidence_level":0.95,"lower_bound":124770.80468140628,"upper_bound":129209.55309793785},"point_estimate":126905.35288404227,"standard_error":1132.290995943006},"median":{"confidence_interval":{"confidence_level":0.95,"lower_bound":121571.5178091398,"upper_bound":126420.15625},"point_estimate":123139.20680031445,"standard_error":1372.769491469167},"median_abs_dev":{"confidence_interval":{"confidence_level":0.95,"lower_bound":6188.938560957711,"upper_bound":10897.194747161127},"point_estimate":7974.724409095963,"standard_error":1223.2292761503004},"slope":{"confidence_interval":{"confidence_level":0.95,"lower_bound":126203.12786444888,"upper_bound":131631.23994911168},"point_estimate":128785.65256502143,"standard_error":1381.3141942364941},"std_dev":{"confidence_interval":{"confidence_level":0.95,"lower_bound":9011.220057083165,"upper_bound":13373.976365099701},"point_estimate":11363.640605123028,"standard_error":1118.6271722129125}}