{"mean":{"confidence_interval":{"confidence_level":0.95,"lower_bound":78036.62396009418,"upper_bound":80143.84364684476},"point_estimate":79009.27557974987,"standard_error":538.6915340108194},"median":{"confidence_interval":{"confidence_level":0.95,"lower_bound":76592.88433822973,"upper_bound":78383.25834542816},"point_estimate":77274.68851243693,"standard_error":461.3584379709848},"median_abs_dev":{"confidence_interval":{"confidence_level":0.95,"lower_bound":1994.7790160890074,"upper_bound":4234.63666745815},"point_estimate":2722.3996722787583,"standard_error":571.872191501737},"slope":{"confidence_interval":{"confidence_level":0.95,"lower_bound":79162.80362740866,"upper_bound":82453.44232354249},"point_estimate":80640.41234656876,"standard_error":842.4677513444383},"std_dev":{"confidence_interval":{"confidence_level":0.95,"lower_bound":3400.240602304954,"upper_bound":7486.948811597284},"point_estimate":5410.090106306887,"standard_error":1099.9743917963488}}