{"mean":{"confidence_interval":{"confidence_level":0.95,"lower_bound":8981139.414166667,"upper_bound":9141675.778124997},"point_estimate":9053231.773333333,"standard_error":41194.595014547594},"median":{"confidence_interval":{"confidence_level":0.95,"lower_bound":8982070.166666666,"upper_bound":9056754.166666666},"point_estimate":9017378.5,"standard_error":20025.592560899673},"median_abs_dev":{"confidence_interval":{"confidence_level":0.95,"lower_bound":140699.84945207834,"upper_bound":249894.2023634906},"point_estimate":194357.7370494604,"standard_error":27835.672306882465},"slope":null,"std_dev":{"confidence_interval":{"confidence_level":0.95,"lower_bound":199045.5113908934,"upper_bound":610628.3966532951},"point_estimate":413763.9689042309,"standard_error":109190.86689093379}}