{"mean":{"confidence_interval":{"confidence_level":0.95,"lower_bound":8438340.397749998,"upper_bound":8610606.988249997},"point_estimate":8508702.01333333,"standard_error":45034.25742523933},"median":{"confidence_interval":{"confidence_level":0.95,"lower_bound":8404240.333333332,"upper_bound":8467207.5},"point_estimate":8417132.0,"standard_error":14608.066977974686},"median_abs_dev":{"confidence_interval":{"confidence_level":0.95,"lower_bound":90290.83259701752,"upper_bound":161098.07763993647},"point_estimate":119139.8806348443,"standard_error":17697.73143706829},"slope":null,"std_dev":{"confidence_interval":{"confidence_level":0.95,"lower_bound":154062.59006115713,"upper_bound":726551.654454465},"point_estimate":450918.6929200693,"standard_error":178863.97895690822}}