{"mean":{"confidence_interval":{"confidence_level":0.95,"lower_bound":9141377.233250001,"upper_bound":9260394.364083335},"point_estimate":9198161.791666668,"standard_error":30457.941776367086},"median":{"confidence_interval":{"confidence_level":0.95,"lower_bound":9078350.416666668,"upper_bound":9193934.5},"point_estimate":9116808.916666666,"standard_error":29816.348279926126},"median_abs_dev":{"confidence_interval":{"confidence_level":0.95,"lower_bound":142837.0173141374,"upper_bound":244556.3482582569},"point_estimate":184522.9101240635,"standard_error":26262.383916239825},"slope":null,"std_dev":{"confidence_interval":{"confidence_level":0.95,"lower_bound":209993.44068789153,"upper_bound":395237.50425365166},"point_estimate":307123.3706766784,"standard_error":47567.87781907034}}