{"mean":{"confidence_interval":{"confidence_level":0.95,"lower_bound":8062732.2886428535,"upper_bound":8257186.532357141},"point_estimate":8149798.879999999,"standard_error":49776.33758976472},"median":{"confidence_interval":{"confidence_level":0.95,"lower_bound":7987758.857142857,"upper_bound":8156003.071428571},"point_estimate":8112788.285714285,"standard_error":42055.291958834125},"median_abs_dev":{"confidence_interval":{"confidence_level":0.95,"lower_bound":229064.0257333005,"upper_bound":390490.04036741605},"point_estimate":303533.8575111964,"standard_error":41071.3063126941},"slope":null,"std_dev":{"confidence_interval":{"confidence_level":0.95,"lower_bound":285906.74605617265,"upper_bound":734468.5165007643},"point_estimate":498360.3719540005,"standard_error":136520.43279000217}}