{"mean":{"confidence_interval":{"confidence_level":0.95,"lower_bound":8668379.868249996,"upper_bound":8813640.552833334},"point_estimate":8741595.683333332,"standard_error":37196.99821852069},"median":{"confidence_interval":{"confidence_level":0.95,"lower_bound":8602085.166666666,"upper_bound":8916780.666666668},"point_estimate":8754612.0,"standard_error":78466.72159924138},"median_abs_dev":{"confidence_interval":{"confidence_level":0.95,"lower_bound":359077.68287509494,"upper_bound":545825.6049096608},"point_estimate":445909.73328351974,"standard_error":47507.862032393416},"slope":null,"std_dev":{"confidence_interval":{"confidence_level":0.95,"lower_bound":332483.9339481046,"upper_bound":412488.59130200965},"point_estimate":374741.75135492865,"standard_error":20354.236035967242}}