{"mean":{"confidence_interval":{"confidence_level":0.95,"lower_bound":8309492.514642859,"upper_bound":8473031.655249998},"point_estimate":8378796.6371428585,"standard_error":42248.46677601871},"median":{"confidence_interval":{"confidence_level":0.95,"lower_bound":8305913.357142857,"upper_bound":8384511.571428572},"point_estimate":8330355.071428571,"standard_error":23751.886163619187},"median_abs_dev":{"confidence_interval":{"confidence_level":0.95,"lower_bound":131126.86027203238,"upper_bound":238137.32577221675},"point_estimate":181586.83267619048,"standard_error":26268.875026014128},"slope":null,"std_dev":{"confidence_interval":{"confidence_level":0.95,"lower_bound":175228.16237859408,"upper_bound":665563.4836712187},"point_estimate":423706.98685109196,"standard_error":150641.2330247357}}