{"mean":{"confidence_interval":{"confidence_level":0.95,"lower_bound":10187632.3755,"upper_bound":10722265.893599996},"point_estimate":10446687.315999998,"standard_error":136396.6091203263},"median":{"confidence_interval":{"confidence_level":0.95,"lower_bound":9906597.8,"upper_bound":10303477.0},"point_estimate":10057475.2,"standard_error":85351.4236505319},"median_abs_dev":{"confidence_interval":{"confidence_level":0.95,"lower_bound":730097.0166581885,"upper_bound":1486719.0811854585},"point_estimate":1135637.480038403,"standard_error":182834.15526642193},"slope":null,"std_dev":{"confidence_interval":{"confidence_level":0.95,"lower_bound":1089412.803185193,"upper_bound":1635248.9866953858},"point_estimate":1372380.2366579652,"standard_error":140156.3616851605}}