{"mean":{"confidence_interval":{"confidence_level":0.95,"lower_bound":7695822.8483214285,"upper_bound":7834871.145142856},"point_estimate":7752851.928571433,"standard_error":36217.46589610235},"median":{"confidence_interval":{"confidence_level":0.95,"lower_bound":7678592.142857143,"upper_bound":7726863.571428572},"point_estimate":7697091.928571429,"standard_error":11169.708461395636},"median_abs_dev":{"confidence_interval":{"confidence_level":0.95,"lower_bound":82475.9775357583,"upper_bound":148907.04635637227},"point_estimate":124888.50318278634,"standard_error":16912.513999931798},"slope":null,"std_dev":{"confidence_interval":{"confidence_level":0.95,"lower_bound":135081.68266656678,"upper_bound":585048.2574710671},"point_estimate":364727.3564502904,"standard_error":143714.94762347406}}