{"mean":{"confidence_interval":{"confidence_level":0.95,"lower_bound":7726649.093928571,"upper_bound":7801876.429178571},"point_estimate":7764073.6714285705,"standard_error":19181.691688441937},"median":{"confidence_interval":{"confidence_level":0.95,"lower_bound":7716424.214285715,"upper_bound":7807624.285714285},"point_estimate":7774616.857142857,"standard_error":24929.077640721473},"median_abs_dev":{"confidence_interval":{"confidence_level":0.95,"lower_bound":143654.19464962833,"upper_bound":224435.45451547398},"point_estimate":184553.1975235259,"standard_error":21096.677691769924},"slope":null,"std_dev":{"confidence_interval":{"confidence_level":0.95,"lower_bound":161757.29272033283,"upper_bound":221211.46404891758},"point_estimate":192599.80068474403,"standard_error":15178.046594296891}}