{"mean":{"confidence_interval":{"confidence_level":0.95,"lower_bound":9322887.304583333,"upper_bound":9624972.357166667},"point_estimate":9465217.871666664,"standard_error":77107.80371157102},"median":{"confidence_interval":{"confidence_level":0.95,"lower_bound":9231037.083333334,"upper_bound":9541478.333333334},"point_estimate":9398604.083333334,"standard_error":81161.16409870949},"median_abs_dev":{"confidence_interval":{"confidence_level":0.95,"lower_bound":503405.33091276884,"upper_bound":771684.3906998662},"point_estimate":642295.6670969725,"standard_error":71099.92734148528},"slope":null,"std_dev":{"confidence_interval":{"confidence_level":0.95,"lower_bound":545384.7564996044,"upper_bound":1043585.9690155808},"point_estimate":773778.2288167514,"standard_error":141684.10030293796}}