{"mean":{"confidence_interval":{"confidence_level":0.95,"lower_bound":7834764.987821428,"upper_bound":7897636.92728572},"point_estimate":7866245.53,"standard_error":16014.779401029014},"median":{"confidence_interval":{"confidence_level":0.95,"lower_bound":7822220.142857143,"upper_bound":7899342.928571429},"point_estimate":7860499.5,"standard_error":21255.356250536788},"median_abs_dev":{"confidence_interval":{"confidence_level":0.95,"lower_bound":123873.3458008079,"upper_bound":198482.4916737301},"point_estimate":166519.8045436824,"standard_error":19340.86012788848},"slope":null,"std_dev":{"confidence_interval":{"confidence_level":0.95,"lower_bound":133617.36087650066,"upper_bound":186684.46716774895},"point_estimate":160757.44006668744,"standard_error":13584.01328055509}}