{"mean":{"confidence_interval":{"confidence_level":0.95,"lower_bound":9622037.215583332,"upper_bound":10060489.666333335},"point_estimate":9836567.824999997,"standard_error":111902.63279025893},"median":{"confidence_interval":{"confidence_level":0.95,"lower_bound":9613592.666666666,"upper_bound":10077395.5},"point_estimate":9826485.5,"standard_error":112884.80805439437},"median_abs_dev":{"confidence_interval":{"confidence_level":0.95,"lower_bound":749162.3380497121,"upper_bound":1216246.069957316},"point_estimate":1005480.769649148,"standard_error":116919.51212037845},"slope":null,"std_dev":{"confidence_interval":{"confidence_level":0.95,"lower_bound":871587.3901786453,"upper_bound":1409567.505436201},"point_estimate":1124230.5509805114,"standard_error":142392.73985552764}}