{"mean":{"confidence_interval":{"confidence_level":0.95,"lower_bound":9499838.413708339,"upper_bound":9624076.681583337},"point_estimate":9557884.86166667,"standard_error":31761.46957888151},"median":{"confidence_interval":{"confidence_level":0.95,"lower_bound":9475478.833333334,"upper_bound":9541896.333333332},"point_estimate":9491154.166666668,"standard_error":16736.07299335907},"median_abs_dev":{"confidence_interval":{"confidence_level":0.95,"lower_bound":127097.48889356943,"upper_bound":257320.54563164804},"point_estimate":186056.04204684313,"standard_error":33263.6654536242},"slope":null,"std_dev":{"confidence_interval":{"confidence_level":0.95,"lower_bound":205761.09708037408,"upper_bound":425414.0864317051},"point_estimate":320147.2741294555,"standard_error":56647.38817995262}}