{"mean":{"confidence_interval":{"confidence_level":0.95,"lower_bound":8283640.738333338,"upper_bound":8403632.639291663},"point_estimate":8342863.371666665,"standard_error":30551.759546434154},"median":{"confidence_interval":{"confidence_level":0.95,"lower_bound":8272404.333333334,"upper_bound":8410472.666666666},"point_estimate":8362188.75,"standard_error":40872.97443964457},"median_abs_dev":{"confidence_interval":{"confidence_level":0.95,"lower_bound":210605.79726099875,"upper_bound":359819.10641193297},"point_estimate":285960.0528731933,"standard_error":36166.56461518468},"slope":null,"std_dev":{"confidence_interval":{"confidence_level":0.95,"lower_bound":252947.6394545938,"upper_bound":361678.3494262173},"point_estimate":307938.06263323245,"standard_error":27900.382083987148}}