{"mean":{"confidence_interval":{"confidence_level":0.95,"lower_bound":9881606.651749998,"upper_bound":10058062.259333331},"point_estimate":9957262.303333336,"standard_error":45393.36998850989},"median":{"confidence_interval":{"confidence_level":0.95,"lower_bound":9868675.333333334,"upper_bound":9994780.666666668},"point_estimate":9950148.416666668,"standard_error":29490.74013856688},"median_abs_dev":{"confidence_interval":{"confidence_level":0.95,"lower_bound":162450.2088159341,"upper_bound":263191.7650774112},"point_estimate":205454.5036524539,"standard_error":25919.492367268274},"slope":null,"std_dev":{"confidence_interval":{"confidence_level":0.95,"lower_bound":206637.27599819156,"upper_bound":714665.100567573},"point_estimate":457201.72644932114,"standard_error":157485.99411267522}}