{"mean":{"confidence_interval":{"confidence_level":0.95,"lower_bound":10288344.41429167,"upper_bound":10672698.044250002},"point_estimate":10474286.091666667,"standard_error":98247.97791957248},"median":{"confidence_interval":{"confidence_level":0.95,"lower_bound":10081053.75,"upper_bound":10482740.25},"point_estimate":10241463.25,"standard_error":105447.4562651502},"median_abs_dev":{"confidence_interval":{"confidence_level":0.95,"lower_bound":557857.3978960519,"upper_bound":1031230.5659919977},"point_estimate":894632.4529170999,"standard_error":129872.88224844592},"slope":null,"std_dev":{"confidence_interval":{"confidence_level":0.95,"lower_bound":768324.3459288762,"upper_bound":1193083.3328346442},"point_estimate":988688.5997446597,"standard_error":109137.69791237528}}