{"mean":{"confidence_interval":{"confidence_level":0.95,"lower_bound":10720714.942649998,"upper_bound":10979559.992950004},"point_estimate":10852275.217999997,"standard_error":66054.17224671337},"median":{"confidence_interval":{"confidence_level":0.95,"lower_bound":10871354.9,"upper_bound":11128985.6},"point_estimate":11003654.3,"standard_error":63650.179316921545},"median_abs_dev":{"confidence_interval":{"confidence_level":0.95,"lower_bound":435594.88496464543,"upper_bound":829303.1182569263},"point_estimate":598507.8181743622,"standard_error":95768.97096944053},"slope":null,"std_dev":{"confidence_interval":{"confidence_level":0.95,"lower_bound":580766.3841698989,"upper_bound":736349.1454264416},"point_estimate":665607.3240789239,"standard_error":39549.55913410757}}