{"mean":{"confidence_interval":{"confidence_level":0.95,"lower_bound":5046501.77163889,"upper_bound":5479937.575972225},"point_estimate":5261478.743333334,"standard_error":110385.36206134902},"median":{"confidence_interval":{"confidence_level":0.95,"lower_bound":4927506.055555556,"upper_bound":5402383.666666666},"point_estimate":5167775.5,"standard_error":124106.0625939763},"median_abs_dev":{"confidence_interval":{"confidence_level":0.95,"lower_bound":1301927.1285861726,"upper_bound":1780631.1496208115},"point_estimate":1643942.1037475269,"standard_error":123348.95299175385},"slope":null,"std_dev":{"confidence_interval":{"confidence_level":0.95,"lower_bound":1003785.0321023682,"upper_bound":1193827.0487754403},"point_estimate":1106857.3516139796,"standard_error":48421.09649152389}}