{"mean":{"confidence_interval":{"confidence_level":0.95,"lower_bound":4183608.360538461,"upper_bound":4325258.468615382},"point_estimate":4239450.067692309,"standard_error":37298.63383984354},"median":{"confidence_interval":{"confidence_level":0.95,"lower_bound":4153456.346153846,"upper_bound":4220902.846153846},"point_estimate":4176652.6153846155,"standard_error":17991.489929176983},"median_abs_dev":{"confidence_interval":{"confidence_level":0.95,"lower_bound":106006.58239492998,"upper_bound":177605.15566995586},"point_estimate":157983.34417985045,"standard_error":18226.33986585203},"slope":null,"std_dev":{"confidence_interval":{"confidence_level":0.95,"lower_bound":127584.70269062225,"upper_bound":611780.0879925799},"point_estimate":374440.3232135299,"standard_error":162405.3696246768}}