{"mean":{"confidence_interval":{"confidence_level":0.95,"lower_bound":3886162.782826924,"upper_bound":3931936.68998077},"point_estimate":3908174.6515384633,"standard_error":11687.12228390144},"median":{"confidence_interval":{"confidence_level":0.95,"lower_bound":3852556.3846153845,"upper_bound":3901095.3076923075},"point_estimate":3867864.230769231,"standard_error":14923.095973960879},"median_abs_dev":{"confidence_interval":{"confidence_level":0.95,"lower_bound":67310.72308191881,"upper_bound":123952.37163786702},"point_estimate":95292.23154668622,"standard_error":14655.527349389396},"slope":null,"std_dev":{"confidence_interval":{"confidence_level":0.95,"lower_bound":93128.63753998904,"upper_bound":141065.59195402346},"point_estimate":117316.97096544327,"standard_error":12351.542020325507}}