{"mean":{"confidence_interval":{"confidence_level":0.95,"lower_bound":2206245.1247272734,"upper_bound":2258354.0878295456},"point_estimate":2231882.822727273,"standard_error":13305.009080202102},"median":{"confidence_interval":{"confidence_level":0.95,"lower_bound":2182849.8863636362,"upper_bound":2231943.409090909},"point_estimate":2209434.1818181816,"standard_error":12169.501326700256},"median_abs_dev":{"confidence_interval":{"confidence_level":0.95,"lower_bound":70717.15463088274,"upper_bound":123649.71388659716},"point_estimate":91675.89546333654,"standard_error":14458.838748144752},"slope":null,"std_dev":{"confidence_interval":{"confidence_level":0.95,"lower_bound":108342.53183687663,"upper_bound":155542.75762536007},"point_estimate":133515.81017372076,"standard_error":12058.913653023785}}