{"mean":{"confidence_interval":{"confidence_level":0.95,"lower_bound":1931353.065,"upper_bound":2027605.9409479175},"point_estimate":1978334.3133333337,"standard_error":24644.411409970184},"median":{"confidence_interval":{"confidence_level":0.95,"lower_bound":1844617.1458333335,"upper_bound":2004032.625},"point_estimate":1878350.6666666665,"standard_error":40665.15209756859},"median_abs_dev":{"confidence_interval":{"confidence_level":0.95,"lower_bound":124946.85408174992,"upper_bound":280654.75419238204},"point_estimate":187534.53398309665,"standard_error":38856.307774604444},"slope":null,"std_dev":{"confidence_interval":{"confidence_level":0.95,"lower_bound":203325.1588928918,"upper_bound":290149.72091064946},"point_estimate":247285.01541935804,"standard_error":22370.923160154136}}