{"mean":{"confidence_interval":{"confidence_level":0.95,"lower_bound":905550.6437305559,"upper_bound":971028.4234277357},"point_estimate":935490.0278380566,"standard_error":16746.226290642386},"median":{"confidence_interval":{"confidence_level":0.95,"lower_bound":867331.0,"upper_bound":945428.7037037037},"point_estimate":932548.5960317461,"standard_error":24340.79686193619},"median_abs_dev":{"confidence_interval":{"confidence_level":0.95,"lower_bound":93574.30808220214,"upper_bound":134712.61734878604},"point_estimate":121161.75761279496,"standard_error":10906.658414813744},"slope":{"confidence_interval":{"confidence_level":0.95,"lower_bound":900466.6004098267,"upper_bound":938593.436593368},"point_estimate":919853.2712368849,"standard_error":9718.897277337457},"std_dev":{"confidence_interval":{"confidence_level":0.95,"lower_bound":100236.18072286998,"upper_bound":238105.199696519},"point_estimate":168547.96888347156,"standard_error":37317.73967579505}}