{"mean":{"confidence_interval":{"confidence_level":0.95,"lower_bound":1310347.4790968066,"upper_bound":1353787.1064665166},"point_estimate":1331449.7319712476,"standard_error":11056.608867348188},"median":{"confidence_interval":{"confidence_level":0.95,"lower_bound":1301797.175490559,"upper_bound":1345884.2485742487},"point_estimate":1316279.9396825396,"standard_error":14092.093248617472},"median_abs_dev":{"confidence_interval":{"confidence_level":0.95,"lower_bound":73583.39502500097,"upper_bound":131502.57912473747},"point_estimate":106865.77158719744,"standard_error":14872.093270801584},"slope":{"confidence_interval":{"confidence_level":0.95,"lower_bound":1308279.800418788,"upper_bound":1351277.9283642077},"point_estimate":1330111.797251367,"standard_error":10976.11180689145},"std_dev":{"confidence_interval":{"confidence_level":0.95,"lower_bound":86720.3180176023,"upper_bound":136156.0219602227},"point_estimate":111052.228041345,"standard_error":12842.178494860618}}