{"mean":{"confidence_interval":{"confidence_level":0.95,"lower_bound":832276.2171153079,"upper_bound":892593.1912944338},"point_estimate":861334.6683563988,"standard_error":15404.555581448136},"median":{"confidence_interval":{"confidence_level":0.95,"lower_bound":786842.0837080595,"upper_bound":856643.0161290322},"point_estimate":820025.0683060109,"standard_error":14820.503637031685},"median_abs_dev":{"confidence_interval":{"confidence_level":0.95,"lower_bound":83435.78231656698,"upper_bound":146954.83166436353},"point_estimate":123073.89011418914,"standard_error":16244.299019361712},"slope":{"confidence_interval":{"confidence_level":0.95,"lower_bound":847857.3229446021,"upper_bound":900352.7387352688},"point_estimate":873805.4930663514,"standard_error":13380.425138166314},"std_dev":{"confidence_interval":{"confidence_level":0.95,"lower_bound":123611.86851393987,"upper_bound":180895.61544481397},"point_estimate":154414.94197491888,"standard_error":14583.906809686148}}