{"mean":{"confidence_interval":{"confidence_level":0.95,"lower_bound":866774.332753795,"upper_bound":927489.738524375},"point_estimate":895654.084580877,"standard_error":15498.170416117655},"median":{"confidence_interval":{"confidence_level":0.95,"lower_bound":833801.6744186047,"upper_bound":892288.4041666667},"point_estimate":856942.7408963585,"standard_error":14774.455612400374},"median_abs_dev":{"confidence_interval":{"confidence_level":0.95,"lower_bound":93867.85865886748,"upper_bound":154029.29168244905},"point_estimate":125308.60059417784,"standard_error":15488.21514934481},"slope":{"confidence_interval":{"confidence_level":0.95,"lower_bound":874835.9527291826,"upper_bound":919225.3016957201},"point_estimate":897257.9148987734,"standard_error":11285.627356654113},"std_dev":{"confidence_interval":{"confidence_level":0.95,"lower_bound":113435.32322867693,"upper_bound":196477.44456542382},"point_estimate":154734.94855055146,"standard_error":21572.95139604618}}