{"mean":{"confidence_interval":{"confidence_level":0.95,"lower_bound":865018.6168501062,"upper_bound":921872.1590882165},"point_estimate":891060.2483394028,"standard_error":14509.96702311069},"median":{"confidence_interval":{"confidence_level":0.95,"lower_bound":836415.9286761114,"upper_bound":885289.59},"point_estimate":859046.230721393,"standard_error":12356.060249789016},"median_abs_dev":{"confidence_interval":{"confidence_level":0.95,"lower_bound":64915.88555086031,"upper_bound":107513.55373037005},"point_estimate":85424.76669668923,"standard_error":10687.213429537747},"slope":{"confidence_interval":{"confidence_level":0.95,"lower_bound":868113.1724228861,"upper_bound":911905.5588441782},"point_estimate":888507.9563115117,"standard_error":11250.750773929534},"std_dev":{"confidence_interval":{"confidence_level":0.95,"lower_bound":92863.32668960179,"upper_bound":190705.35136284746},"point_estimate":145240.10938680195,"standard_error":24718.150036983487}}