{"mean":{"confidence_interval":{"confidence_level":0.95,"lower_bound":1674456.2705506175,"upper_bound":1755364.0418637423},"point_estimate":1713400.7856468153,"standard_error":20712.125137596784},"median":{"confidence_interval":{"confidence_level":0.95,"lower_bound":1665578.1692307692,"upper_bound":1713393.6107628006},"point_estimate":1688007.694978355,"standard_error":11241.895821443595},"median_abs_dev":{"confidence_interval":{"confidence_level":0.95,"lower_bound":92751.62306298476,"upper_bound":175019.3417634201},"point_estimate":133650.8928506163,"standard_error":21499.356248129647},"slope":{"confidence_interval":{"confidence_level":0.95,"lower_bound":1661438.7633223853,"upper_bound":1726776.8048857271},"point_estimate":1694927.8337963647,"standard_error":16668.98472199575},"std_dev":{"confidence_interval":{"confidence_level":0.95,"lower_bound":154663.11412535125,"upper_bound":257289.10952882428},"point_estimate":208537.5667396554,"standard_error":26313.956451647253}}