{"mean":{"confidence_interval":{"confidence_level":0.95,"lower_bound":1884787.4444791672,"upper_bound":1992686.6077395831},"point_estimate":1936932.1395833332,"standard_error":27532.458782373982},"median":{"confidence_interval":{"confidence_level":0.95,"lower_bound":1808793.375,"upper_bound":1907156.625},"point_estimate":1869618.8541666667,"standard_error":23538.080064035745},"median_abs_dev":{"confidence_interval":{"confidence_level":0.95,"lower_bound":136539.27238844347,"upper_bound":243599.26820024836},"point_estimate":191408.25883932423,"standard_error":27819.17139003888},"slope":null,"std_dev":{"confidence_interval":{"confidence_level":0.95,"lower_bound":218459.0845096078,"upper_bound":328267.037518002},"point_estimate":277386.33801536413,"standard_error":28015.041174763537}}