{"mean":{"confidence_interval":{"confidence_level":0.95,"lower_bound":1041114.3120206253,"upper_bound":1083927.5286741194},"point_estimate":1060997.2384318756,"standard_error":10983.178489291917},"median":{"confidence_interval":{"confidence_level":0.95,"lower_bound":1028525.2300724637,"upper_bound":1049501.962962963},"point_estimate":1039775.1856249999,"standard_error":5998.347052591869},"median_abs_dev":{"confidence_interval":{"confidence_level":0.95,"lower_bound":39769.154367693816,"upper_bound":68394.10931642844},"point_estimate":52923.106812703816,"standard_error":7522.0353852609005},"slope":{"confidence_interval":{"confidence_level":0.95,"lower_bound":1023645.6950968453,"upper_bound":1046092.7129571607},"point_estimate":1034396.2598729127,"standard_error":5710.011830144763},"std_dev":{"confidence_interval":{"confidence_level":0.95,"lower_bound":66908.03095379227,"upper_bound":146767.70492211395},"point_estimate":110045.94427678412,"standard_error":20370.99155522664}}