{"mean":{"confidence_interval":{"confidence_level":0.95,"lower_bound":100088.90683568871,"upper_bound":105664.17545119552},"point_estimate":102725.71447730437,"standard_error":1423.0268482739014},"median":{"confidence_interval":{"confidence_level":0.95,"lower_bound":96076.01931818182,"upper_bound":99094.36152219873},"point_estimate":97862.17984665936,"standard_error":815.2146835319353},"median_abs_dev":{"confidence_interval":{"confidence_level":0.95,"lower_bound":3829.5436598170627,"upper_bound":7447.92854242684},"point_estimate":4918.560963824327,"standard_error":966.9799515626084},"slope":{"confidence_interval":{"confidence_level":0.95,"lower_bound":97215.18647691193,"upper_bound":99926.75997600154},"point_estimate":98443.24446229698,"standard_error":690.6226242924014},"std_dev":{"confidence_interval":{"confidence_level":0.95,"lower_bound":10366.23209804478,"upper_bound":17510.80565751075},"point_estimate":14306.919304234756,"standard_error":1823.5763683833125}}