{"mean":{"confidence_interval":{"confidence_level":0.95,"lower_bound":91302.59995652534,"upper_bound":92875.94743055577},"point_estimate":91982.44156198321,"standard_error":404.1295078258665},"median":{"confidence_interval":{"confidence_level":0.95,"lower_bound":91237.08841843088,"upper_bound":92173.93939393939},"point_estimate":91810.87459415584,"standard_error":224.08218975821907},"median_abs_dev":{"confidence_interval":{"confidence_level":0.95,"lower_bound":1515.129564919246,"upper_bound":2296.809622178025},"point_estimate":1841.57186091611,"standard_error":198.51276699998144},"slope":{"confidence_interval":{"confidence_level":0.95,"lower_bound":91423.2381615921,"upper_bound":92288.20782761688},"point_estimate":91860.68726627887,"standard_error":220.61784828226362},"std_dev":{"confidence_interval":{"confidence_level":0.95,"lower_bound":1931.0626979706576,"upper_bound":6319.02254898231},"point_estimate":4066.442259794545,"standard_error":1364.2764766194932}}