{"mean":{"confidence_interval":{"confidence_level":0.95,"lower_bound":99933.41226515415,"upper_bound":101945.46295004344},"point_estimate":100830.28541919534,"standard_error":514.9257832890831},"median":{"confidence_interval":{"confidence_level":0.95,"lower_bound":99542.45696202532,"upper_bound":100935.09536290323},"point_estimate":100373.35267857142,"standard_error":313.409199476316},"median_abs_dev":{"confidence_interval":{"confidence_level":0.95,"lower_bound":2429.9413387480377,"upper_bound":4012.5045575169897},"point_estimate":3523.6216075970565,"standard_error":414.3387264781262},"slope":{"confidence_interval":{"confidence_level":0.95,"lower_bound":99225.73062626724,"upper_bound":100393.78532994121},"point_estimate":99779.45072676222,"standard_error":298.3027061715502},"std_dev":{"confidence_interval":{"confidence_level":0.95,"lower_bound":2819.2288767475675,"upper_bound":7707.575604251544},"point_estimate":5155.726417682738,"standard_error":1484.4321159701942}}