{"mean":{"confidence_interval":{"confidence_level":0.95,"lower_bound":95684.12620610393,"upper_bound":97780.2104434692},"point_estimate":96597.27992661792,"standard_error":536.9224488147082},"median":{"confidence_interval":{"confidence_level":0.95,"lower_bound":95454.49102553178,"upper_bound":96817.1635424963},"point_estimate":96338.47893193393,"standard_error":361.9461893000752},"median_abs_dev":{"confidence_interval":{"confidence_level":0.95,"lower_bound":2026.4677557185535,"upper_bound":3309.2235359682127},"point_estimate":2440.422796831784,"standard_error":325.79722509163474},"slope":{"confidence_interval":{"confidence_level":0.95,"lower_bound":95634.05229797284,"upper_bound":97183.03315295417},"point_estimate":96361.64509424077,"standard_error":394.82298770872217},"std_dev":{"confidence_interval":{"confidence_level":0.95,"lower_bound":2629.10683475616,"upper_bound":8286.621494021756},"point_estimate":5404.246805936566,"standard_error":1721.8072897374266}}