{"mean":{"confidence_interval":{"confidence_level":0.95,"lower_bound":115923.80795788052,"upper_bound":134981.97965478562},"point_estimate":124468.62898147089,"standard_error":4878.028967670181},"median":{"confidence_interval":{"confidence_level":0.95,"lower_bound":110992.45471014493,"upper_bound":113455.12654320987},"point_estimate":112429.8433412064,"standard_error":594.1049319317433},"median_abs_dev":{"confidence_interval":{"confidence_level":0.95,"lower_bound":5313.190687632255,"upper_bound":11188.269065146926},"point_estimate":7956.504030618813,"standard_error":1489.2729925718277},"slope":{"confidence_interval":{"confidence_level":0.95,"lower_bound":115140.28973828153,"upper_bound":152853.51161970574},"point_estimate":132019.90039012858,"standard_error":9692.14061944576},"std_dev":{"confidence_interval":{"confidence_level":0.95,"lower_bound":24589.10067588531,"upper_bound":67616.7556164368},"point_estimate":48816.49473405345,"standard_error":10892.36642503734}}