{"mean":{"confidence_interval":{"confidence_level":0.95,"lower_bound":98867.06008605624,"upper_bound":105062.96974543175},"point_estimate":101957.16120593893,"standard_error":1577.13630727113},"median":{"confidence_interval":{"confidence_level":0.95,"lower_bound":103386.85764758498,"upper_bound":107698.59375},"point_estimate":106141.95441741357,"standard_error":1046.6291724000175},"median_abs_dev":{"confidence_interval":{"confidence_level":0.95,"lower_bound":8305.385553081018,"upper_bound":20099.54597062225},"point_estimate":13386.259657776533,"standard_error":3085.34207827505},"slope":{"confidence_interval":{"confidence_level":0.95,"lower_bound":108919.72194397783,"upper_bound":114406.93222602288},"point_estimate":111592.99614629822,"standard_error":1400.853316088432},"std_dev":{"confidence_interval":{"confidence_level":0.95,"lower_bound":13803.14424710433,"upper_bound":17864.5699750953},"point_estimate":15904.026811534055,"standard_error":1033.3430981676972}}