{"mean":{"confidence_interval":{"confidence_level":0.95,"lower_bound":10612039.159950005,"upper_bound":10739679.465949997},"point_estimate":10673945.078000003,"standard_error":32493.699595750215},"median":{"confidence_interval":{"confidence_level":0.95,"lower_bound":10559177.1,"upper_bound":10687669.0},"point_estimate":10629604.0,"standard_error":29803.997921450566},"median_abs_dev":{"confidence_interval":{"confidence_level":0.95,"lower_bound":240499.8064702741,"upper_bound":371721.6166806205},"point_estimate":310988.98439884215,"standard_error":32317.47730600543},"slope":null,"std_dev":{"confidence_interval":{"confidence_level":0.95,"lower_bound":261125.49308632783,"upper_bound":396646.7204835556},"point_estimate":325917.07579705137,"standard_error":35316.490744872026}}