{"mean":{"confidence_interval":{"confidence_level":0.95,"lower_bound":137803.7563773738,"upper_bound":146585.7075638947},"point_estimate":141517.3589434988,"standard_error":2270.8389913471415},"median":{"confidence_interval":{"confidence_level":0.95,"lower_bound":136135.93469387756,"upper_bound":139816.70535714287},"point_estimate":137914.30285714287,"standard_error":796.957730682214},"median_abs_dev":{"confidence_interval":{"confidence_level":0.95,"lower_bound":6586.650534063591,"upper_bound":11094.744941247845},"point_estimate":8856.741190164006,"standard_error":1136.5658251324605},"slope":{"confidence_interval":{"confidence_level":0.95,"lower_bound":137509.74712473355,"upper_bound":148233.31337654343},"point_estimate":141639.71228862758,"standard_error":2854.6599581600494},"std_dev":{"confidence_interval":{"confidence_level":0.95,"lower_bound":9842.992635573506,"upper_bound":35788.09099431491},"point_estimate":22830.601724927896,"standard_error":8079.662133357387}}