{"mean":{"confidence_interval":{"confidence_level":0.95,"lower_bound":647.6789732324626,"upper_bound":652.2517304382771},"point_estimate":650.0044750034223,"standard_error":1.1642489601697044},"median":{"confidence_interval":{"confidence_level":0.95,"lower_bound":649.3968283111246,"upper_bound":653.016504347213},"point_estimate":651.455529706514,"standard_error":0.9276114904694637},"median_abs_dev":{"confidence_interval":{"confidence_level":0.95,"lower_bound":6.441747274602502,"upper_bound":11.183313782423571},"point_estimate":8.839150181816503,"standard_error":1.3199020583264658},"slope":{"confidence_interval":{"confidence_level":0.95,"lower_bound":650.167529682393,"upper_bound":654.1181132726217},"point_estimate":652.1930090833739,"standard_error":1.0056257057680271},"std_dev":{"confidence_interval":{"confidence_level":0.95,"lower_bound":9.42786780485179,"upper_bound":13.799426037703974},"point_estimate":11.707205742110425,"standard_error":1.1162777731883347}}