{"mean":{"confidence_interval":{"confidence_level":0.95,"lower_bound":504455.4456938681,"upper_bound":514410.21357751795},"point_estimate":509097.95320763806,"standard_error":2551.6570738063824},"median":{"confidence_interval":{"confidence_level":0.95,"lower_bound":496405.572493225,"upper_bound":507011.7067183462},"point_estimate":499884.1527149321,"standard_error":2540.8401638403043},"median_abs_dev":{"confidence_interval":{"confidence_level":0.95,"lower_bound":7363.322572012221,"upper_bound":19459.708013038715},"point_estimate":13109.24423473426,"standard_error":2818.54842095555},"slope":{"confidence_interval":{"confidence_level":0.95,"lower_bound":502887.7743034955,"upper_bound":516926.02398233896},"point_estimate":509183.4119117285,"standard_error":3621.8999261156496},"std_dev":{"confidence_interval":{"confidence_level":0.95,"lower_bound":16584.823844033363,"upper_bound":34674.2692632721},"point_estimate":25687.798201160174,"standard_error":4735.84928406723}}