{"mean":{"confidence_interval":{"confidence_level":0.95,"lower_bound":422046.25846910884,"upper_bound":429468.06121640827},"point_estimate":425398.41740888054,"standard_error":1906.394966061114},"median":{"confidence_interval":{"confidence_level":0.95,"lower_bound":419106.25757575757,"upper_bound":421731.8086622807},"point_estimate":420493.92586206895,"standard_error":789.4953946341127},"median_abs_dev":{"confidence_interval":{"confidence_level":0.95,"lower_bound":3771.633375040125,"upper_bound":6928.417961112558},"point_estimate":5382.521276236018,"standard_error":826.414961613119},"slope":{"confidence_interval":{"confidence_level":0.95,"lower_bound":422749.901411151,"upper_bound":430806.56492017896},"point_estimate":425990.47936554847,"standard_error":2139.5877514922367},"std_dev":{"confidence_interval":{"confidence_level":0.95,"lower_bound":10233.024476034394,"upper_bound":25972.963884845776},"point_estimate":19116.452677053923,"standard_error":4048.06178906699}}