{"mean":{"confidence_interval":{"confidence_level":0.95,"lower_bound":433659.5013943117,"upper_bound":470681.70223764266},"point_estimate":447924.10974196,"standard_error":9888.690327839438},"median":{"confidence_interval":{"confidence_level":0.95,"lower_bound":424425.61197377497,"upper_bound":433230.69696969696},"point_estimate":428079.9947751323,"standard_error":2137.999105532939},"median_abs_dev":{"confidence_interval":{"confidence_level":0.95,"lower_bound":10303.945931233318,"upper_bound":27338.46928464512},"point_estimate":15016.521530764592,"standard_error":4521.779939319956},"slope":{"confidence_interval":{"confidence_level":0.95,"lower_bound":447410.7813675793,"upper_bound":537654.7408513959},"point_estimate":481110.8336643515,"standard_error":25233.409839456268},"std_dev":{"confidence_interval":{"confidence_level":0.95,"lower_bound":27821.778063549238,"upper_bound":163286.23817715092},"point_estimate":98801.25437880067,"standard_error":45437.898672037874}}