{"mean":{"confidence_interval":{"confidence_level":0.95,"lower_bound":521383.79546102387,"upper_bound":534148.9075721342},"point_estimate":527159.7328204323,"standard_error":3271.15546680672},"median":{"confidence_interval":{"confidence_level":0.95,"lower_bound":518323.5036074531,"upper_bound":522949.67333333334},"point_estimate":520138.4082278481,"standard_error":1124.8299592487426},"median_abs_dev":{"confidence_interval":{"confidence_level":0.95,"lower_bound":10143.210929012957,"upper_bound":17774.14978444572},"point_estimate":13688.108321132224,"standard_error":1930.4615366221126},"slope":{"confidence_interval":{"confidence_level":0.95,"lower_bound":521995.0030421696,"upper_bound":531486.7463930228},"point_estimate":526395.6921959509,"standard_error":2427.7179199835587},"std_dev":{"confidence_interval":{"confidence_level":0.95,"lower_bound":16962.513308985268,"upper_bound":46447.834314515865},"point_estimate":32887.54247439358,"standard_error":7734.018241237133}}