{"mean":{"confidence_interval":{"confidence_level":0.95,"lower_bound":406600.83144520764,"upper_bound":413279.3717786807},"point_estimate":409889.3033596524,"standard_error":1700.1502170058911},"median":{"confidence_interval":{"confidence_level":0.95,"lower_bound":408662.58978914947,"upper_bound":411039.1212121212},"point_estimate":409434.9898690388,"standard_error":582.4887465988364},"median_abs_dev":{"confidence_interval":{"confidence_level":0.95,"lower_bound":3630.1516910097093,"upper_bound":6722.487741819723},"point_estimate":4818.647604402743,"standard_error":792.6810436483565},"slope":{"confidence_interval":{"confidence_level":0.95,"lower_bound":408320.6730636189,"upper_bound":415362.81922035763},"point_estimate":411764.0343352544,"standard_error":1787.6223536373966},"std_dev":{"confidence_interval":{"confidence_level":0.95,"lower_bound":11292.485501981333,"upper_bound":22225.46259420452},"point_estimate":17088.791468280266,"standard_error":2796.44137703126}}