{"mean":{"confidence_interval":{"confidence_level":0.95,"lower_bound":537830.5301059822,"upper_bound":562445.7675771015},"point_estimate":549182.7165830535,"standard_error":6266.357961813629},"median":{"confidence_interval":{"confidence_level":0.95,"lower_bound":532857.4471767594,"upper_bound":553614.2867017775},"point_estimate":546476.212797619,"standard_error":5138.289939780534},"median_abs_dev":{"confidence_interval":{"confidence_level":0.95,"lower_bound":30709.02351578142,"upper_bound":57339.75883324547},"point_estimate":44161.529702294574,"standard_error":6397.473940805876},"slope":{"confidence_interval":{"confidence_level":0.95,"lower_bound":537978.4047778478,"upper_bound":557210.587321177},"point_estimate":547400.0882355549,"standard_error":4901.386414189754},"std_dev":{"confidence_interval":{"confidence_level":0.95,"lower_bound":41261.74233650573,"upper_bound":88396.15211179832},"point_estimate":63502.97912625492,"standard_error":13418.748890357112}}