{"mean":{"confidence_interval":{"confidence_level":0.95,"lower_bound":418566.9710843088,"upper_bound":434743.65216849954},"point_estimate":426247.62358241295,"standard_error":4141.308507975008},"median":{"confidence_interval":{"confidence_level":0.95,"lower_bound":421232.4857142857,"upper_bound":427399.49537037034},"point_estimate":425335.8727650064,"standard_error":1605.9052550115262},"median_abs_dev":{"confidence_interval":{"confidence_level":0.95,"lower_bound":12718.641416791548,"upper_bound":34716.11593480689},"point_estimate":22650.160326780133,"standard_error":5926.963863797371},"slope":{"confidence_interval":{"confidence_level":0.95,"lower_bound":407049.25660238165,"upper_bound":420020.4124824713},"point_estimate":413400.72843702283,"standard_error":3306.1297621209214},"std_dev":{"confidence_interval":{"confidence_level":0.95,"lower_bound":28580.88547756901,"upper_bound":54555.148781032374},"point_estimate":41714.454976652894,"standard_error":6728.042233930507}}