{"mean":{"confidence_interval":{"confidence_level":0.95,"lower_bound":8030673.446642856,"upper_bound":8119984.32982143},"point_estimate":8073623.200000002,"standard_error":22823.812220680615},"median":{"confidence_interval":{"confidence_level":0.95,"lower_bound":7982229.571428572,"upper_bound":8081858.714285715},"point_estimate":8024394.214285715,"standard_error":27207.325554465573},"median_abs_dev":{"confidence_interval":{"confidence_level":0.95,"lower_bound":120240.02276531247,"upper_bound":207481.28841647052},"point_estimate":154869.63985051407,"standard_error":22601.865737850774},"slope":null,"std_dev":{"confidence_interval":{"confidence_level":0.95,"lower_bound":172587.5154581837,"upper_bound":282423.51888371166},"point_estimate":229121.42153056478,"standard_error":28214.342279595538}}