{"mean":{"confidence_interval":{"confidence_level":0.95,"lower_bound":98398.46938787728,"upper_bound":100521.50455019613},"point_estimate":99366.5365284803,"standard_error":543.2296647135369},"median":{"confidence_interval":{"confidence_level":0.95,"lower_bound":97555.64685314686,"upper_bound":99078.76515151515},"point_estimate":98240.11588170865,"standard_error":342.53549557339676},"median_abs_dev":{"confidence_interval":{"confidence_level":0.95,"lower_bound":1880.9567112871948,"upper_bound":3557.055360286763},"point_estimate":2505.514894193899,"standard_error":438.0480576372214},"slope":{"confidence_interval":{"confidence_level":0.95,"lower_bound":97639.62126692715,"upper_bound":100509.80456853629},"point_estimate":98827.3496406357,"standard_error":746.1067446591253},"std_dev":{"confidence_interval":{"confidence_level":0.95,"lower_bound":3061.1123151009697,"upper_bound":7593.59465697241},"point_estimate":5439.440658375076,"standard_error":1186.5611573183378}}