{"mean":{"confidence_interval":{"confidence_level":0.95,"lower_bound":135483.86089651234,"upper_bound":138629.11457665014},"point_estimate":136975.30361110703,"standard_error":805.5776893420131},"median":{"confidence_interval":{"confidence_level":0.95,"lower_bound":134028.52662543155,"upper_bound":136987.5623555841},"point_estimate":135350.8394997213,"standard_error":917.3468215245234},"median_abs_dev":{"confidence_interval":{"confidence_level":0.95,"lower_bound":4395.147765720526,"upper_bound":7089.743178939587},"point_estimate":5365.565895508352,"standard_error":701.1235202644845},"slope":{"confidence_interval":{"confidence_level":0.95,"lower_bound":134580.60173649006,"upper_bound":137933.61612804726},"point_estimate":136172.91434904686,"standard_error":856.3096148214278},"std_dev":{"confidence_interval":{"confidence_level":0.95,"lower_bound":5791.8356223164665,"upper_bound":10168.749632618219},"point_estimate":8047.633691089647,"standard_error":1126.0652845745349}}