{"mean":{"confidence_interval":{"confidence_level":0.95,"lower_bound":78597.40051478616,"upper_bound":80885.45736038404},"point_estimate":79570.54387745791,"standard_error":591.3397981841196},"median":{"confidence_interval":{"confidence_level":0.95,"lower_bound":78400.76031324998,"upper_bound":78726.53374221863},"point_estimate":78575.71535091415,"standard_error":82.60421532567727},"median_abs_dev":{"confidence_interval":{"confidence_level":0.95,"lower_bound":479.7878017345089,"upper_bound":810.9327891420011},"point_estimate":669.92895464484,"standard_error":82.96459293682786},"slope":{"confidence_interval":{"confidence_level":0.95,"lower_bound":78543.502176598,"upper_bound":81172.97613699472},"point_estimate":79570.35251412397,"standard_error":705.5234510614416},"std_dev":{"confidence_interval":{"confidence_level":0.95,"lower_bound":834.1656786479558,"upper_bound":9411.192719972758},"point_estimate":5943.3139228703985,"standard_error":2108.528502491013}}