{"mean":{"confidence_interval":{"confidence_level":0.95,"lower_bound":78879.12575462884,"upper_bound":80086.79214829505},"point_estimate":79398.91330640239,"standard_error":311.95709075758657},"median":{"confidence_interval":{"confidence_level":0.95,"lower_bound":78743.24153846155,"upper_bound":79130.53496503497},"point_estimate":78908.67476689977,"standard_error":90.94816214775321},"median_abs_dev":{"confidence_interval":{"confidence_level":0.95,"lower_bound":552.1744997879973,"upper_bound":985.1251396183833},"point_estimate":749.0899421373815,"standard_error":109.29161059565243},"slope":{"confidence_interval":{"confidence_level":0.95,"lower_bound":78726.50072121229,"upper_bound":79136.45545516515},"point_estimate":78908.88859055826,"standard_error":104.37255002757475},"std_dev":{"confidence_interval":{"confidence_level":0.95,"lower_bound":1041.4357605252649,"upper_bound":4765.462790868847},"point_estimate":3138.545692468267,"standard_error":985.2777704512403}}