{"mean":{"confidence_interval":{"confidence_level":0.95,"lower_bound":78580.12925527409,"upper_bound":79602.16607176674},"point_estimate":78993.02043089534,"standard_error":268.2501251541987},"median":{"confidence_interval":{"confidence_level":0.95,"lower_bound":78518.07326007326,"upper_bound":78676.41758241758},"point_estimate":78592.2180991052,"standard_error":35.86400942568332},"median_abs_dev":{"confidence_interval":{"confidence_level":0.95,"lower_bound":302.8141722775583,"upper_bound":578.5811545880449},"point_estimate":423.2750062033072,"standard_error":67.51268516936261},"slope":{"confidence_interval":{"confidence_level":0.95,"lower_bound":78518.44274009216,"upper_bound":79041.91413681893},"point_estimate":78745.30935171818,"standard_error":135.07353559424027},"std_dev":{"confidence_interval":{"confidence_level":0.95,"lower_bound":799.8294906388,"upper_bound":4346.930893642308},"point_estimate":2684.039461607843,"standard_error":1097.1118378189988}}