{"mean":{"confidence_interval":{"confidence_level":0.95,"lower_bound":136412.25208257203,"upper_bound":141246.99228311243},"point_estimate":138784.79154090545,"standard_error":1230.0748963431909},"median":{"confidence_interval":{"confidence_level":0.95,"lower_bound":134192.21511853868,"upper_bound":141607.42897727274},"point_estimate":137848.41418034607,"standard_error":1941.2117708879466},"median_abs_dev":{"confidence_interval":{"confidence_level":0.95,"lower_bound":9957.590305423435,"upper_bound":15026.657761796543},"point_estimate":12743.633426639906,"standard_error":1308.2159542000272},"slope":{"confidence_interval":{"confidence_level":0.95,"lower_bound":139830.4648496687,"upper_bound":145386.6434912626},"point_estimate":142469.65648736517,"standard_error":1418.3941442844489},"std_dev":{"confidence_interval":{"confidence_level":0.95,"lower_bound":10348.241155243628,"upper_bound":14220.332690472656},"point_estimate":12383.145257014337,"standard_error":992.0438697914086}}