{"mean":{"confidence_interval":{"confidence_level":0.95,"lower_bound":79148.3300698191,"upper_bound":80182.86453914073},"point_estimate":79607.92355758445,"standard_error":265.68921658614084},"median":{"confidence_interval":{"confidence_level":0.95,"lower_bound":78960.43445512821,"upper_bound":79201.18828932261},"point_estimate":79113.51981925179,"standard_error":53.29966500475563},"median_abs_dev":{"confidence_interval":{"confidence_level":0.95,"lower_bound":436.94294411687576,"upper_bound":977.6646308238846},"point_estimate":747.1545460430416,"standard_error":130.409544116977},"slope":{"confidence_interval":{"confidence_level":0.95,"lower_bound":79013.14748510906,"upper_bound":80189.41686295766},"point_estimate":79505.1667385843,"standard_error":306.0680141675495},"std_dev":{"confidence_interval":{"confidence_level":0.95,"lower_bound":1165.9693121467026,"upper_bound":3840.9963516294824},"point_estimate":2671.651657357392,"standard_error":675.5409548043604}}