{"mean":{"confidence_interval":{"confidence_level":0.95,"lower_bound":169049.96764565216,"upper_bound":177784.54992949398},"point_estimate":173168.35493068394,"standard_error":2235.759046849321},"median":{"confidence_interval":{"confidence_level":0.95,"lower_bound":164753.62034739455,"upper_bound":170572.56219362747},"point_estimate":166622.15714285715,"standard_error":1458.8318192863126},"median_abs_dev":{"confidence_interval":{"confidence_level":0.95,"lower_bound":9802.465845786035,"upper_bound":16964.982402345104},"point_estimate":12935.61693897433,"standard_error":1806.8916507091183},"slope":{"confidence_interval":{"confidence_level":0.95,"lower_bound":163917.74148533255,"upper_bound":170846.29660901756},"point_estimate":167064.2250958081,"standard_error":1767.5828258825077},"std_dev":{"confidence_interval":{"confidence_level":0.95,"lower_bound":15536.942164332531,"upper_bound":28400.84693061992},"point_estimate":22402.876756548703,"standard_error":3301.3250408692934}}