{"mean":{"confidence_interval":{"confidence_level":0.95,"lower_bound":901015.2599418897,"upper_bound":913126.7593063748},"point_estimate":906412.4583433006,"standard_error":3113.8328491839743},"median":{"confidence_interval":{"confidence_level":0.95,"lower_bound":897011.8064516129,"upper_bound":900082.6011066398},"point_estimate":898710.6358695652,"standard_error":764.0768580816675},"median_abs_dev":{"confidence_interval":{"confidence_level":0.95,"lower_bound":4242.344511349966,"upper_bound":8543.101707763637},"point_estimate":5882.946677989267,"standard_error":1088.390119143947},"slope":{"confidence_interval":{"confidence_level":0.95,"lower_bound":899680.8829404559,"upper_bound":918653.1133080239},"point_estimate":906928.2613964829,"standard_error":5168.633719169888},"std_dev":{"confidence_interval":{"confidence_level":0.95,"lower_bound":14219.774333802245,"upper_bound":43672.41490406214},"point_estimate":31215.528596245655,"standard_error":7276.35892447182}}