{"mean":{"confidence_interval":{"confidence_level":0.95,"lower_bound":153716.67632790052,"upper_bound":161090.82579451802},"point_estimate":157018.30338422692,"standard_error":1894.3465052100407},"median":{"confidence_interval":{"confidence_level":0.95,"lower_bound":154427.6565349544,"upper_bound":158341.7038058467},"point_estimate":156853.78656462586,"standard_error":1107.9832987261752},"median_abs_dev":{"confidence_interval":{"confidence_level":0.95,"lower_bound":5241.749347805724,"upper_bound":11537.50622025505},"point_estimate":7616.126531303279,"standard_error":1745.9392712936253},"slope":{"confidence_interval":{"confidence_level":0.95,"lower_bound":153488.44271663637,"upper_bound":162367.49572685658},"point_estimate":157319.1331579725,"standard_error":2296.987537034976},"std_dev":{"confidence_interval":{"confidence_level":0.95,"lower_bound":8674.588931202143,"upper_bound":27620.01185535376},"point_estimate":19037.685023413167,"standard_error":4829.144721135258}}