{"mean":{"confidence_interval":{"confidence_level":0.95,"lower_bound":126813.7577431959,"upper_bound":134701.2621686266},"point_estimate":130216.91841570247,"standard_error":2032.4586323981687},"median":{"confidence_interval":{"confidence_level":0.95,"lower_bound":124255.376953125,"upper_bound":129777.31018518518},"point_estimate":126816.09671131548,"standard_error":1322.946208136621},"median_abs_dev":{"confidence_interval":{"confidence_level":0.95,"lower_bound":8685.382195046057,"upper_bound":13084.509875552358},"point_estimate":11301.20985873843,"standard_error":1134.6851651663344},"slope":{"confidence_interval":{"confidence_level":0.95,"lower_bound":130001.84246804818,"upper_bound":135043.96668217052},"point_estimate":132452.57016698684,"standard_error":1283.8734086241204},"std_dev":{"confidence_interval":{"confidence_level":0.95,"lower_bound":8040.884495423405,"upper_bound":31129.96195917557},"point_estimate":20477.440027569104,"standard_error":6331.099447006254}}