{"mean":{"confidence_interval":{"confidence_level":0.95,"lower_bound":125173.92373287294,"upper_bound":128022.00640272866},"point_estimate":126430.76383066013,"standard_error":726.2798156576231},"median":{"confidence_interval":{"confidence_level":0.95,"lower_bound":124532.578125,"upper_bound":125662.52763157895},"point_estimate":125044.02328667953,"standard_error":312.93811844417263},"median_abs_dev":{"confidence_interval":{"confidence_level":0.95,"lower_bound":1431.7803300614833,"upper_bound":2474.880798839868},"point_estimate":1892.7466062841886,"standard_error":273.7694009892215},"slope":{"confidence_interval":{"confidence_level":0.95,"lower_bound":124254.89560823028,"upper_bound":127893.86961467871},"point_estimate":125905.03212649623,"standard_error":925.8362222489195},"std_dev":{"confidence_interval":{"confidence_level":0.95,"lower_bound":3247.3793412175232,"upper_bound":11008.111037693225},"point_estimate":7270.192870699873,"standard_error":2108.0072030701776}}