{"mean":{"confidence_interval":{"confidence_level":0.95,"lower_bound":237672.5164824802,"upper_bound":254333.17727208484},"point_estimate":245633.662042937,"standard_error":4252.860164586344},"median":{"confidence_interval":{"confidence_level":0.95,"lower_bound":228158.2957948391,"upper_bound":242104.4114583333},"point_estimate":231667.00443902437,"standard_error":3920.3459032322753},"median_abs_dev":{"confidence_interval":{"confidence_level":0.95,"lower_bound":20345.053841740442,"upper_bound":37139.11555198363},"point_estimate":27257.52484837973,"standard_error":4021.543318978004},"slope":{"confidence_interval":{"confidence_level":0.95,"lower_bound":238820.7919451102,"upper_bound":257040.28296721546},"point_estimate":247530.379027043,"standard_error":4656.434864604364},"std_dev":{"confidence_interval":{"confidence_level":0.95,"lower_bound":32165.854122350527,"upper_bound":52258.646457037576},"point_estimate":42704.296880163354,"standard_error":5135.792718522584}}