{"mean":{"confidence_interval":{"confidence_level":0.95,"lower_bound":130470.82911207822,"upper_bound":134678.38549789105},"point_estimate":132545.87603700956,"standard_error":1073.0723425830672},"median":{"confidence_interval":{"confidence_level":0.95,"lower_bound":132155.99425422138,"upper_bound":136973.5331632653},"point_estimate":134916.83958333335,"standard_error":1402.6707695226962},"median_abs_dev":{"confidence_interval":{"confidence_level":0.95,"lower_bound":6485.839966852252,"upper_bound":12846.115282815548},"point_estimate":9486.846734332163,"standard_error":1584.687962832095},"slope":{"confidence_interval":{"confidence_level":0.95,"lower_bound":132135.01192585516,"upper_bound":138022.02134116177},"point_estimate":134867.93303051573,"standard_error":1504.49886085048},"std_dev":{"confidence_interval":{"confidence_level":0.95,"lower_bound":8835.665051178017,"upper_bound":12790.720215085055},"point_estimate":10761.686192720006,"standard_error":1023.5990235536224}}