{"mean":{"confidence_interval":{"confidence_level":0.95,"lower_bound":128037.02104722682,"upper_bound":131881.82958758538},"point_estimate":129930.94585212968,"standard_error":981.6292459096181},"median":{"confidence_interval":{"confidence_level":0.95,"lower_bound":124920.01811079546,"upper_bound":131111.2917246444},"point_estimate":126811.06923076924,"standard_error":1472.4968449672144},"median_abs_dev":{"confidence_interval":{"confidence_level":0.95,"lower_bound":6536.419753903066,"upper_bound":12273.316178439965},"point_estimate":9548.722433072453,"standard_error":1470.839360759276},"slope":{"confidence_interval":{"confidence_level":0.95,"lower_bound":130982.3236819477,"upper_bound":135223.49148166098},"point_estimate":133157.89664363823,"standard_error":1081.9092739244923},"std_dev":{"confidence_interval":{"confidence_level":0.95,"lower_bound":8476.869475748494,"upper_bound":11108.696266679019},"point_estimate":9866.105878471795,"standard_error":672.0456122697359}}