{"mean":{"confidence_interval":{"confidence_level":0.95,"lower_bound":96404.29547342243,"upper_bound":98379.8758256678},"point_estimate":97375.07876840318,"standard_error":504.07792222611164},"median":{"confidence_interval":{"confidence_level":0.95,"lower_bound":96209.14141414141,"upper_bound":98619.60446138683},"point_estimate":97599.9406080031,"standard_error":620.0861079005118},"median_abs_dev":{"confidence_interval":{"confidence_level":0.95,"lower_bound":2736.3189281758796,"upper_bound":4848.627312922389},"point_estimate":3279.3180634731434,"standard_error":551.7839204229966},"slope":{"confidence_interval":{"confidence_level":0.95,"lower_bound":96295.9493719793,"upper_bound":98628.12140623858},"point_estimate":97435.88291790373,"standard_error":594.1252634442291},"std_dev":{"confidence_interval":{"confidence_level":0.95,"lower_bound":4091.971445755057,"upper_bound":6048.737647316618},"point_estimate":5085.831456943698,"standard_error":500.61138130956175}}