{"mean":{"confidence_interval":{"confidence_level":0.95,"lower_bound":131553.254102009,"upper_bound":133576.01012252975},"point_estimate":132390.62457975515,"standard_error":522.6694757119695},"median":{"confidence_interval":{"confidence_level":0.95,"lower_bound":131236.53787878787,"upper_bound":131977.4017857143},"point_estimate":131670.66026119402,"standard_error":204.6106526187286},"median_abs_dev":{"confidence_interval":{"confidence_level":0.95,"lower_bound":915.1569891474401,"upper_bound":1630.9509639718256},"point_estimate":1197.4679694869485,"standard_error":184.87715028085637},"slope":{"confidence_interval":{"confidence_level":0.95,"lower_bound":131476.90113544755,"upper_bound":132263.40424334034},"point_estimate":131839.860836412,"standard_error":200.36483349350706},"std_dev":{"confidence_interval":{"confidence_level":0.95,"lower_bound":2002.0037352594954,"upper_bound":8335.82364778237},"point_estimate":5255.964678987856,"standard_error":1943.4929682549946}}