{"mean":{"confidence_interval":{"confidence_level":0.95,"lower_bound":92429.12526553545,"upper_bound":95307.09759278197},"point_estimate":93677.21891232423,"standard_error":739.8246566610861},"median":{"confidence_interval":{"confidence_level":0.95,"lower_bound":91570.58854718982,"upper_bound":92932.81161007666},"point_estimate":92056.4348154789,"standard_error":346.105102019974},"median_abs_dev":{"confidence_interval":{"confidence_level":0.95,"lower_bound":1834.954152105839,"upper_bound":3614.5651069462206},"point_estimate":2785.205239612637,"standard_error":465.77167123723274},"slope":{"confidence_interval":{"confidence_level":0.95,"lower_bound":92829.26360014384,"upper_bound":95309.0267533799},"point_estimate":93898.49504843021,"standard_error":639.600217636999},"std_dev":{"confidence_interval":{"confidence_level":0.95,"lower_bound":3094.1055669657444,"upper_bound":11398.308582603211},"point_estimate":7443.189858609856,"standard_error":2301.801817850715}}