{"mean":{"confidence_interval":{"confidence_level":0.95,"lower_bound":112780.73048359403,"upper_bound":115055.66252180797},"point_estimate":113818.1747898591,"standard_error":584.7847509981578},"median":{"confidence_interval":{"confidence_level":0.95,"lower_bound":111968.93939393939,"upper_bound":113711.60909007395},"point_estimate":112897.75954861111,"standard_error":475.2900343007349},"median_abs_dev":{"confidence_interval":{"confidence_level":0.95,"lower_bound":2065.500367332243,"upper_bound":3613.350188825909},"point_estimate":2425.5030954731897,"standard_error":408.22605373512494},"slope":{"confidence_interval":{"confidence_level":0.95,"lower_bound":113027.26758523552,"upper_bound":114792.26272174931},"point_estimate":113886.72970067155,"standard_error":449.1927279175069},"std_dev":{"confidence_interval":{"confidence_level":0.95,"lower_bound":3200.713032172798,"upper_bound":8311.183211085896},"point_estimate":5893.505014884729,"standard_error":1325.1890087290647}}