{"mean":{"confidence_interval":{"confidence_level":0.95,"lower_bound":92297.19717333768,"upper_bound":94852.41011082269},"point_estimate":93438.88861769738,"standard_error":654.5032476200946},"median":{"confidence_interval":{"confidence_level":0.95,"lower_bound":91290.05520482603,"upper_bound":92690.33419324577},"point_estimate":91946.95567094389,"standard_error":365.7293575550737},"median_abs_dev":{"confidence_interval":{"confidence_level":0.95,"lower_bound":1825.1534000081135,"upper_bound":3176.054174645494},"point_estimate":2498.1574831088037,"standard_error":357.03560338196723},"slope":{"confidence_interval":{"confidence_level":0.95,"lower_bound":91821.66547226525,"upper_bound":95222.9629810433},"point_estimate":93118.32143020272,"standard_error":925.7356807839622},"std_dev":{"confidence_interval":{"confidence_level":0.95,"lower_bound":3230.535500465375,"upper_bound":9540.949406900405},"point_estimate":6579.451512675192,"standard_error":1652.654269551656}}