{"mean":{"confidence_interval":{"confidence_level":0.95,"lower_bound":93409.67183399886,"upper_bound":95827.83230280939},"point_estimate":94435.82808765481,"standard_error":627.3353043052309},"median":{"confidence_interval":{"confidence_level":0.95,"lower_bound":92847.10037878787,"upper_bound":93471.90250391237},"point_estimate":93139.84269972451,"standard_error":143.54831251990242},"median_abs_dev":{"confidence_interval":{"confidence_level":0.95,"lower_bound":1323.3777553010905,"upper_bound":2620.440641599677},"point_estimate":1846.8617508007812,"standard_error":317.7930902939457},"slope":{"confidence_interval":{"confidence_level":0.95,"lower_bound":93294.83470275157,"upper_bound":94454.37502644208},"point_estimate":93846.81077233097,"standard_error":295.21279264123484},"std_dev":{"confidence_interval":{"confidence_level":0.95,"lower_bound":2398.645820096862,"upper_bound":9859.758780357422},"point_estimate":6317.260952562252,"standard_error":2126.4823235349622}}