{"mean":{"confidence_interval":{"confidence_level":0.95,"lower_bound":4210.64031243142,"upper_bound":4272.999425240715},"point_estimate":4243.451795883054,"standard_error":15.87051911463213},"median":{"confidence_interval":{"confidence_level":0.95,"lower_bound":4259.690586294002,"upper_bound":4297.03813559322},"point_estimate":4280.434695404715,"standard_error":10.726917265611288},"median_abs_dev":{"confidence_interval":{"confidence_level":0.95,"lower_bound":73.24299032850423,"upper_bound":129.1154425060603},"point_estimate":99.66124636506005,"standard_error":14.312302642216126},"slope":{"confidence_interval":{"confidence_level":0.95,"lower_bound":4230.140787007065,"upper_bound":4289.394843392388},"point_estimate":4261.224673177158,"standard_error":15.182232122000867},"std_dev":{"confidence_interval":{"confidence_level":0.95,"lower_bound":115.03989537250898,"upper_bound":198.04494380045386},"point_estimate":159.50637998993355,"standard_error":21.325987565567637}}