{"mean":{"confidence_interval":{"confidence_level":0.95,"lower_bound":101869.17949626145,"upper_bound":105477.03619510819},"point_estimate":103409.32533588253,"standard_error":934.797210738867},"median":{"confidence_interval":{"confidence_level":0.95,"lower_bound":101965.42476851851,"upper_bound":103040.56084656085},"point_estimate":102607.4024024024,"standard_error":280.0681732983286},"median_abs_dev":{"confidence_interval":{"confidence_level":0.95,"lower_bound":2253.1692440041006,"upper_bound":3880.652296223847},"point_estimate":3169.113609293707,"standard_error":401.7085510591808},"slope":{"confidence_interval":{"confidence_level":0.95,"lower_bound":103947.202671688,"upper_bound":107455.56358615689},"point_estimate":105279.42213749733,"standard_error":984.7809370215923},"std_dev":{"confidence_interval":{"confidence_level":0.95,"lower_bound":2911.065859957542,"upper_bound":14437.358889703477},"point_estimate":9403.822896916567,"standard_error":3128.908744570043}}