{"mean":{"confidence_interval":{"confidence_level":0.95,"lower_bound":99606.57510794772,"upper_bound":106731.43128965599},"point_estimate":102318.99915333031,"standard_error":1935.5125797225646},"median":{"confidence_interval":{"confidence_level":0.95,"lower_bound":97972.94444444444,"upper_bound":100665.92524381749},"point_estimate":99256.05432098766,"standard_error":662.0948349596396},"median_abs_dev":{"confidence_interval":{"confidence_level":0.95,"lower_bound":3478.852672720794,"upper_bound":5440.644851581447},"point_estimate":4277.723935721882,"standard_error":493.7073667026925},"slope":{"confidence_interval":{"confidence_level":0.95,"lower_bound":102139.2250825914,"upper_bound":104586.91984178944},"point_estimate":103321.30815559167,"standard_error":625.3185066465685},"std_dev":{"confidence_interval":{"confidence_level":0.95,"lower_bound":4907.567531192931,"upper_bound":32400.40782542571},"point_estimate":19452.427656450847,"standard_error":9340.465397462996}}