{"mean":{"confidence_interval":{"confidence_level":0.95,"lower_bound":106123.9411669326,"upper_bound":107862.81940196041},"point_estimate":106963.2783923793,"standard_error":443.656368140434},"median":{"confidence_interval":{"confidence_level":0.95,"lower_bound":104980.40962662338,"upper_bound":107003.64698795181},"point_estimate":105848.33023644614,"standard_error":486.57822624042296},"median_abs_dev":{"confidence_interval":{"confidence_level":0.95,"lower_bound":2800.2125068549685,"upper_bound":5228.738493526167},"point_estimate":4198.560520068333,"standard_error":627.5960155557908},"slope":{"confidence_interval":{"confidence_level":0.95,"lower_bound":108614.93935610184,"upper_bound":110974.48204551559},"point_estimate":109757.11624560367,"standard_error":602.1887255970089},"std_dev":{"confidence_interval":{"confidence_level":0.95,"lower_bound":3507.1512732274296,"upper_bound":5462.774093339135},"point_estimate":4460.7436932231785,"standard_error":508.59059253836324}}