{"mean":{"confidence_interval":{"confidence_level":0.95,"lower_bound":91344.81842776295,"upper_bound":94183.06272306092},"point_estimate":92649.9466710479,"standard_error":730.0382220850393},"median":{"confidence_interval":{"confidence_level":0.95,"lower_bound":90776.65348837209,"upper_bound":91999.32591485507},"point_estimate":91241.88111504095,"standard_error":297.2221781111477},"median_abs_dev":{"confidence_interval":{"confidence_level":0.95,"lower_bound":1673.2897330495941,"upper_bound":3027.408582885151},"point_estimate":2414.858837127679,"standard_error":335.26461227074435},"slope":{"confidence_interval":{"confidence_level":0.95,"lower_bound":91926.1880407142,"upper_bound":94121.34265783208},"point_estimate":92788.21565243091,"standard_error":593.4155455872034},"std_dev":{"confidence_interval":{"confidence_level":0.95,"lower_bound":4300.971794939617,"upper_bound":9847.474171748448},"point_estimate":7313.545894936885,"standard_error":1415.0995154450547}}