{"mean":{"confidence_interval":{"confidence_level":0.95,"lower_bound":101555.07939856645,"upper_bound":103527.09364402758},"point_estimate":102448.1070280168,"standard_error":504.801069161149},"median":{"confidence_interval":{"confidence_level":0.95,"lower_bound":102026.646875,"upper_bound":103206.93396226416},"point_estimate":102714.91196396665,"standard_error":268.1174158651306},"median_abs_dev":{"confidence_interval":{"confidence_level":0.95,"lower_bound":1686.0301996568935,"upper_bound":3166.762464861054},"point_estimate":2453.363537181563,"standard_error":374.70913585199776},"slope":{"confidence_interval":{"confidence_level":0.95,"lower_bound":103060.24746442313,"upper_bound":104302.56964040636},"point_estimate":103617.7662287572,"standard_error":318.4793542377059},"std_dev":{"confidence_interval":{"confidence_level":0.95,"lower_bound":2873.420896554981,"upper_bound":7334.187679299787},"point_estimate":5039.386014947956,"standard_error":1245.4015307718264}}