{"mean":{"confidence_interval":{"confidence_level":0.95,"lower_bound":160767.71775399064,"upper_bound":167653.40706810597},"point_estimate":164059.38870010272,"standard_error":1748.4071360419723},"median":{"confidence_interval":{"confidence_level":0.95,"lower_bound":156816.25510204083,"upper_bound":164259.95802005014},"point_estimate":159666.732748184,"standard_error":1840.9294560533112},"median_abs_dev":{"confidence_interval":{"confidence_level":0.95,"lower_bound":11664.949897930383,"upper_bound":18436.15399689623},"point_estimate":14633.521414642373,"standard_error":1767.1399594988632},"slope":{"confidence_interval":{"confidence_level":0.95,"lower_bound":167128.43362903554,"upper_bound":176177.79858576495},"point_estimate":171507.2021055965,"standard_error":2310.1043662285483},"std_dev":{"confidence_interval":{"confidence_level":0.95,"lower_bound":13210.1037098097,"upper_bound":21876.29754538014},"point_estimate":17621.943026879304,"standard_error":2239.332178056783}}