{"mean":{"confidence_interval":{"confidence_level":0.95,"lower_bound":103794.57567312536,"upper_bound":105674.58862491068},"point_estimate":104713.74933849955,"standard_error":480.18961114043424},"median":{"confidence_interval":{"confidence_level":0.95,"lower_bound":102284.49866445611,"upper_bound":105731.3771043771},"point_estimate":103221.36248353096,"standard_error":1018.316861342509},"median_abs_dev":{"confidence_interval":{"confidence_level":0.95,"lower_bound":3455.7932727500133,"upper_bound":5717.500517481177},"point_estimate":4475.161648478612,"standard_error":588.7982275408302},"slope":{"confidence_interval":{"confidence_level":0.95,"lower_bound":106419.63248802967,"upper_bound":108881.95033988798},"point_estimate":107606.97538858364,"standard_error":629.9318014112731},"std_dev":{"confidence_interval":{"confidence_level":0.95,"lower_bound":3952.7146240904885,"upper_bound":5667.783067674769},"point_estimate":4830.936831638444,"standard_error":439.18356249361267}}