{"mean":{"confidence_interval":{"confidence_level":0.95,"lower_bound":160108.05567374142,"upper_bound":168066.54280962594},"point_estimate":163956.5840749133,"standard_error":2024.514196658234},"median":{"confidence_interval":{"confidence_level":0.95,"lower_bound":153379.95604395604,"upper_bound":165682.66292134832},"point_estimate":158183.11803135887,"standard_error":2972.143325253882},"median_abs_dev":{"confidence_interval":{"confidence_level":0.95,"lower_bound":12586.441705117424,"upper_bound":22626.6205546608},"point_estimate":17518.18062811612,"standard_error":2464.884741556797},"slope":{"confidence_interval":{"confidence_level":0.95,"lower_bound":160855.20756174184,"upper_bound":168893.5666493524},"point_estimate":164722.3224007262,"standard_error":2051.8619140280653},"std_dev":{"confidence_interval":{"confidence_level":0.95,"lower_bound":16516.03416119953,"upper_bound":23813.713324370085},"point_estimate":20345.33190570194,"standard_error":1870.3174052280767}}