{"mean":{"confidence_interval":{"confidence_level":0.95,"lower_bound":101603.30798386784,"upper_bound":103182.23559365438},"point_estimate":102369.30143621292,"standard_error":404.87319614695394},"median":{"confidence_interval":{"confidence_level":0.95,"lower_bound":100497.61197492163,"upper_bound":103267.71888072646},"point_estimate":101698.56059506531,"standard_error":705.2091188271006},"median_abs_dev":{"confidence_interval":{"confidence_level":0.95,"lower_bound":3296.1546931480643,"upper_bound":4963.012440336067},"point_estimate":4525.398453427059,"standard_error":431.7102681916991},"slope":{"confidence_interval":{"confidence_level":0.95,"lower_bound":104074.05509249502,"upper_bound":106198.5068871743},"point_estimate":105107.73503768287,"standard_error":543.894363713076},"std_dev":{"confidence_interval":{"confidence_level":0.95,"lower_bound":3298.3628543857026,"upper_bound":4846.565848735717},"point_estimate":4070.056197124749,"standard_error":399.1937421301371}}