{"mean":{"confidence_interval":{"confidence_level":0.95,"lower_bound":80943.80685491154,"upper_bound":83619.91215080181},"point_estimate":82042.50735083758,"standard_error":697.5504479320559},"median":{"confidence_interval":{"confidence_level":0.95,"lower_bound":80545.92595421203,"upper_bound":80957.74411441552},"point_estimate":80753.21424109083,"standard_error":116.58009526087106},"median_abs_dev":{"confidence_interval":{"confidence_level":0.95,"lower_bound":696.2455321285972,"upper_bound":1280.6534978343072},"point_estimate":896.0919950609898,"standard_error":153.57105708818165},"slope":{"confidence_interval":{"confidence_level":0.95,"lower_bound":80649.63620292961,"upper_bound":81372.28476158188},"point_estimate":80966.50890634414,"standard_error":185.23352460295163},"std_dev":{"confidence_interval":{"confidence_level":0.95,"lower_bound":1665.5825746388673,"upper_bound":11288.872905335658},"point_estimate":7034.2860670644395,"standard_error":2691.2027818331308}}