{"mean":{"confidence_interval":{"confidence_level":0.95,"lower_bound":4966473.128525001,"upper_bound":5153071.3153},"point_estimate":5059821.706000003,"standard_error":47726.89055473366},"median":{"confidence_interval":{"confidence_level":0.95,"lower_bound":4954194.5,"upper_bound":5145808.9},"point_estimate":5044241.5,"standard_error":45306.189989214654},"median_abs_dev":{"confidence_interval":{"confidence_level":0.95,"lower_bound":348700.6938493257,"upper_bound":564097.8588652608},"point_estimate":456681.0444822906,"standard_error":56082.60880423478},"slope":null,"std_dev":{"confidence_interval":{"confidence_level":0.95,"lower_bound":410316.94596020505,"upper_bound":542685.5797259687},"point_estimate":479412.11310266156,"standard_error":33672.82569598897}}