{"mean":{"confidence_interval":{"confidence_level":0.95,"lower_bound":4885770.243124999,"upper_bound":5131005.455900002},"point_estimate":5004089.768999998,"standard_error":62637.77307899728},"median":{"confidence_interval":{"confidence_level":0.95,"lower_bound":4635807.05,"upper_bound":5062142.3},"point_estimate":4785393.9,"standard_error":105143.50626048192},"median_abs_dev":{"confidence_interval":{"confidence_level":0.95,"lower_bound":332032.3412552476,"upper_bound":742171.6777873184},"point_estimate":490768.908947111,"standard_error":99768.93342147337},"slope":null,"std_dev":{"confidence_interval":{"confidence_level":0.95,"lower_bound":520856.5102381365,"upper_bound":728400.3414803214},"point_estimate":628166.4124063845,"standard_error":53174.73024073954}}