{"mean":{"confidence_interval":{"confidence_level":0.95,"lower_bound":4849311.1370749995,"upper_bound":5266669.775574999},"point_estimate":5056636.279,"standard_error":106627.14526208803},"median":{"confidence_interval":{"confidence_level":0.95,"lower_bound":4129551.4,"upper_bound":5737358.65},"point_estimate":4741081.050000001,"standard_error":449732.86004193645},"median_abs_dev":{"confidence_interval":{"confidence_level":0.95,"lower_bound":358878.22375863855,"upper_bound":1624934.4637316465},"point_estimate":1226934.874467553,"standard_error":394290.8684239102},"slope":null,"std_dev":{"confidence_interval":{"confidence_level":0.95,"lower_bound":980221.640930556,"upper_bound":1157282.3194731511},"point_estimate":1069838.7492562612,"standard_error":45231.300171220166}}