{"mean":{"confidence_interval":{"confidence_level":0.95,"lower_bound":4877240.199175,"upper_bound":5325756.657800002},"point_estimate":5100053.768999999,"standard_error":114183.97760946884},"median":{"confidence_interval":{"confidence_level":0.95,"lower_bound":4150614.95,"upper_bound":5981102.75},"point_estimate":4949435.699999999,"standard_error":588040.6506508437},"median_abs_dev":{"confidence_interval":{"confidence_level":0.95,"lower_bound":531531.5126234294,"upper_bound":1815523.209258019},"point_estimate":1620167.2376462808,"standard_error":410305.8303845845},"slope":null,"std_dev":{"confidence_interval":{"confidence_level":0.95,"lower_bound":1071993.1350170856,"upper_bound":1206703.546389124},"point_estimate":1145939.3308356977,"standard_error":34269.118807389605}}