{"mean":{"confidence_interval":{"confidence_level":0.95,"lower_bound":4855124.902549998,"upper_bound":5140691.968},"point_estimate":4995731.600000001,"standard_error":73137.99838799478},"median":{"confidence_interval":{"confidence_level":0.95,"lower_bound":4616819.949999999,"upper_bound":5086129.6},"point_estimate":4874837.45,"standard_error":128353.36955207527},"median_abs_dev":{"confidence_interval":{"confidence_level":0.95,"lower_bound":595128.8245743512,"upper_bound":1077400.2451308197},"point_estimate":838203.4624189138,"standard_error":124083.78845522326},"slope":null,"std_dev":{"confidence_interval":{"confidence_level":0.95,"lower_bound":656267.467792626,"upper_bound":799048.3716902931},"point_estimate":733616.3260190246,"standard_error":36407.36585171872}}