{"mean":{"confidence_interval":{"confidence_level":0.95,"lower_bound":4853223.8304,"upper_bound":5298002.761250002},"point_estimate":5074840.663,"standard_error":113529.52095836707},"median":{"confidence_interval":{"confidence_level":0.95,"lower_bound":4091316.4,"upper_bound":5908621.4},"point_estimate":5101592.35,"standard_error":682670.3586101844},"median_abs_dev":{"confidence_interval":{"confidence_level":0.95,"lower_bound":561287.1106234118,"upper_bound":1905826.965184808},"point_estimate":1638285.128234625,"standard_error":431821.89873274555},"slope":null,"std_dev":{"confidence_interval":{"confidence_level":0.95,"lower_bound":1079293.786002544,"upper_bound":1192660.2392362007},"point_estimate":1142340.9686236633,"standard_error":28976.716076282195}}