{"mean":{"confidence_interval":{"confidence_level":0.95,"lower_bound":4850459.858050002,"upper_bound":5195097.573650001},"point_estimate":5020369.661,"standard_error":88010.26699912485},"median":{"confidence_interval":{"confidence_level":0.95,"lower_bound":4458449.3,"upper_bound":5171418.7},"point_estimate":4771193.449999999,"standard_error":187972.83695392293},"median_abs_dev":{"confidence_interval":{"confidence_level":0.95,"lower_bound":564981.933229565,"upper_bound":1277610.4380878808},"point_estimate":1006091.2301883091,"standard_error":195015.5067495856},"slope":null,"std_dev":{"confidence_interval":{"confidence_level":0.95,"lower_bound":794519.8228839469,"upper_bound":960028.3765922729},"point_estimate":884848.5751881569,"standard_error":42104.367081339406}}