{"mean":{"confidence_interval":{"confidence_level":0.95,"lower_bound":5211301.771388889,"upper_bound":5399988.664055558},"point_estimate":5303538.5600000005,"standard_error":48166.68905418684},"median":{"confidence_interval":{"confidence_level":0.95,"lower_bound":5190591.777777778,"upper_bound":5381485.666666667},"point_estimate":5279569.333333334,"standard_error":51219.83481060265},"median_abs_dev":{"confidence_interval":{"confidence_level":0.95,"lower_bound":328422.4986026678,"upper_bound":560215.8849875133},"point_estimate":461044.60801482294,"standard_error":58731.37000588773},"slope":null,"std_dev":{"confidence_interval":{"confidence_level":0.95,"lower_bound":396838.1911161669,"upper_bound":584802.3306283747},"point_estimate":486382.2823664642,"standard_error":48917.30945998269}}