{"mean":{"confidence_interval":{"confidence_level":0.95,"lower_bound":5502873.331305557,"upper_bound":5606778.698416665},"point_estimate":5555345.888888888,"standard_error":26441.695485332722},"median":{"confidence_interval":{"confidence_level":0.95,"lower_bound":5476904.333333333,"upper_bound":5635970.277777778},"point_estimate":5555559.444444444,"standard_error":35160.81831856965},"median_abs_dev":{"confidence_interval":{"confidence_level":0.95,"lower_bound":227659.9800248933,"upper_bound":343252.61667271424},"point_estimate":274727.3400892813,"standard_error":28937.868131874446},"slope":null,"std_dev":{"confidence_interval":{"confidence_level":0.95,"lower_bound":229620.0799068369,"upper_bound":301072.5875738414},"point_estimate":266718.8641692646,"standard_error":18280.75923132036}}