{"mean":{"confidence_interval":{"confidence_level":0.95,"lower_bound":4950723.9253750015,"upper_bound":5263471.893774999},"point_estimate":5102644.386000002,"standard_error":79506.22075353184},"median":{"confidence_interval":{"confidence_level":0.95,"lower_bound":4793387.3,"upper_bound":4985853.75},"point_estimate":4921979.35,"standard_error":46861.00754521948},"median_abs_dev":{"confidence_interval":{"confidence_level":0.95,"lower_bound":273329.6107274291,"upper_bound":555851.1930316687},"point_estimate":371491.59129470575,"standard_error":74199.36742186172},"slope":null,"std_dev":{"confidence_interval":{"confidence_level":0.95,"lower_bound":639042.4362994654,"upper_bound":941938.2217492015},"point_estimate":799583.1053298508,"standard_error":77397.03730472653}}