{"mean":{"confidence_interval":{"confidence_level":0.95,"lower_bound":5267633.144083331,"upper_bound":5392043.825611109},"point_estimate":5328347.827777775,"standard_error":31677.27879674604},"median":{"confidence_interval":{"confidence_level":0.95,"lower_bound":5242534.666666667,"upper_bound":5356519.055555556},"point_estimate":5300413.166666666,"standard_error":31222.346060369822},"median_abs_dev":{"confidence_interval":{"confidence_level":0.95,"lower_bound":204587.4297678473,"upper_bound":335587.98664212227},"point_estimate":283922.672226032,"standard_error":33386.89202213634},"slope":null,"std_dev":{"confidence_interval":{"confidence_level":0.95,"lower_bound":260255.75907009354,"upper_bound":372980.52309441706},"point_estimate":318644.5491662717,"standard_error":28831.94323393587}}