{"mean":{"confidence_interval":{"confidence_level":0.95,"lower_bound":5022828.717649999,"upper_bound":5435440.920049999},"point_estimate":5229103.307999999,"standard_error":105163.550051094},"median":{"confidence_interval":{"confidence_level":0.95,"lower_bound":4486536.35,"upper_bound":5979660.1},"point_estimate":5100119.95,"standard_error":409184.5805807699},"median_abs_dev":{"confidence_interval":{"confidence_level":0.95,"lower_bound":780148.7022095927,"upper_bound":1589512.2592905166},"point_estimate":1504744.0127554538,"standard_error":224028.62300333468},"slope":null,"std_dev":{"confidence_interval":{"confidence_level":0.95,"lower_bound":979158.2170427397,"upper_bound":1130903.1021253208},"point_estimate":1057538.8639093614,"standard_error":38828.84780491105}}