{"mean":{"confidence_interval":{"confidence_level":0.95,"lower_bound":5480965.837611111,"upper_bound":5599196.627388888},"point_estimate":5537631.351111108,"standard_error":30200.12253814424},"median":{"confidence_interval":{"confidence_level":0.95,"lower_bound":5435715.055555556,"upper_bound":5530583.111111111},"point_estimate":5475288.333333334,"standard_error":24557.081155371132},"median_abs_dev":{"confidence_interval":{"confidence_level":0.95,"lower_bound":173178.26927880425,"upper_bound":283277.16467082454},"point_estimate":235957.10367759154,"standard_error":26971.691535395985},"slope":null,"std_dev":{"confidence_interval":{"confidence_level":0.95,"lower_bound":226084.39994157868,"upper_bound":375112.0223320914},"point_estimate":303548.8128307286,"standard_error":38382.41935788492}}