{"mean":{"confidence_interval":{"confidence_level":0.95,"lower_bound":6506128.98246875,"upper_bound":6700130.41715625},"point_estimate":6598765.1125,"standard_error":49457.26859045349},"median":{"confidence_interval":{"confidence_level":0.95,"lower_bound":6421982.25,"upper_bound":6689506.5},"point_estimate":6582850.5625,"standard_error":56941.77686079367},"median_abs_dev":{"confidence_interval":{"confidence_level":0.95,"lower_bound":356666.2031304091,"upper_bound":549431.3498206437},"point_estimate":433103.31269837916,"standard_error":52039.49103995283},"slope":null,"std_dev":{"confidence_interval":{"confidence_level":0.95,"lower_bound":377697.9672052083,"upper_bound":620935.7841873601},"point_estimate":494185.8025261877,"standard_error":63976.88402371369}}