{"mean":{"confidence_interval":{"confidence_level":0.95,"lower_bound":6151504.354083333,"upper_bound":6323961.488777776},"point_estimate":6236318.193333332,"standard_error":44045.13817766975},"median":{"confidence_interval":{"confidence_level":0.95,"lower_bound":6069355.111111111,"upper_bound":6324801.444444444},"point_estimate":6155772.444444444,"standard_error":62985.46292479581},"median_abs_dev":{"confidence_interval":{"confidence_level":0.95,"lower_bound":335432.47837821627,"upper_bound":559141.9060399141},"point_estimate":451100.645258029,"standard_error":57424.358350087285},"slope":null,"std_dev":{"confidence_interval":{"confidence_level":0.95,"lower_bound":383108.41267020436,"upper_bound":497422.7295316123},"point_estimate":443184.7132662616,"standard_error":29283.226031793645}}