{"mean":{"confidence_interval":{"confidence_level":0.95,"lower_bound":5500412.491416667,"upper_bound":5689217.001722223},"point_estimate":5593405.976666667,"standard_error":48037.52168102977},"median":{"confidence_interval":{"confidence_level":0.95,"lower_bound":5354650.444444444,"upper_bound":5655467.666666667},"point_estimate":5426360.166666666,"standard_error":95807.1561664718},"median_abs_dev":{"confidence_interval":{"confidence_level":0.95,"lower_bound":355564.3739541373,"upper_bound":620099.9923576908},"point_estimate":510019.00347868516,"standard_error":70267.88195064776},"slope":null,"std_dev":{"confidence_interval":{"confidence_level":0.95,"lower_bound":424168.85849029716,"upper_bound":539019.4895694953},"point_estimate":485356.83998551214,"standard_error":29281.64925585458}}