{"mean":{"confidence_interval":{"confidence_level":0.95,"lower_bound":77649.83841054144,"upper_bound":78904.69925702928},"point_estimate":78176.45557526122,"standard_error":326.4864991483492},"median":{"confidence_interval":{"confidence_level":0.95,"lower_bound":77517.88165680473,"upper_bound":77877.40256410257},"point_estimate":77763.37669204111,"standard_error":98.1835683607935},"median_abs_dev":{"confidence_interval":{"confidence_level":0.95,"lower_bound":560.079089318995,"upper_bound":935.3540765953809},"point_estimate":795.6341655250199,"standard_error":98.34544452060662},"slope":{"confidence_interval":{"confidence_level":0.95,"lower_bound":77736.03512679884,"upper_bound":79913.59048034222},"point_estimate":78517.56034761455,"standard_error":612.5671606203322},"std_dev":{"confidence_interval":{"confidence_level":0.95,"lower_bound":836.5973246552795,"upper_bound":5123.219854705815},"point_estimate":3284.4902555904973,"standard_error":1164.3345900810873}}