{"mean":{"confidence_interval":{"confidence_level":0.95,"lower_bound":139588.31893530532,"upper_bound":146645.68679933867},"point_estimate":142905.8101320368,"standard_error":1800.1704790050264},"median":{"confidence_interval":{"confidence_level":0.95,"lower_bound":134486.405,"upper_bound":139299.23734177215},"point_estimate":136111.31181891024,"standard_error":1213.2149579283641},"median_abs_dev":{"confidence_interval":{"confidence_level":0.95,"lower_bound":5779.02379874892,"upper_bound":12098.39397547472},"point_estimate":8007.934961282445,"standard_error":1598.5280346131754},"slope":{"confidence_interval":{"confidence_level":0.95,"lower_bound":134210.35008706205,"upper_bound":139420.85619912617},"point_estimate":136485.77418907935,"standard_error":1334.8743584882836},"std_dev":{"confidence_interval":{"confidence_level":0.95,"lower_bound":12252.650240852985,"upper_bound":23216.960398198487},"point_estimate":18112.689319684756,"standard_error":2798.8822897859745}}