{"mean":{"confidence_interval":{"confidence_level":0.95,"lower_bound":99450.42591997501,"upper_bound":106279.79812532951},"point_estimate":102183.31976376042,"standard_error":1799.6708489697533},"median":{"confidence_interval":{"confidence_level":0.95,"lower_bound":97885.26467391304,"upper_bound":99608.25645702306},"point_estimate":98594.71283783784,"standard_error":488.6670811832903},"median_abs_dev":{"confidence_interval":{"confidence_level":0.95,"lower_bound":2701.154657711587,"upper_bound":5285.197935954359},"point_estimate":4034.147115379576,"standard_error":697.5760797229825},"slope":{"confidence_interval":{"confidence_level":0.95,"lower_bound":99622.36620812496,"upper_bound":102222.40280761919},"point_estimate":100895.23066972071,"standard_error":665.2085880478816},"std_dev":{"confidence_interval":{"confidence_level":0.95,"lower_bound":4237.816999334038,"upper_bound":29391.841883297533},"point_estimate":18064.165332755812,"standard_error":7454.948843391607}}