{"mean":{"confidence_interval":{"confidence_level":0.95,"lower_bound":79179.34779700423,"upper_bound":80434.38091440008},"point_estimate":79709.39013389197,"standard_error":325.6744952272392},"median":{"confidence_interval":{"confidence_level":0.95,"lower_bound":79077.66767120075,"upper_bound":79352.60946745562},"point_estimate":79216.80723443223,"standard_error":68.62527470488449},"median_abs_dev":{"confidence_interval":{"confidence_level":0.95,"lower_bound":455.7825417468264,"upper_bound":785.2147906051121},"point_estimate":636.0000932800906,"standard_error":82.13017058569538},"slope":{"confidence_interval":{"confidence_level":0.95,"lower_bound":79126.86397850934,"upper_bound":80891.30123266052},"point_estimate":79763.69709677053,"standard_error":487.70008923784576},"std_dev":{"confidence_interval":{"confidence_level":0.95,"lower_bound":811.3178414315873,"upper_bound":4986.258608440515},"point_estimate":3274.4367684926588,"standard_error":1118.4344723193701}}