{"mean":{"confidence_interval":{"confidence_level":0.95,"lower_bound":77942.76722342918,"upper_bound":79256.95739369893},"point_estimate":78445.16400294758,"standard_error":350.31556694209496},"median":{"confidence_interval":{"confidence_level":0.95,"lower_bound":77882.16346153847,"upper_bound":78057.93265581666},"point_estimate":77975.72792022792,"standard_error":52.63800908486349},"median_abs_dev":{"confidence_interval":{"confidence_level":0.95,"lower_bound":352.552696051281,"upper_bound":563.7465618040035},"point_estimate":442.3885954453847,"standard_error":52.51317888702869},"slope":{"confidence_interval":{"confidence_level":0.95,"lower_bound":77845.41287656319,"upper_bound":78210.95773495345},"point_estimate":78007.58594832387,"standard_error":93.41891401068165},"std_dev":{"confidence_interval":{"confidence_level":0.95,"lower_bound":709.0735738211891,"upper_bound":5854.174953297657},"point_estimate":3525.503793804991,"standard_error":1621.9233067163482}}