{"mean":{"confidence_interval":{"confidence_level":0.95,"lower_bound":78544.88110191363,"upper_bound":79698.44236290982},"point_estimate":79024.62381777108,"standard_error":303.68325380881885},"median":{"confidence_interval":{"confidence_level":0.95,"lower_bound":78450.41214574898,"upper_bound":78752.61358494447},"point_estimate":78567.53207417583,"standard_error":71.63448236651061},"median_abs_dev":{"confidence_interval":{"confidence_level":0.95,"lower_bound":378.5820108707512,"upper_bound":638.0052713539974},"point_estimate":480.43912566478576,"standard_error":66.885296570603},"slope":{"confidence_interval":{"confidence_level":0.95,"lower_bound":78595.45293498825,"upper_bound":80557.2986446346},"point_estimate":79285.61990042173,"standard_error":552.3047790648692},"std_dev":{"confidence_interval":{"confidence_level":0.95,"lower_bound":561.3168918914698,"upper_bound":4778.880324851014},"point_estimate":3053.924079326565,"standard_error":1149.0084541425372}}