{"mean":{"confidence_interval":{"confidence_level":0.95,"lower_bound":137375.24662232396,"upper_bound":145734.46811370066},"point_estimate":141060.50630441346,"standard_error":2148.7834595331706},"median":{"confidence_interval":{"confidence_level":0.95,"lower_bound":134060.44476744186,"upper_bound":139805.46875},"point_estimate":137543.18830541236,"standard_error":1641.2783616136167},"median_abs_dev":{"confidence_interval":{"confidence_level":0.95,"lower_bound":6221.174590368624,"upper_bound":10917.152773652344},"point_estimate":8776.175801438387,"standard_error":1196.8239139356117},"slope":{"confidence_interval":{"confidence_level":0.95,"lower_bound":135822.2800631683,"upper_bound":139913.49905641764},"point_estimate":137672.51045773606,"standard_error":1048.3818343549867},"std_dev":{"confidence_interval":{"confidence_level":0.95,"lower_bound":9147.77169851871,"upper_bound":32045.69930495226},"point_estimate":21696.65515679565,"standard_error":6080.644802629617}}