{"mean":{"confidence_interval":{"confidence_level":0.95,"lower_bound":79305.29498099459,"upper_bound":80830.94841686693},"point_estimate":79967.25363227089,"standard_error":392.94651007423556},"median":{"confidence_interval":{"confidence_level":0.95,"lower_bound":79139.87970414202,"upper_bound":79392.96255060729},"point_estimate":79261.87574809806,"standard_error":72.77850398075594},"median_abs_dev":{"confidence_interval":{"confidence_level":0.95,"lower_bound":371.25538840889857,"upper_bound":713.6526394180529},"point_estimate":555.5399891025417,"standard_error":88.78333060012906},"slope":{"confidence_interval":{"confidence_level":0.95,"lower_bound":79274.10894316253,"upper_bound":81559.35452887371},"point_estimate":80185.05815916609,"standard_error":608.0958800557125},"std_dev":{"confidence_interval":{"confidence_level":0.95,"lower_bound":880.5739864521333,"upper_bound":5893.450124095434},"point_estimate":3963.5036603007125,"standard_error":1214.843113410413}}