{"mean":{"confidence_interval":{"confidence_level":0.95,"lower_bound":79900.79578159282,"upper_bound":83023.1348418535},"point_estimate":81277.41811139038,"standard_error":801.1960794837274},"median":{"confidence_interval":{"confidence_level":0.95,"lower_bound":78041.37454212454,"upper_bound":80008.84003496505},"point_estimate":79202.8250054019,"standard_error":586.3721113833296},"median_abs_dev":{"confidence_interval":{"confidence_level":0.95,"lower_bound":1206.9391990795345,"upper_bound":3244.0083271880058},"point_estimate":2399.7491450471134,"standard_error":560.5849719063475},"slope":{"confidence_interval":{"confidence_level":0.95,"lower_bound":78414.69873318094,"upper_bound":80339.3516730361},"point_estimate":79205.21802548566,"standard_error":495.81026897588197},"std_dev":{"confidence_interval":{"confidence_level":0.95,"lower_bound":3461.134846628895,"upper_bound":11755.576639049446},"point_estimate":8015.802183967698,"standard_error":2162.775773206633}}