{"mean":{"confidence_interval":{"confidence_level":0.95,"lower_bound":140506.06192103002,"upper_bound":154824.98281568076},"point_estimate":147010.2572259468,"standard_error":3680.1335536293354},"median":{"confidence_interval":{"confidence_level":0.95,"lower_bound":134117.92664092663,"upper_bound":139421.977443609},"point_estimate":136359.6581043956,"standard_error":1478.4107446174123},"median_abs_dev":{"confidence_interval":{"confidence_level":0.95,"lower_bound":7728.124914872091,"upper_bound":15257.386909127224},"point_estimate":11609.254946258161,"standard_error":1869.6505413996276},"slope":{"confidence_interval":{"confidence_level":0.95,"lower_bound":134994.74936098725,"upper_bound":143618.65829696806},"point_estimate":138997.20871498238,"standard_error":2203.5484846622876},"std_dev":{"confidence_interval":{"confidence_level":0.95,"lower_bound":18793.37572505107,"upper_bound":51067.560817030906},"point_estimate":37144.533243515114,"standard_error":8060.840646548605}}