{"mean":{"confidence_interval":{"confidence_level":0.95,"lower_bound":79939.24772453571,"upper_bound":81075.69489956152},"point_estimate":80452.51645845851,"standard_error":291.96752633419754},"median":{"confidence_interval":{"confidence_level":0.95,"lower_bound":79524.94117647059,"upper_bound":79856.62327416174},"point_estimate":79675.03974358975,"standard_error":81.73026097972529},"median_abs_dev":{"confidence_interval":{"confidence_level":0.95,"lower_bound":425.9572765675107,"upper_bound":822.7831449700517},"point_estimate":544.6819867405399,"standard_error":101.71515683057115},"slope":{"confidence_interval":{"confidence_level":0.95,"lower_bound":79894.20163610444,"upper_bound":80813.2740229727},"point_estimate":80291.92229280104,"standard_error":235.6251391757422},"std_dev":{"confidence_interval":{"confidence_level":0.95,"lower_bound":1535.7706962232512,"upper_bound":4044.9804602825325},"point_estimate":2939.220509690014,"standard_error":636.9753721562136}}