{"mean":{"confidence_interval":{"confidence_level":0.95,"lower_bound":80461.5031137927,"upper_bound":82495.41283244759},"point_estimate":81306.43260425038,"standard_error":532.4094888948474},"median":{"confidence_interval":{"confidence_level":0.95,"lower_bound":80000.54285714286,"upper_bound":80603.47153846154},"point_estimate":80258.57714336066,"standard_error":153.87645186111996},"median_abs_dev":{"confidence_interval":{"confidence_level":0.95,"lower_bound":758.4599510924415,"upper_bound":1503.6589835742877},"point_estimate":1089.6258676710195,"standard_error":202.6786277381885},"slope":{"confidence_interval":{"confidence_level":0.95,"lower_bound":80116.60812513289,"upper_bound":81030.64985103716},"point_estimate":80487.28850734902,"standard_error":235.45610952195102},"std_dev":{"confidence_interval":{"confidence_level":0.95,"lower_bound":1147.255522051569,"upper_bound":8394.23876095066},"point_estimate":5349.452111720733,"standard_error":1985.6379185182404}}