{"mean":{"confidence_interval":{"confidence_level":0.95,"lower_bound":159816.10957431572,"upper_bound":168390.62027209427},"point_estimate":163741.08190850596,"standard_error":2183.159741545522},"median":{"confidence_interval":{"confidence_level":0.95,"lower_bound":155383.23015873015,"upper_bound":162568.90522875817},"point_estimate":157888.76054737225,"standard_error":2023.4291008650066},"median_abs_dev":{"confidence_interval":{"confidence_level":0.95,"lower_bound":9094.933694866526,"upper_bound":17832.58100561672},"point_estimate":12288.911353569303,"standard_error":2359.6103974528046},"slope":{"confidence_interval":{"confidence_level":0.95,"lower_bound":156152.21603135185,"upper_bound":162977.71560274897},"point_estimate":159432.55122457023,"standard_error":1744.2597181449457},"std_dev":{"confidence_interval":{"confidence_level":0.95,"lower_bound":13532.988667412488,"upper_bound":31440.55139217004},"point_estimate":21884.998654814248,"standard_error":5349.293285573043}}