{"mean":{"confidence_interval":{"confidence_level":0.95,"lower_bound":7476743.7691250015,"upper_bound":7964199.519624998},"point_estimate":7709937.988333332,"standard_error":124877.89618289967},"median":{"confidence_interval":{"confidence_level":0.95,"lower_bound":7220835.333333333,"upper_bound":7796752.0},"point_estimate":7446976.916666667,"standard_error":136310.3686289891},"median_abs_dev":{"confidence_interval":{"confidence_level":0.95,"lower_bound":727782.0109292867,"upper_bound":1178790.7761722803},"point_estimate":915975.3443881867,"standard_error":117285.22116402928},"slope":null,"std_dev":{"confidence_interval":{"confidence_level":0.95,"lower_bound":930700.7018749561,"upper_bound":1572136.6948534185},"point_estimate":1258936.2017525858,"standard_error":164610.14445342377}}