{"mean":{"confidence_interval":{"confidence_level":0.95,"lower_bound":1025632.9994655763,"upper_bound":1055587.2409543667},"point_estimate":1038580.0567691757,"standard_error":7721.173417959436},"median":{"confidence_interval":{"confidence_level":0.95,"lower_bound":1018949.3538461538,"upper_bound":1028388.25},"point_estimate":1024426.4339285714,"standard_error":2512.6985472601777},"median_abs_dev":{"confidence_interval":{"confidence_level":0.95,"lower_bound":16752.20965448663,"upper_bound":26131.284689628086},"point_estimate":22423.258588354936,"standard_error":2359.894869697216},"slope":{"confidence_interval":{"confidence_level":0.95,"lower_bound":1032179.7951383971,"upper_bound":1071721.6286191856},"point_estimate":1048968.6962612679,"standard_error":10246.341191762393},"std_dev":{"confidence_interval":{"confidence_level":0.95,"lower_bound":28754.322261088248,"upper_bound":116788.54057149446},"point_estimate":77389.79213815075,"standard_error":23390.34181941214}}