{"mean":{"confidence_interval":{"confidence_level":0.95,"lower_bound":146061.08363480156,"upper_bound":149176.76350606198},"point_estimate":147348.00204376984,"standard_error":811.4913466564243},"median":{"confidence_interval":{"confidence_level":0.95,"lower_bound":145887.10119047618,"upper_bound":147623.8136645963},"point_estimate":146657.65504135925,"standard_error":525.4947081887593},"median_abs_dev":{"confidence_interval":{"confidence_level":0.95,"lower_bound":2631.599999342388,"upper_bound":4497.254691618735},"point_estimate":3573.7050900624677,"standard_error":470.4971590801619},"slope":{"confidence_interval":{"confidence_level":0.95,"lower_bound":146039.77411325523,"upper_bound":147680.1119832543},"point_estimate":146871.4068914269,"standard_error":417.22074344553084},"std_dev":{"confidence_interval":{"confidence_level":0.95,"lower_bound":3336.0516452310235,"upper_bound":13172.81329073534},"point_estimate":8208.926191256594,"standard_error":3236.5216829315605}}