{"mean":{"confidence_interval":{"confidence_level":0.95,"lower_bound":97266.83430788004,"upper_bound":99398.2560863272},"point_estimate":98346.7492561299,"standard_error":536.8442071793129},"median":{"confidence_interval":{"confidence_level":0.95,"lower_bound":98047.21732954546,"upper_bound":98426.31536715082},"point_estimate":98238.3367768595,"standard_error":96.2822484432163},"median_abs_dev":{"confidence_interval":{"confidence_level":0.95,"lower_bound":628.3613986199945,"upper_bound":1457.843449780318},"point_estimate":1035.6753401036513,"standard_error":212.9372256688626},"slope":{"confidence_interval":{"confidence_level":0.95,"lower_bound":97879.49272520623,"upper_bound":98370.5441853958},"point_estimate":98129.1487405457,"standard_error":124.67204760260445},"std_dev":{"confidence_interval":{"confidence_level":0.95,"lower_bound":2102.605644654281,"upper_bound":7710.172625337778},"point_estimate":5390.142200654195,"standard_error":1367.2182457976753}}