{"mean":{"confidence_interval":{"confidence_level":0.95,"lower_bound":117390.41301020944,"upper_bound":118645.80568776639},"point_estimate":117969.91076247109,"standard_error":321.47385358006443},"median":{"confidence_interval":{"confidence_level":0.95,"lower_bound":117378.34082156612,"upper_bound":118057.34888888888},"point_estimate":117670.89942435104,"standard_error":161.6406487090376},"median_abs_dev":{"confidence_interval":{"confidence_level":0.95,"lower_bound":1413.4564267579906,"upper_bound":2215.788198577127},"point_estimate":1898.794503395801,"standard_error":192.46375129339225},"slope":{"confidence_interval":{"confidence_level":0.95,"lower_bound":116581.08701002644,"upper_bound":117625.17390067379},"point_estimate":117086.5369111538,"standard_error":265.81673096801455},"std_dev":{"confidence_interval":{"confidence_level":0.95,"lower_bound":1824.7928445190678,"upper_bound":4575.604760342552},"point_estimate":3236.425914245339,"standard_error":733.6247895528984}}