{"mean":{"confidence_interval":{"confidence_level":0.95,"lower_bound":100134.78139936067,"upper_bound":101674.50171944621},"point_estimate":100827.90991935426,"standard_error":394.45985546919957},"median":{"confidence_interval":{"confidence_level":0.95,"lower_bound":99977.5804347826,"upper_bound":101198.9406462585},"point_estimate":100477.70050130776,"standard_error":335.00693497467694},"median_abs_dev":{"confidence_interval":{"confidence_level":0.95,"lower_bound":1960.6971744659916,"upper_bound":3424.818137336205},"point_estimate":2759.557000765521,"standard_error":383.7526752355003},"slope":{"confidence_interval":{"confidence_level":0.95,"lower_bound":100465.91888160833,"upper_bound":101455.9208031784},"point_estimate":100960.17875306636,"standard_error":252.7085085434916},"std_dev":{"confidence_interval":{"confidence_level":0.95,"lower_bound":2308.0180518998404,"upper_bound":5802.648408474467},"point_estimate":3956.5134179705005,"standard_error":1053.0752041526969}}