{"mean":{"confidence_interval":{"confidence_level":0.95,"lower_bound":153930.44968259617,"upper_bound":162738.57538556898},"point_estimate":157919.46530361785,"standard_error":2246.505472935494},"median":{"confidence_interval":{"confidence_level":0.95,"lower_bound":150608.1955532839,"upper_bound":154384.33004926107},"point_estimate":151736.42279277302,"standard_error":964.1549082856716},"median_abs_dev":{"confidence_interval":{"confidence_level":0.95,"lower_bound":5194.545245775749,"upper_bound":8541.344961197943},"point_estimate":6378.830782078321,"standard_error":870.9565808615312},"slope":{"confidence_interval":{"confidence_level":0.95,"lower_bound":154061.62857328067,"upper_bound":162303.45734160024},"point_estimate":157720.8887774705,"standard_error":2120.8633200874424},"std_dev":{"confidence_interval":{"confidence_level":0.95,"lower_bound":11638.957920458368,"upper_bound":31601.33678312742},"point_estimate":22563.73837042141,"standard_error":5110.606239417248}}