{"mean":{"confidence_interval":{"confidence_level":0.95,"lower_bound":96241.63382746272,"upper_bound":98121.72140732566},"point_estimate":96986.64557102893,"standard_error":496.5930407614765},"median":{"confidence_interval":{"confidence_level":0.95,"lower_bound":95977.82377622377,"upper_bound":96647.67636363636},"point_estimate":96263.3489057239,"standard_error":183.835826122449},"median_abs_dev":{"confidence_interval":{"confidence_level":0.95,"lower_bound":1022.522245482962,"upper_bound":1744.965432018546},"point_estimate":1467.05777362985,"standard_error":182.19151480907863},"slope":{"confidence_interval":{"confidence_level":0.95,"lower_bound":95918.1507347978,"upper_bound":96660.02233687397},"point_estimate":96272.51900130311,"standard_error":188.75356713786547},"std_dev":{"confidence_interval":{"confidence_level":0.95,"lower_bound":1511.8673303540743,"upper_bound":8180.286059424703},"point_estimate":4993.971722643498,"standard_error":2165.89914991434}}