{"mean":{"confidence_interval":{"confidence_level":0.95,"lower_bound":94729.53822984955,"upper_bound":96621.77379237315},"point_estimate":95657.52024753895,"standard_error":481.72150592948225},"median":{"confidence_interval":{"confidence_level":0.95,"lower_bound":94350.49350649351,"upper_bound":96346.61693548388},"point_estimate":95024.01570280979,"standard_error":557.2784576200823},"median_abs_dev":{"confidence_interval":{"confidence_level":0.95,"lower_bound":3818.237299433018,"upper_bound":6234.535823005428},"point_estimate":5396.368371958042,"standard_error":610.9687923301656},"slope":{"confidence_interval":{"confidence_level":0.95,"lower_bound":97156.74966270395,"upper_bound":98959.93511267896},"point_estimate":98137.62995768234,"standard_error":459.3477098491241},"std_dev":{"confidence_interval":{"confidence_level":0.95,"lower_bound":3927.2072249769067,"upper_bound":5880.8558710413035},"point_estimate":4845.19183274971,"standard_error":512.6826798076768}}