{"mean":{"confidence_interval":{"confidence_level":0.95,"lower_bound":158513.61763778067,"upper_bound":161900.51676998116},"point_estimate":159998.95850123194,"standard_error":866.2633064500014},"median":{"confidence_interval":{"confidence_level":0.95,"lower_bound":157563.47056631895,"upper_bound":160606.88888888888},"point_estimate":159433.78111946533,"standard_error":797.5777099191638},"median_abs_dev":{"confidence_interval":{"confidence_level":0.95,"lower_bound":4016.350869871998,"upper_bound":6085.261979377587},"point_estimate":4956.354106274044,"standard_error":541.1660168595673},"slope":{"confidence_interval":{"confidence_level":0.95,"lower_bound":157433.1309530183,"upper_bound":159787.5696104177},"point_estimate":158586.95640102177,"standard_error":602.2770675843165},"std_dev":{"confidence_interval":{"confidence_level":0.95,"lower_bound":4424.370779397448,"upper_bound":13360.052887687549},"point_estimate":8703.651733907129,"standard_error":2749.007137536551}}