{"mean":{"confidence_interval":{"confidence_level":0.95,"lower_bound":93545.47954383094,"upper_bound":95825.92710268967},"point_estimate":94681.953490288,"standard_error":580.3640428457505},"median":{"confidence_interval":{"confidence_level":0.95,"lower_bound":93301.15860215054,"upper_bound":96703.16804407713},"point_estimate":94953.19405729094,"standard_error":1066.5428899882688},"median_abs_dev":{"confidence_interval":{"confidence_level":0.95,"lower_bound":4944.122719700417,"upper_bound":7872.830396643517},"point_estimate":6513.353243645177,"standard_error":739.1735593016966},"slope":{"confidence_interval":{"confidence_level":0.95,"lower_bound":94994.00557966175,"upper_bound":97782.38087894105},"point_estimate":96399.04496473528,"standard_error":711.6501961009908},"std_dev":{"confidence_interval":{"confidence_level":0.95,"lower_bound":5157.377319775578,"upper_bound":6426.334389337239},"point_estimate":5830.307816630258,"standard_error":323.66424907759273}}