{"mean":{"confidence_interval":{"confidence_level":0.95,"lower_bound":137502.48428372233,"upper_bound":139112.25308020914},"point_estimate":138260.62510612616,"standard_error":410.9225055396089},"median":{"confidence_interval":{"confidence_level":0.95,"lower_bound":137260.75184837094,"upper_bound":138605.12896825396},"point_estimate":138126.2931690705,"standard_error":320.92216484387706},"median_abs_dev":{"confidence_interval":{"confidence_level":0.95,"lower_bound":1882.8661959229805,"upper_bound":2991.7152944677036},"point_estimate":2364.4417917369215,"standard_error":274.6920558577523},"slope":{"confidence_interval":{"confidence_level":0.95,"lower_bound":137773.26548803475,"upper_bound":138760.60229494172},"point_estimate":138252.75348603516,"standard_error":251.10050899435743},"std_dev":{"confidence_interval":{"confidence_level":0.95,"lower_bound":2703.8497630951306,"upper_bound":5672.256697245709},"point_estimate":4112.44399910233,"standard_error":807.3478341745756}}