{"mean":{"confidence_interval":{"confidence_level":0.95,"lower_bound":136624.53425035469,"upper_bound":138991.25442869382},"point_estimate":137674.26644710868,"standard_error":608.8061850985522},"median":{"confidence_interval":{"confidence_level":0.95,"lower_bound":135911.1293367347,"upper_bound":137151.65132575756},"point_estimate":136549.55688717065,"standard_error":337.6353761211621},"median_abs_dev":{"confidence_interval":{"confidence_level":0.95,"lower_bound":1620.7215651159497,"upper_bound":3048.4773032745547},"point_estimate":2299.8022907087993,"standard_error":384.5543704624199},"slope":{"confidence_interval":{"confidence_level":0.95,"lower_bound":136499.79057090907,"upper_bound":140509.87906971286},"point_estimate":138048.29068494163,"standard_error":1078.8701210543734},"std_dev":{"confidence_interval":{"confidence_level":0.95,"lower_bound":2918.525316145834,"upper_bound":9132.107203839025},"point_estimate":6105.174925777897,"standard_error":1675.00702062868}}