{"mean":{"confidence_interval":{"confidence_level":0.95,"lower_bound":107810.08925629927,"upper_bound":109573.67888296336},"point_estimate":108636.65448125271,"standard_error":448.88146680861047},"median":{"confidence_interval":{"confidence_level":0.95,"lower_bound":108338.43422619047,"upper_bound":109139.86123481781},"point_estimate":108776.29259968101,"standard_error":221.6288764230212},"median_abs_dev":{"confidence_interval":{"confidence_level":0.95,"lower_bound":1683.1123895539454,"upper_bound":2998.751931960456},"point_estimate":2209.7905507683704,"standard_error":340.73437790500697},"slope":{"confidence_interval":{"confidence_level":0.95,"lower_bound":108463.4893993531,"upper_bound":109787.98596628559},"point_estimate":109089.98800206886,"standard_error":337.0462251442147},"std_dev":{"confidence_interval":{"confidence_level":0.95,"lower_bound":2755.8359088533175,"upper_bound":6435.8628686426055},"point_estimate":4501.373544383341,"standard_error":1023.6435583251953}}