{"mean":{"confidence_interval":{"confidence_level":0.95,"lower_bound":135027.45688708828,"upper_bound":138954.823999815},"point_estimate":136710.71200332022,"standard_error":1016.8514760003914},"median":{"confidence_interval":{"confidence_level":0.95,"lower_bound":134606.042399203,"upper_bound":135794.57735487405},"point_estimate":134948.70478896104,"standard_error":316.8599056583127},"median_abs_dev":{"confidence_interval":{"confidence_level":0.95,"lower_bound":2218.7460606268305,"upper_bound":3886.6391289595963},"point_estimate":2899.2366035282585,"standard_error":420.05291891306007},"slope":{"confidence_interval":{"confidence_level":0.95,"lower_bound":135448.2552261759,"upper_bound":141475.55083017529},"point_estimate":137724.75422417614,"standard_error":1632.1809451192269},"std_dev":{"confidence_interval":{"confidence_level":0.95,"lower_bound":3343.1342016422923,"upper_bound":15641.41958243254},"point_estimate":10201.788693988541,"standard_error":3313.8550027568667}}