{"mean":{"confidence_interval":{"confidence_level":0.95,"lower_bound":173098.85210594445,"upper_bound":178502.27834990117},"point_estimate":175554.17500248455,"standard_error":1386.127346807354},"median":{"confidence_interval":{"confidence_level":0.95,"lower_bound":169947.10087719298,"upper_bound":172479.51912568306},"point_estimate":171342.009375,"standard_error":626.6702768923595},"median_abs_dev":{"confidence_interval":{"confidence_level":0.95,"lower_bound":3465.354031165796,"upper_bound":7063.950532923132},"point_estimate":5091.955808964262,"standard_error":883.9652608969182},"slope":{"confidence_interval":{"confidence_level":0.95,"lower_bound":169511.88900303637,"upper_bound":171039.50447186676},"point_estimate":170220.88418846362,"standard_error":389.69368765015497},"std_dev":{"confidence_interval":{"confidence_level":0.95,"lower_bound":7836.742976631508,"upper_bound":19151.30015039057},"point_estimate":13922.289833886569,"standard_error":2909.53021798808}}