{"mean":{"confidence_interval":{"confidence_level":0.95,"lower_bound":123521.23508627871,"upper_bound":127037.2409612685},"point_estimate":124954.14544398431,"standard_error":915.3598322433244},"median":{"confidence_interval":{"confidence_level":0.95,"lower_bound":123181.79710144928,"upper_bound":124016.171875},"point_estimate":123541.08306962025,"standard_error":203.67836203711013},"median_abs_dev":{"confidence_interval":{"confidence_level":0.95,"lower_bound":1769.56545183769,"upper_bound":2932.192978792699},"point_estimate":2222.998817721384,"standard_error":301.7682001565856},"slope":{"confidence_interval":{"confidence_level":0.95,"lower_bound":123488.82115105948,"upper_bound":124885.64216962646},"point_estimate":124119.51634882519,"standard_error":356.9698123003532},"std_dev":{"confidence_interval":{"confidence_level":0.95,"lower_bound":2352.113628474012,"upper_bound":14732.190171232096},"point_estimate":9180.857064985748,"standard_error":3491.405495301627}}