{"mean":{"confidence_interval":{"confidence_level":0.95,"lower_bound":168326.8831709068,"upper_bound":171123.87110493286},"point_estimate":169598.80726060533,"standard_error":717.7573136061048},"median":{"confidence_interval":{"confidence_level":0.95,"lower_bound":166967.4081885856,"upper_bound":168941.18803418803},"point_estimate":168185.40150501672,"standard_error":477.97165945065814},"median_abs_dev":{"confidence_interval":{"confidence_level":0.95,"lower_bound":3051.6485672113076,"upper_bound":5448.020131200391},"point_estimate":4242.635908515949,"standard_error":616.0241873249763},"slope":{"confidence_interval":{"confidence_level":0.95,"lower_bound":169457.24358881146,"upper_bound":172797.87169285375},"point_estimate":170939.32017437564,"standard_error":858.1941739710883},"std_dev":{"confidence_interval":{"confidence_level":0.95,"lower_bound":4153.612020919388,"upper_bound":10165.158495173515},"point_estimate":7181.845140762842,"standard_error":1597.0102816074884}}