{"mean":{"confidence_interval":{"confidence_level":0.95,"lower_bound":97554.71091277435,"upper_bound":103282.73561633729},"point_estimate":100146.57112080196,"standard_error":1467.953258490231},"median":{"confidence_interval":{"confidence_level":0.95,"lower_bound":96324.31457837936,"upper_bound":97822.8051948052},"point_estimate":96717.53889469407,"standard_error":406.9751785406902},"median_abs_dev":{"confidence_interval":{"confidence_level":0.95,"lower_bound":2359.49178859194,"upper_bound":3935.73013797618},"point_estimate":3221.9683025655722,"standard_error":411.81576686820324},"slope":{"confidence_interval":{"confidence_level":0.95,"lower_bound":95716.0771612771,"upper_bound":97141.46060315141},"point_estimate":96427.48179292557,"standard_error":362.13931106657833},"std_dev":{"confidence_interval":{"confidence_level":0.95,"lower_bound":7906.718791427186,"upper_bound":19930.24732856766},"point_estimate":14704.66896769273,"standard_error":3054.6015527882114}}