{"mean":{"confidence_interval":{"confidence_level":0.95,"lower_bound":854475.3933053797,"upper_bound":866271.9557874919},"point_estimate":859401.4085313333,"standard_error":3061.068036465808},"median":{"confidence_interval":{"confidence_level":0.95,"lower_bound":849712.0510204082,"upper_bound":859289.2174796748},"point_estimate":852874.3171212121,"standard_error":2350.1537039850014},"median_abs_dev":{"confidence_interval":{"confidence_level":0.95,"lower_bound":11276.08248921425,"upper_bound":18713.83759112882},"point_estimate":15352.704278905643,"standard_error":1881.7214793884737},"slope":{"confidence_interval":{"confidence_level":0.95,"lower_bound":854152.0519785081,"upper_bound":868968.3492779393},"point_estimate":860278.6216447465,"standard_error":3824.295706724067},"std_dev":{"confidence_interval":{"confidence_level":0.95,"lower_bound":12954.023328526388,"upper_bound":48693.89436337215},"point_estimate":30793.774518008162,"standard_error":11408.579058502391}}