{"mean":{"confidence_interval":{"confidence_level":0.95,"lower_bound":1004107.3821126516,"upper_bound":1027865.489858057},"point_estimate":1014473.6335971601,"standard_error":6115.257159666889},"median":{"confidence_interval":{"confidence_level":0.95,"lower_bound":1001038.8303571428,"upper_bound":1013561.9166666666},"point_estimate":1007428.3229411764,"standard_error":3325.3321429252474},"median_abs_dev":{"confidence_interval":{"confidence_level":0.95,"lower_bound":19405.530390255044,"upper_bound":33036.14330370206},"point_estimate":26845.626533763905,"standard_error":3334.024441856301},"slope":{"confidence_interval":{"confidence_level":0.95,"lower_bound":1006099.569332774,"upper_bound":1020121.5638558543},"point_estimate":1012856.2704595833,"standard_error":3575.829901961092},"std_dev":{"confidence_interval":{"confidence_level":0.95,"lower_bound":30041.84118134183,"upper_bound":93395.93061243015},"point_estimate":61525.14659255337,"standard_error":18675.34106433703}}