{"mean":{"confidence_interval":{"confidence_level":0.95,"lower_bound":11721173.505649995,"upper_bound":12070117.4869},"point_estimate":11891483.838,"standard_error":89102.06526928615},"median":{"confidence_interval":{"confidence_level":0.95,"lower_bound":11582976.2,"upper_bound":11895956.899999999},"point_estimate":11731760.8,"standard_error":69978.47694980688},"median_abs_dev":{"confidence_interval":{"confidence_level":0.95,"lower_bound":559880.3030136374,"upper_bound":953553.595131039},"point_estimate":718938.6727362857,"standard_error":103577.00604636804},"slope":null,"std_dev":{"confidence_interval":{"confidence_level":0.95,"lower_bound":734971.2328991969,"upper_bound":1045931.5796560596},"point_estimate":899480.9534418727,"standard_error":79447.76457109427}}