{"mean":{"confidence_interval":{"confidence_level":0.95,"lower_bound":2654819.662342106,"upper_bound":2717866.8566447366},"point_estimate":2683412.7789473697,"standard_error":16259.535119425278},"median":{"confidence_interval":{"confidence_level":0.95,"lower_bound":2638910.947368421,"upper_bound":2654433.210526316},"point_estimate":2648340.657894737,"standard_error":4224.039357730419},"median_abs_dev":{"confidence_interval":{"confidence_level":0.95,"lower_bound":39572.817197442055,"upper_bound":70620.02127782283},"point_estimate":56101.15383032078,"standard_error":8191.732360327265},"slope":null,"std_dev":{"confidence_interval":{"confidence_level":0.95,"lower_bound":81716.69930115371,"upper_bound":230806.05827320897},"point_estimate":163156.5586433989,"standard_error":38342.82744446993}}