{"mean":{"confidence_interval":{"confidence_level":0.95,"lower_bound":78353.218969,"upper_bound":79445.07789211531},"point_estimate":78838.20352794793,"standard_error":282.315935642732},"median":{"confidence_interval":{"confidence_level":0.95,"lower_bound":78170.76418617615,"upper_bound":78357.08947133948},"point_estimate":78296.16225490195,"standard_error":46.88654081610149},"median_abs_dev":{"confidence_interval":{"confidence_level":0.95,"lower_bound":334.46948534402884,"upper_bound":577.0159795822276},"point_estimate":421.1924293643283,"standard_error":63.142912404770044},"slope":{"confidence_interval":{"confidence_level":0.95,"lower_bound":78373.0107909382,"upper_bound":79831.23147268205},"point_estimate":78988.15383319503,"standard_error":380.68768052812345},"std_dev":{"confidence_interval":{"confidence_level":0.95,"lower_bound":1198.7340309739595,"upper_bound":4140.177140228372},"point_estimate":2845.2962224728526,"standard_error":746.0548002771967}}