{"mean":{"confidence_interval":{"confidence_level":0.95,"lower_bound":17993873.396166667,"upper_bound":18169267.24066666},"point_estimate":18082570.010000005,"standard_error":44617.3388363471},"median":{"confidence_interval":{"confidence_level":0.95,"lower_bound":17997782.0,"upper_bound":18209601.333333336},"point_estimate":18116150.166666664,"standard_error":59394.66038516225},"median_abs_dev":{"confidence_interval":{"confidence_level":0.95,"lower_bound":315624.03669655876,"upper_bound":490869.5774853285},"point_estimate":406583.2747817058,"standard_error":45940.207011136576},"slope":null,"std_dev":{"confidence_interval":{"confidence_level":0.95,"lower_bound":368374.16613187635,"upper_bound":523749.12329754897},"point_estimate":448935.28115416196,"standard_error":39799.54938596581}}