{"mean":{"confidence_interval":{"confidence_level":0.95,"lower_bound":12102466.898200003,"upper_bound":12252891.998550002},"point_estimate":12170390.928,"standard_error":38602.995729221955},"median":{"confidence_interval":{"confidence_level":0.95,"lower_bound":12061534.4,"upper_bound":12155085.6},"point_estimate":12115795.0,"standard_error":22116.726974092355},"median_abs_dev":{"confidence_interval":{"confidence_level":0.95,"lower_bound":152991.2704038609,"upper_bound":262334.2045426369},"point_estimate":208292.99072206047,"standard_error":27489.884054860253},"slope":null,"std_dev":{"confidence_interval":{"confidence_level":0.95,"lower_bound":188757.2916654131,"upper_bound":550656.9772456568},"point_estimate":386945.09478035755,"standard_error":91393.34875647431}}