{"mean":{"confidence_interval":{"confidence_level":0.95,"lower_bound":12715965.859100003,"upper_bound":12958498.357099997},"point_estimate":12833206.580000006,"standard_error":61841.27947038565},"median":{"confidence_interval":{"confidence_level":0.95,"lower_bound":12663497.8,"upper_bound":12968330.0},"point_estimate":12844749.1,"standard_error":66696.47022312344},"median_abs_dev":{"confidence_interval":{"confidence_level":0.95,"lower_bound":339221.24613762123,"upper_bound":738339.8277318483},"point_estimate":561657.2027885922,"standard_error":110130.01009850214},"slope":null,"std_dev":{"confidence_interval":{"confidence_level":0.95,"lower_bound":482783.84956503863,"upper_bound":765821.8616270645},"point_estimate":621883.3235725962,"standard_error":73415.81215739119}}