{"mean":{"confidence_interval":{"confidence_level":0.95,"lower_bound":10224282.27025,"upper_bound":10400150.069050001},"point_estimate":10304009.978,"standard_error":44969.157511340745},"median":{"confidence_interval":{"confidence_level":0.95,"lower_bound":10161802.2,"upper_bound":10265853.4},"point_estimate":10208712.6,"standard_error":26709.168363928133},"median_abs_dev":{"confidence_interval":{"confidence_level":0.95,"lower_bound":193110.72221159714,"upper_bound":333855.56857287884},"point_estimate":257248.59011292292,"standard_error":36622.12447653255},"slope":null,"std_dev":{"confidence_interval":{"confidence_level":0.95,"lower_bound":250991.01009831697,"upper_bound":625968.439094921},"point_estimate":450193.97889656946,"standard_error":100204.16742351484}}