{"mean":{"confidence_interval":{"confidence_level":0.95,"lower_bound":10839976.026950004,"upper_bound":11045566.835549999},"point_estimate":10933700.762000002,"standard_error":52441.78292440166},"median":{"confidence_interval":{"confidence_level":0.95,"lower_bound":10720056.0,"upper_bound":10994069.6},"point_estimate":10815027.2,"standard_error":73639.36136451793},"median_abs_dev":{"confidence_interval":{"confidence_level":0.95,"lower_bound":302127.92913615704,"upper_bound":505499.4996690898},"point_estimate":412775.996031762,"standard_error":51337.728118142084},"slope":null,"std_dev":{"confidence_interval":{"confidence_level":0.95,"lower_bound":328352.64136748266,"upper_bound":755405.4494123814},"point_estimate":527463.5848057152,"standard_error":126417.72051405234}}