{"mean":{"confidence_interval":{"confidence_level":0.95,"lower_bound":10619285.413099999,"upper_bound":10728030.433500001},"point_estimate":10673409.036000002,"standard_error":27651.660956792704},"median":{"confidence_interval":{"confidence_level":0.95,"lower_bound":10576691.6,"upper_bound":10756792.7},"point_estimate":10680452.4,"standard_error":43405.44223413566},"median_abs_dev":{"confidence_interval":{"confidence_level":0.95,"lower_bound":244408.08826088905,"upper_bound":387939.77779269055},"point_estimate":327315.9683489794,"standard_error":36640.106093733426},"slope":null,"std_dev":{"confidence_interval":{"confidence_level":0.95,"lower_bound":245823.74525666292,"upper_bound":306008.02563520486},"point_estimate":277883.70488582284,"standard_error":15333.230072984083}}