{"mean":{"confidence_interval":{"confidence_level":0.95,"lower_bound":10925527.037800003,"upper_bound":11135724.73515},"point_estimate":11019783.63,"standard_error":53813.44347203043},"median":{"confidence_interval":{"confidence_level":0.95,"lower_bound":10911423.8,"upper_bound":11044475.6},"point_estimate":10975579.6,"standard_error":31721.4877607855},"median_abs_dev":{"confidence_interval":{"confidence_level":0.95,"lower_bound":231261.7260342842,"upper_bound":415772.47883856326},"point_estimate":321159.32369828364,"standard_error":48771.18727274423},"slope":null,"std_dev":{"confidence_interval":{"confidence_level":0.95,"lower_bound":302193.9968453478,"upper_bound":793863.7702596441},"point_estimate":539491.9865331315,"standard_error":142977.5443276509}}