{"mean":{"confidence_interval":{"confidence_level":0.95,"lower_bound":16040501.0233125,"upper_bound":16370002.001375},"point_estimate":16171107.0025,"standard_error":86699.44707312631},"median":{"confidence_interval":{"confidence_level":0.95,"lower_bound":16009779.75,"upper_bound":16141180.75},"point_estimate":16078105.375,"standard_error":33417.940389173564},"median_abs_dev":{"confidence_interval":{"confidence_level":0.95,"lower_bound":203654.4728469104,"upper_bound":314461.3076671958},"point_estimate":251548.47505912185,"standard_error":28237.0142716715},"slope":null,"std_dev":{"confidence_interval":{"confidence_level":0.95,"lower_bound":230284.8457869666,"upper_bound":1423762.453914886},"point_estimate":868730.5778316328,"standard_error":370640.28139908233}}