{"mean":{"confidence_interval":{"confidence_level":0.95,"lower_bound":13720561.96325,"upper_bound":14016660.737812499},"point_estimate":13846232.78,"standard_error":76627.27626195659},"median":{"confidence_interval":{"confidence_level":0.95,"lower_bound":13586517.0,"upper_bound":13821800.0},"point_estimate":13658195.375,"standard_error":62693.87426623968},"median_abs_dev":{"confidence_interval":{"confidence_level":0.95,"lower_bound":265124.8283430938,"upper_bound":460075.60538202524},"point_estimate":370194.8352277279,"standard_error":52179.23450678036},"slope":null,"std_dev":{"confidence_interval":{"confidence_level":0.95,"lower_bound":352266.75479218195,"upper_bound":1206638.2752215106},"point_estimate":772936.7086683593,"standard_error":272498.6872073048}}