{"mean":{"confidence_interval":{"confidence_level":0.95,"lower_bound":11626057.666,"upper_bound":11734640.277999997},"point_estimate":11673257.376000002,"standard_error":27960.11544812386},"median":{"confidence_interval":{"confidence_level":0.95,"lower_bound":11596431.15,"upper_bound":11658234.4},"point_estimate":11628274.1,"standard_error":18027.74406435575},"median_abs_dev":{"confidence_interval":{"confidence_level":0.95,"lower_bound":83634.05755519922,"upper_bound":140936.9913178699},"point_estimate":109624.03509378489,"standard_error":14875.225425712897},"slope":null,"std_dev":{"confidence_interval":{"confidence_level":0.95,"lower_bound":108255.33500628696,"upper_bound":418909.49789760576},"point_estimate":280042.5528132902,"standard_error":82542.21264347728}}