{"mean":{"confidence_interval":{"confidence_level":0.95,"lower_bound":10100865.675041668,"upper_bound":10231589.61070833},"point_estimate":10161111.365000002,"standard_error":33523.00030268541},"median":{"confidence_interval":{"confidence_level":0.95,"lower_bound":10045721.083333332,"upper_bound":10171455.25},"point_estimate":10107688.166666668,"standard_error":33441.1836604163},"median_abs_dev":{"confidence_interval":{"confidence_level":0.95,"lower_bound":172069.19389516345,"upper_bound":293618.6701372275},"point_estimate":222898.1571927639,"standard_error":31107.586263901805},"slope":null,"std_dev":{"confidence_interval":{"confidence_level":0.95,"lower_bound":210643.33289139852,"upper_bound":486165.55269338517},"point_estimate":338326.20885611174,"standard_error":81856.935927668}}