{"mean":{"confidence_interval":{"confidence_level":0.95,"lower_bound":9491236.190666663,"upper_bound":9569849.656375002},"point_estimate":9528533.793333337,"standard_error":19978.890798389337},"median":{"confidence_interval":{"confidence_level":0.95,"lower_bound":9456310.5,"upper_bound":9534101.833333334},"point_estimate":9493910.833333334,"standard_error":19908.767584805886},"median_abs_dev":{"confidence_interval":{"confidence_level":0.95,"lower_bound":129043.1542590279,"upper_bound":200999.04363155365},"point_estimate":160416.82295203116,"standard_error":17836.085574652494},"slope":null,"std_dev":{"confidence_interval":{"confidence_level":0.95,"lower_bound":147743.51397584163,"upper_bound":252206.04033450453},"point_estimate":201648.13050099026,"standard_error":26874.002838003133}}