{"mean":{"confidence_interval":{"confidence_level":0.95,"lower_bound":10510641.4681,"upper_bound":10664077.573250003},"point_estimate":10579733.763999999,"standard_error":39189.271902026485},"median":{"confidence_interval":{"confidence_level":0.95,"lower_bound":10463373.0,"upper_bound":10591953.8},"point_estimate":10545133.5,"standard_error":32680.498777979286},"median_abs_dev":{"confidence_interval":{"confidence_level":0.95,"lower_bound":214667.13278889656,"upper_bound":334699.3162178988},"point_estimate":289657.6324975496,"standard_error":31839.981680398025},"slope":null,"std_dev":{"confidence_interval":{"confidence_level":0.95,"lower_bound":231545.05684029218,"upper_bound":576420.8371039286},"point_estimate":394301.37508863874,"standard_error":103516.93317861872}}