{"mean":{"confidence_interval":{"confidence_level":0.95,"lower_bound":11575017.1764375,"upper_bound":11803005.3636875},"point_estimate":11687770.1675,"standard_error":58271.221832100644},"median":{"confidence_interval":{"confidence_level":0.95,"lower_bound":11542692.25,"upper_bound":11830389.5},"point_estimate":11703253.25,"standard_error":63606.78500691082},"median_abs_dev":{"confidence_interval":{"confidence_level":0.95,"lower_bound":447388.99740725756,"upper_bound":795129.3000586331},"point_estimate":622593.3960467577,"standard_error":91163.60749443964},"slope":null,"std_dev":{"confidence_interval":{"confidence_level":0.95,"lower_bound":513544.0204158198,"upper_bound":644053.2802842387},"point_estimate":584354.7874679201,"standard_error":33343.75551689628}}