{"mean":{"confidence_interval":{"confidence_level":0.95,"lower_bound":11952742.769349992,"upper_bound":12325427.94839999},"point_estimate":12128704.463999994,"standard_error":95279.256360173},"median":{"confidence_interval":{"confidence_level":0.95,"lower_bound":11767642.8,"upper_bound":12221902.8},"point_estimate":11979082.8,"standard_error":133607.70572293538},"median_abs_dev":{"confidence_interval":{"confidence_level":0.95,"lower_bound":646740.0570380704,"upper_bound":1026361.833699435},"point_estimate":849173.9609241486,"standard_error":96267.09316566667},"slope":null,"std_dev":{"confidence_interval":{"confidence_level":0.95,"lower_bound":683355.6734331717,"upper_bound":1281166.5680749316},"point_estimate":957293.2042350303,"standard_error":167919.75224176646}}