{"mean":{"confidence_interval":{"confidence_level":0.95,"lower_bound":11771762.888200004,"upper_bound":11911289.432},"point_estimate":11831570.316,"standard_error":35909.96673079889},"median":{"confidence_interval":{"confidence_level":0.95,"lower_bound":11759288.8,"upper_bound":11863460.1},"point_estimate":11813479.5,"standard_error":28336.68925658896},"median_abs_dev":{"confidence_interval":{"confidence_level":0.95,"lower_bound":123294.64467108194,"upper_bound":201725.07283866295},"point_estimate":150115.0264549258,"standard_error":19481.614243736505},"slope":null,"std_dev":{"confidence_interval":{"confidence_level":0.95,"lower_bound":154089.84303674026,"upper_bound":563119.7010138473},"point_estimate":360534.8260845612,"standard_error":122291.23400205743}}