{"mean":{"confidence_interval":{"confidence_level":0.95,"lower_bound":16305835.828500003,"upper_bound":16515914.419500005},"point_estimate":16408977.723333333,"standard_error":53791.866822158685},"median":{"confidence_interval":{"confidence_level":0.95,"lower_bound":16225733.333333332,"upper_bound":16501375.166666668},"point_estimate":16352385.166666666,"standard_error":78776.19890813806},"median_abs_dev":{"confidence_interval":{"confidence_level":0.95,"lower_bound":351462.1845602989,"upper_bound":574317.7170038237},"point_estimate":483227.76302099135,"standard_error":55310.268444843},"slope":null,"std_dev":{"confidence_interval":{"confidence_level":0.95,"lower_bound":439012.9839486616,"upper_bound":636192.5634082285},"point_estimate":539870.2277459006,"standard_error":50322.16408193008}}