{"mean":{"confidence_interval":{"confidence_level":0.95,"lower_bound":10876379.747549994,"upper_bound":11110637.5098},"point_estimate":10986524.338000001,"standard_error":59795.77043815835},"median":{"confidence_interval":{"confidence_level":0.95,"lower_bound":10752779.2,"upper_bound":11016944.2},"point_estimate":10843580.9,"standard_error":73245.75578132627},"median_abs_dev":{"confidence_interval":{"confidence_level":0.95,"lower_bound":338068.6729180816,"upper_bound":536948.9329272503},"point_estimate":434958.360317946,"standard_error":49976.12485951119},"slope":null,"std_dev":{"confidence_interval":{"confidence_level":0.95,"lower_bound":408506.79282943177,"upper_bound":812527.4910188889},"point_estimate":601876.9114259783,"standard_error":110176.93593892962}}