{"mean":{"confidence_interval":{"confidence_level":0.95,"lower_bound":3878326.3244999987,"upper_bound":3976128.5181730767},"point_estimate":3916842.783076923,"standard_error":25889.049671522094},"median":{"confidence_interval":{"confidence_level":0.95,"lower_bound":3853794.4615384615,"upper_bound":3920296.769230769},"point_estimate":3887945.653846154,"standard_error":18727.53102931826},"median_abs_dev":{"confidence_interval":{"confidence_level":0.95,"lower_bound":84560.54568336603,"upper_bound":128841.13100492058},"point_estimate":104291.55636383929,"standard_error":11186.543153336064},"slope":null,"std_dev":{"confidence_interval":{"confidence_level":0.95,"lower_bound":85898.90570941586,"upper_bound":427520.37908702996},"point_estimate":260430.29426030425,"standard_error":115486.79621254616}}