{"mean":{"confidence_interval":{"confidence_level":0.95,"lower_bound":24719473.93808333,"upper_bound":25357295.478499994},"point_estimate":25019554.73666666,"standard_error":162583.58498247142},"median":{"confidence_interval":{"confidence_level":0.95,"lower_bound":24538411.833333332,"upper_bound":24959747.666666668},"point_estimate":24766913.166666664,"standard_error":105210.26445683527},"median_abs_dev":{"confidence_interval":{"confidence_level":0.95,"lower_bound":896830.1602780782,"upper_bound":1411517.7063405504},"point_estimate":1193870.5476045571,"standard_error":128658.90469304702},"slope":null,"std_dev":{"confidence_interval":{"confidence_level":0.95,"lower_bound":1134257.8865044839,"upper_bound":2227116.473307593},"point_estimate":1645743.1544947284,"standard_error":308056.25349716964}}