{"mean":{"confidence_interval":{"confidence_level":0.95,"lower_bound":14100716.2746875,"upper_bound":14220961.6286875},"point_estimate":14160230.8625,"standard_error":30638.345995323605},"median":{"confidence_interval":{"confidence_level":0.95,"lower_bound":14055564.5,"upper_bound":14190726.0},"point_estimate":14122939.0,"standard_error":32520.883555466135},"median_abs_dev":{"confidence_interval":{"confidence_level":0.95,"lower_bound":245775.97206160426,"upper_bound":410992.15027593076},"point_estimate":343571.23152539134,"standard_error":42982.19244749209},"slope":null,"std_dev":{"confidence_interval":{"confidence_level":0.95,"lower_bound":265260.8461388009,"upper_bound":351854.44221242564},"point_estimate":309455.72516702727,"standard_error":22193.00827168486}}