{"mean":{"confidence_interval":{"confidence_level":0.95,"lower_bound":16521797.860312501,"upper_bound":16745991.324},"point_estimate":16630629.07,"standard_error":57138.53462323914},"median":{"confidence_interval":{"confidence_level":0.95,"lower_bound":16358928.5,"upper_bound":16555745.125},"point_estimate":16470993.375,"standard_error":55412.96836051182},"median_abs_dev":{"confidence_interval":{"confidence_level":0.95,"lower_bound":298680.0965661184,"upper_bound":564826.2972973287},"point_estimate":468826.095751673,"standard_error":68787.98668970024},"slope":null,"std_dev":{"confidence_interval":{"confidence_level":0.95,"lower_bound":472703.3300281105,"upper_bound":669951.2465069896},"point_estimate":574892.2343236932,"standard_error":50488.81202792332}}