{"mean":{"confidence_interval":{"confidence_level":0.95,"lower_bound":19589127.73175,"upper_bound":19792198.0145},"point_estimate":19687710.37666666,"standard_error":51714.933569599976},"median":{"confidence_interval":{"confidence_level":0.95,"lower_bound":19545547.0,"upper_bound":19842834.166666664},"point_estimate":19648898.333333332,"standard_error":76413.54006265743},"median_abs_dev":{"confidence_interval":{"confidence_level":0.95,"lower_bound":376139.5545671881,"upper_bound":607552.1722137881},"point_estimate":475352.1919608135,"standard_error":60653.95810963563},"slope":null,"std_dev":{"confidence_interval":{"confidence_level":0.95,"lower_bound":400624.8617649565,"upper_bound":661549.2934875543},"point_estimate":519506.9976247537,"standard_error":71041.5089480049}}