{"mean":{"confidence_interval":{"confidence_level":0.95,"lower_bound":20339171.21674999,"upper_bound":20833580.245000005},"point_estimate":20562373.286666665,"standard_error":126803.55821147424},"median":{"confidence_interval":{"confidence_level":0.95,"lower_bound":20109016.666666668,"upper_bound":20429123.0},"point_estimate":20235285.833333332,"standard_error":83004.63652343427},"median_abs_dev":{"confidence_interval":{"confidence_level":0.95,"lower_bound":443356.44902884774,"upper_bound":736571.481323244},"point_estimate":573308.5606217366,"standard_error":73086.83891740227},"slope":null,"std_dev":{"confidence_interval":{"confidence_level":0.95,"lower_bound":702323.5623462505,"upper_bound":1830378.5691729093},"point_estimate":1276172.0844519746,"standard_error":302317.4207523616}}