{"mean":{"confidence_interval":{"confidence_level":0.95,"lower_bound":21448096.714000005,"upper_bound":21823490.482083343},"point_estimate":21634888.07333333,"standard_error":95431.19133144962},"median":{"confidence_interval":{"confidence_level":0.95,"lower_bound":21421634.0,"upper_bound":21945914.0},"point_estimate":21739525.5,"standard_error":124400.19459896475},"median_abs_dev":{"confidence_interval":{"confidence_level":0.95,"lower_bound":674673.9208221417,"upper_bound":1160139.4214034062},"point_estimate":842286.0485464325,"standard_error":121660.61481602487},"slope":null,"std_dev":{"confidence_interval":{"confidence_level":0.95,"lower_bound":822885.2723314591,"upper_bound":1082380.713353139},"point_estimate":958218.1524275002,"standard_error":66055.05221665103}}