{"mean":{"confidence_interval":{"confidence_level":0.95,"lower_bound":18559601.490666673,"upper_bound":19015922.25266667},"point_estimate":18744807.499999996,"standard_error":119121.34460747903},"median":{"confidence_interval":{"confidence_level":0.95,"lower_bound":18488794.666666668,"upper_bound":18705563.0},"point_estimate":18585695.333333336,"standard_error":49813.864332382356},"median_abs_dev":{"confidence_interval":{"confidence_level":0.95,"lower_bound":297683.3415150661,"upper_bound":456198.97710084915},"point_estimate":382142.86131560896,"standard_error":41413.50158953047},"slope":null,"std_dev":{"confidence_interval":{"confidence_level":0.95,"lower_bound":360252.1546465182,"upper_bound":1924862.4301700254},"point_estimate":1191953.579264167,"standard_error":470763.4529250369}}