{"mean":{"confidence_interval":{"confidence_level":0.95,"lower_bound":14773590.07175,"upper_bound":14842091.6746875},"point_estimate":14808190.36,"standard_error":17544.93172721966},"median":{"confidence_interval":{"confidence_level":0.95,"lower_bound":14764542.25,"upper_bound":14882618.25},"point_estimate":14818155.125,"standard_error":27375.851463725303},"median_abs_dev":{"confidence_interval":{"confidence_level":0.95,"lower_bound":143109.07440930605,"upper_bound":214107.6366238296},"point_estimate":187161.19677722454,"standard_error":17841.546944392474},"slope":null,"std_dev":{"confidence_interval":{"confidence_level":0.95,"lower_bound":151909.36132664612,"upper_bound":199542.05123122048},"point_estimate":177038.33513460858,"standard_error":12202.386444159953}}