{"mean":{"confidence_interval":{"confidence_level":0.95,"lower_bound":20063866.770083334,"upper_bound":20394905.970500004},"point_estimate":20204373.013333336,"standard_error":85472.29890623069},"median":{"confidence_interval":{"confidence_level":0.95,"lower_bound":20003398.0,"upper_bound":20236134.333333336},"point_estimate":20160015.0,"standard_error":64685.92492308589},"median_abs_dev":{"confidence_interval":{"confidence_level":0.95,"lower_bound":383107.53969848156,"upper_bound":601571.9754924607},"point_estimate":511798.70001375675,"standard_error":57105.99091292895},"slope":null,"std_dev":{"confidence_interval":{"confidence_level":0.95,"lower_bound":405113.9572842091,"upper_bound":1351389.5665483905},"point_estimate":860758.6454318336,"standard_error":309540.9682246294}}