{"mean":{"confidence_interval":{"confidence_level":0.95,"lower_bound":14069635.2536875,"upper_bound":14342835.4353125},"point_estimate":14190963.2075,"standard_error":70273.86076745989},"median":{"confidence_interval":{"confidence_level":0.95,"lower_bound":13985128.875,"upper_bound":14254207.0},"point_estimate":14106905.375,"standard_error":66988.05934667929},"median_abs_dev":{"confidence_interval":{"confidence_level":0.95,"lower_bound":348469.46385093045,"upper_bound":555295.959341526},"point_estimate":450456.68207779527,"standard_error":54143.28860801816},"slope":null,"std_dev":{"confidence_interval":{"confidence_level":0.95,"lower_bound":386142.5669030566,"upper_bound":1046633.9831547429},"point_estimate":702617.0500903851,"standard_error":201304.5686956652}}