{"mean":{"confidence_interval":{"confidence_level":0.95,"lower_bound":20362211.08625,"upper_bound":20716616.13633334},"point_estimate":20531997.779999997,"standard_error":90449.39525634806},"median":{"confidence_interval":{"confidence_level":0.95,"lower_bound":20158166.666666668,"upper_bound":20456224.5},"point_estimate":20320233.833333332,"standard_error":64417.98024299382},"median_abs_dev":{"confidence_interval":{"confidence_level":0.95,"lower_bound":421183.4251225004,"upper_bound":782082.8527152529},"point_estimate":631985.1726800222,"standard_error":94167.1305348231},"slope":null,"std_dev":{"confidence_interval":{"confidence_level":0.95,"lower_bound":686330.0644928084,"upper_bound":1108172.6999300683},"point_estimate":908177.0463883587,"standard_error":107826.56774036135}}