{"mean":{"confidence_interval":{"confidence_level":0.95,"lower_bound":16158067.49,"upper_bound":16300498.303437501},"point_estimate":16229013.2125,"standard_error":36477.047359896984},"median":{"confidence_interval":{"confidence_level":0.95,"lower_bound":16153538.0,"upper_bound":16293238.375},"point_estimate":16203678.875,"standard_error":35030.79628364859},"median_abs_dev":{"confidence_interval":{"confidence_level":0.95,"lower_bound":228151.4907445015,"upper_bound":360821.0088647716},"point_estimate":274415.9117281437,"standard_error":33061.728279936135},"slope":null,"std_dev":{"confidence_interval":{"confidence_level":0.95,"lower_bound":306703.5405153705,"upper_bound":417316.72599242657},"point_estimate":365008.25396615994,"standard_error":28252.205589555346}}