{"mean":{"confidence_interval":{"confidence_level":0.95,"lower_bound":22244192.391000003,"upper_bound":22628648.330416664},"point_estimate":22427375.266666666,"standard_error":98463.26362530247},"median":{"confidence_interval":{"confidence_level":0.95,"lower_bound":22075072.833333336,"upper_bound":22496868.5},"point_estimate":22218438.666666664,"standard_error":114591.85131447937},"median_abs_dev":{"confidence_interval":{"confidence_level":0.95,"lower_bound":538602.8720378838,"upper_bound":823331.7491829414},"point_estimate":691556.7809224119,"standard_error":71415.44048317905},"slope":null,"std_dev":{"confidence_interval":{"confidence_level":0.95,"lower_bound":680870.6321317035,"upper_bound":1290922.0501296914},"point_estimate":992986.494739037,"standard_error":158309.82526432807}}