{"mean":{"confidence_interval":{"confidence_level":0.95,"lower_bound":19292651.534916673,"upper_bound":19550742.72666666},"point_estimate":19408980.430000003,"standard_error":66195.01145004068},"median":{"confidence_interval":{"confidence_level":0.95,"lower_bound":19387734.333333332,"upper_bound":19578135.5},"point_estimate":19495185.0,"standard_error":59246.863749322874},"median_abs_dev":{"confidence_interval":{"confidence_level":0.95,"lower_bound":233066.44556224253,"upper_bound":451949.7282037882},"point_estimate":316265.5082851639,"standard_error":60890.981900170686},"slope":null,"std_dev":{"confidence_interval":{"confidence_level":0.95,"lower_bound":368834.70445756364,"upper_bound":1009377.954659631},"point_estimate":669975.1036844491,"standard_error":197084.22788645548}}