{"mean":{"confidence_interval":{"confidence_level":0.95,"lower_bound":19625314.201916665,"upper_bound":19918847.76249999},"point_estimate":19757808.913333327,"standard_error":75114.23156183508},"median":{"confidence_interval":{"confidence_level":0.95,"lower_bound":19623651.333333332,"upper_bound":19788986.0},"point_estimate":19730768.833333336,"standard_error":36298.03678989808},"median_abs_dev":{"confidence_interval":{"confidence_level":0.95,"lower_bound":400428.0138909817,"upper_bound":646639.9321198482},"point_estimate":596477.8917103959,"standard_error":68696.22141509643},"slope":null,"std_dev":{"confidence_interval":{"confidence_level":0.95,"lower_bound":414353.7844143003,"upper_bound":1105598.9849576035},"point_estimate":754977.3387377629,"standard_error":190705.04982065802}}