{"mean":{"confidence_interval":{"confidence_level":0.95,"lower_bound":16050519.0113125,"upper_bound":16182520.480625},"point_estimate":16116428.965,"standard_error":33615.47449209453},"median":{"confidence_interval":{"confidence_level":0.95,"lower_bound":15998389.5,"upper_bound":16292979.0},"point_estimate":16199328.25,"standard_error":87769.90573766691},"median_abs_dev":{"confidence_interval":{"confidence_level":0.95,"lower_bound":291999.9180659652,"upper_bound":514706.4492121339},"point_estimate":440279.3745584786,"standard_error":58135.270349196864},"slope":null,"std_dev":{"confidence_interval":{"confidence_level":0.95,"lower_bound":303072.0183673246,"upper_bound":366264.2254135619},"point_estimate":336653.4885115572,"standard_error":16138.303824778184}}