{"mean":{"confidence_interval":{"confidence_level":0.95,"lower_bound":22747936.107500006,"upper_bound":23105922.276833333},"point_estimate":22923196.320000004,"standard_error":91411.29732046356},"median":{"confidence_interval":{"confidence_level":0.95,"lower_bound":22672674.666666668,"upper_bound":22995039.666666668},"point_estimate":22800324.0,"standard_error":82083.41799301126},"median_abs_dev":{"confidence_interval":{"confidence_level":0.95,"lower_bound":561160.8777373983,"upper_bound":941297.534188631},"point_estimate":755133.3858937025,"standard_error":95089.84277030446},"slope":null,"std_dev":{"confidence_interval":{"confidence_level":0.95,"lower_bound":767080.756745053,"upper_bound":1053837.6595952585},"point_estimate":920019.9837126188,"standard_error":73170.43484432335}}