{"mean":{"confidence_interval":{"confidence_level":0.95,"lower_bound":19933413.625083335,"upper_bound":20409063.69391667},"point_estimate":20152288.09666667,"standard_error":121616.30162003158},"median":{"confidence_interval":{"confidence_level":0.95,"lower_bound":19807311.833333336,"upper_bound":20121206.833333336},"point_estimate":19943620.0,"standard_error":76054.49599853347},"median_abs_dev":{"confidence_interval":{"confidence_level":0.95,"lower_bound":556942.8808122855,"upper_bound":946371.7325985432},"point_estimate":724884.1457307329,"standard_error":95998.0589072461},"slope":null,"std_dev":{"confidence_interval":{"confidence_level":0.95,"lower_bound":761923.660734453,"upper_bound":1702522.3262896885},"point_estimate":1221356.57464607,"standard_error":255557.6116753351}}