{"mean":{"confidence_interval":{"confidence_level":0.95,"lower_bound":1216991.183725478,"upper_bound":1302487.3176969665},"point_estimate":1258606.548762788,"standard_error":21880.010634127928},"median":{"confidence_interval":{"confidence_level":0.95,"lower_bound":1191262.3043478262,"upper_bound":1271247.5531914893},"point_estimate":1209821.2643243242,"standard_error":20485.447269213302},"median_abs_dev":{"confidence_interval":{"confidence_level":0.95,"lower_bound":125503.87993429672,"upper_bound":250378.08172899412},"point_estimate":178419.12221862256,"standard_error":34136.18905981031},"slope":{"confidence_interval":{"confidence_level":0.95,"lower_bound":1218689.8043319138,"upper_bound":1319551.8555583137},"point_estimate":1267785.5506398699,"standard_error":25725.299246738516},"std_dev":{"confidence_interval":{"confidence_level":0.95,"lower_bound":177548.41619159203,"upper_bound":256538.58373558987},"point_estimate":219030.34276759432,"standard_error":20176.577425995638}}