{"mean":{"confidence_interval":{"confidence_level":0.95,"lower_bound":794371.1988606766,"upper_bound":844979.7843216307},"point_estimate":818916.406614598,"standard_error":12848.10498478805},"median":{"confidence_interval":{"confidence_level":0.95,"lower_bound":787191.282051282,"upper_bound":850249.2177419355},"point_estimate":814474.779736842,"standard_error":17475.667029598313},"median_abs_dev":{"confidence_interval":{"confidence_level":0.95,"lower_bound":71612.57967933758,"upper_bound":126668.75719411105},"point_estimate":94225.3505075055,"standard_error":14989.20089259893},"slope":{"confidence_interval":{"confidence_level":0.95,"lower_bound":816663.4159594156,"upper_bound":847800.2896829133},"point_estimate":832322.7523008719,"standard_error":7938.309780398428},"std_dev":{"confidence_interval":{"confidence_level":0.95,"lower_bound":100552.19284148344,"upper_bound":154570.69148918567},"point_estimate":128658.13618517168,"standard_error":13821.659915939032}}