{"mean":{"confidence_interval":{"confidence_level":0.95,"lower_bound":18749782.62075,"upper_bound":19392996.47216666},"point_estimate":19079301.043333326,"standard_error":163729.9568236734},"median":{"confidence_interval":{"confidence_level":0.95,"lower_bound":19432167.666666664,"upper_bound":20084805.333333332},"point_estimate":19854226.0,"standard_error":154501.80745184937},"median_abs_dev":{"confidence_interval":{"confidence_level":0.95,"lower_bound":557054.3229103143,"upper_bound":1397500.959089404},"point_estimate":849255.9981226902,"standard_error":212242.10568813665},"slope":null,"std_dev":{"confidence_interval":{"confidence_level":0.95,"lower_bound":1422773.9304396953,"upper_bound":1812651.3176489375},"point_estimate":1642995.450933759,"standard_error":99684.87623424044}}