{"mean":{"confidence_interval":{"confidence_level":0.95,"lower_bound":15114801.368125,"upper_bound":15794592.161125},"point_estimate":15451132.505,"standard_error":174131.8588841004},"median":{"confidence_interval":{"confidence_level":0.95,"lower_bound":14170854.0,"upper_bound":16451928.75},"point_estimate":14939561.75,"standard_error":601684.852579252},"median_abs_dev":{"confidence_interval":{"confidence_level":0.95,"lower_bound":890533.3110898733,"upper_bound":2713446.8735016882},"point_estimate":2021102.3377932608,"standard_error":593979.878135291},"slope":null,"std_dev":{"confidence_interval":{"confidence_level":0.95,"lower_bound":1625876.4374338998,"upper_bound":1867700.522164157},"point_estimate":1755927.8879192565,"standard_error":61670.32788536726}}