{"mean":{"confidence_interval":{"confidence_level":0.95,"lower_bound":96712.29482831877,"upper_bound":98994.64701039217},"point_estimate":97711.32849137287,"standard_error":584.3424704911428},"median":{"confidence_interval":{"confidence_level":0.95,"lower_bound":96076.56818181818,"upper_bound":97327.95247933884},"point_estimate":96755.6308604707,"standard_error":264.7155638273701},"median_abs_dev":{"confidence_interval":{"confidence_level":0.95,"lower_bound":1532.1561380934615,"upper_bound":2918.609143278665},"point_estimate":2091.7561187940787,"standard_error":339.93199565683335},"slope":{"confidence_interval":{"confidence_level":0.95,"lower_bound":96571.28018601333,"upper_bound":97505.78166205778},"point_estimate":97023.31100930988,"standard_error":238.822710092457},"std_dev":{"confidence_interval":{"confidence_level":0.95,"lower_bound":2982.221924208113,"upper_bound":8885.186975559813},"point_estimate":5877.128022309889,"standard_error":1758.9493441609711}}