{"mean":{"confidence_interval":{"confidence_level":0.95,"lower_bound":95561.55562229274,"upper_bound":98110.17923329161},"point_estimate":96688.34136946152,"standard_error":650.9560726165238},"median":{"confidence_interval":{"confidence_level":0.95,"lower_bound":95356.14545454546,"upper_bound":97006.62083333332},"point_estimate":96162.93517561984,"standard_error":418.7805584767057},"median_abs_dev":{"confidence_interval":{"confidence_level":0.95,"lower_bound":2310.464079629947,"upper_bound":3841.289451803482},"point_estimate":2949.0718105404103,"standard_error":404.2630893432724},"slope":{"confidence_interval":{"confidence_level":0.95,"lower_bound":95663.98590502488,"upper_bound":97069.00583151488},"point_estimate":96343.55201552992,"standard_error":360.1978427702877},"std_dev":{"confidence_interval":{"confidence_level":0.95,"lower_bound":3336.087582638436,"upper_bound":9933.23588693543},"point_estimate":6527.854521754648,"standard_error":1974.6750596238555}}