{"mean":{"confidence_interval":{"confidence_level":0.95,"lower_bound":95191.36964626875,"upper_bound":97120.3538908429},"point_estimate":96075.4790241074,"standard_error":494.38915753235716},"median":{"confidence_interval":{"confidence_level":0.95,"lower_bound":94310.97922077922,"upper_bound":96335.76539589443},"point_estimate":95507.28922798397,"standard_error":539.7907636197345},"median_abs_dev":{"confidence_interval":{"confidence_level":0.95,"lower_bound":2619.9034390999004,"upper_bound":3844.709193809317},"point_estimate":3092.947435998297,"standard_error":309.56617319959616},"slope":{"confidence_interval":{"confidence_level":0.95,"lower_bound":93628.57250216165,"upper_bound":95318.17850549753},"point_estimate":94387.37584077811,"standard_error":430.7885344455092},"std_dev":{"confidence_interval":{"confidence_level":0.95,"lower_bound":2911.544211497652,"upper_bound":7036.384391854394},"point_estimate":4959.000696654697,"standard_error":1111.0454049018356}}