{"mean":{"confidence_interval":{"confidence_level":0.95,"lower_bound":94793.57061521642,"upper_bound":97249.17946282541},"point_estimate":95890.38368430496,"standard_error":630.0531791003979},"median":{"confidence_interval":{"confidence_level":0.95,"lower_bound":94739.56496031364,"upper_bound":95820.4442057942},"point_estimate":95405.96817869128,"standard_error":287.4268187455504},"median_abs_dev":{"confidence_interval":{"confidence_level":0.95,"lower_bound":1797.1044455767153,"upper_bound":3101.428577377155},"point_estimate":2301.224560996068,"standard_error":314.0174129234159},"slope":{"confidence_interval":{"confidence_level":0.95,"lower_bound":95999.19474207271,"upper_bound":98063.27641106611},"point_estimate":96908.72247538187,"standard_error":530.2788035630589},"std_dev":{"confidence_interval":{"confidence_level":0.95,"lower_bound":2962.8168254297975,"upper_bound":9124.246051329468},"point_estimate":6326.275030472472,"standard_error":1629.8331743390925}}