{"mean":{"confidence_interval":{"confidence_level":0.95,"lower_bound":96634.71360695685,"upper_bound":99449.59922810041},"point_estimate":97997.25262818279,"standard_error":717.6713272483997},"median":{"confidence_interval":{"confidence_level":0.95,"lower_bound":94850.71690518783,"upper_bound":97827.34282584886},"point_estimate":95673.03346561729,"standard_error":716.7577423360729},"median_abs_dev":{"confidence_interval":{"confidence_level":0.95,"lower_bound":3279.2732314506798,"upper_bound":6214.913570746747},"point_estimate":4228.276112135893,"standard_error":691.343559281175},"slope":{"confidence_interval":{"confidence_level":0.95,"lower_bound":96132.95221746646,"upper_bound":98050.77143367333},"point_estimate":97033.20246839609,"standard_error":487.92824792908647},"std_dev":{"confidence_interval":{"confidence_level":0.95,"lower_bound":5627.825207097249,"upper_bound":8663.943711121912},"point_estimate":7230.003547104445,"standard_error":777.1340439286173}}