{"mean":{"confidence_interval":{"confidence_level":0.95,"lower_bound":94500.4044459501,"upper_bound":97101.981683976},"point_estimate":95643.8142845403,"standard_error":670.9336077247235},"median":{"confidence_interval":{"confidence_level":0.95,"lower_bound":94075.7760942761,"upper_bound":95380.9106060606},"point_estimate":94452.90613636364,"standard_error":368.8565602087024},"median_abs_dev":{"confidence_interval":{"confidence_level":0.95,"lower_bound":1658.878729891883,"upper_bound":2831.111629588841},"point_estimate":2112.492214896468,"standard_error":300.47522058265906},"slope":{"confidence_interval":{"confidence_level":0.95,"lower_bound":94628.15870414882,"upper_bound":95635.21184391035},"point_estimate":95122.5510678829,"standard_error":256.1904338607556},"std_dev":{"confidence_interval":{"confidence_level":0.95,"lower_bound":2608.5352483470024,"upper_bound":9960.32550334332},"point_estimate":6735.779229998904,"standard_error":1953.8927911511519}}