{"mean":{"confidence_interval":{"confidence_level":0.95,"lower_bound":159055.19937262143,"upper_bound":167899.80645909926},"point_estimate":163275.96796037033,"standard_error":2251.977716268106},"median":{"confidence_interval":{"confidence_level":0.95,"lower_bound":156248.3702902036,"upper_bound":163917.24175824175},"point_estimate":160960.74853389635,"standard_error":1897.7745625952587},"median_abs_dev":{"confidence_interval":{"confidence_level":0.95,"lower_bound":10210.1609041357,"upper_bound":17065.569022635333},"point_estimate":13237.607641699076,"standard_error":1726.847192762418},"slope":{"confidence_interval":{"confidence_level":0.95,"lower_bound":159719.70854645688,"upper_bound":167714.19954938258},"point_estimate":163616.6453081129,"standard_error":2042.1121700168012},"std_dev":{"confidence_interval":{"confidence_level":0.95,"lower_bound":16090.07860830246,"upper_bound":29571.123412314028},"point_estimate":22757.60228329861,"standard_error":3555.397761205404}}