{"mean":{"confidence_interval":{"confidence_level":0.95,"lower_bound":92063.24375033662,"upper_bound":98110.67836932793},"point_estimate":94627.90572108663,"standard_error":1562.0692834355118},"median":{"confidence_interval":{"confidence_level":0.95,"lower_bound":93641.09302325582,"upper_bound":94619.37483994878},"point_estimate":94052.59563751491,"standard_error":266.7693274036272},"median_abs_dev":{"confidence_interval":{"confidence_level":0.95,"lower_bound":1457.6534786647267,"upper_bound":2839.372130128064},"point_estimate":2052.457490834328,"standard_error":354.9690039032263},"slope":{"confidence_interval":{"confidence_level":0.95,"lower_bound":93952.65928090258,"upper_bound":96108.68678536799},"point_estimate":94784.87181159906,"standard_error":567.4599039742162},"std_dev":{"confidence_interval":{"confidence_level":0.95,"lower_bound":5275.704750408209,"upper_bound":25096.897442872738},"point_estimate":15726.887527422414,"standard_error":5780.959006915861}}