{"mean":{"confidence_interval":{"confidence_level":0.95,"lower_bound":99937.00960856973,"upper_bound":104037.8612269637},"point_estimate":101837.13337638148,"standard_error":1047.5888467140576},"median":{"confidence_interval":{"confidence_level":0.95,"lower_bound":97512.75757575757,"upper_bound":101173.82251082252},"point_estimate":98750.3945379132,"standard_error":970.1904128762529},"median_abs_dev":{"confidence_interval":{"confidence_level":0.95,"lower_bound":3654.0245037732557,"upper_bound":6616.164597045505},"point_estimate":5036.530916500002,"standard_error":774.2277553265454},"slope":{"confidence_interval":{"confidence_level":0.95,"lower_bound":97627.41499227485,"upper_bound":100314.83703105876},"point_estimate":98780.54054650241,"standard_error":689.0674717831165},"std_dev":{"confidence_interval":{"confidence_level":0.95,"lower_bound":6456.266527840671,"upper_bound":13849.300546653256},"point_estimate":10514.825218434835,"standard_error":1887.3395500657375}}