{"mean":{"confidence_interval":{"confidence_level":0.95,"lower_bound":5567369.917333333,"upper_bound":5756908.791111109},"point_estimate":5660793.255555553,"standard_error":48339.10318714493},"median":{"confidence_interval":{"confidence_level":0.95,"lower_bound":5528290.611111111,"upper_bound":5682709.277777778},"point_estimate":5581741.333333334,"standard_error":40573.94702697876},"median_abs_dev":{"confidence_interval":{"confidence_level":0.95,"lower_bound":306894.07621820737,"upper_bound":548684.551858901},"point_estimate":417324.4644910104,"standard_error":63850.771803868316},"slope":null,"std_dev":{"confidence_interval":{"confidence_level":0.95,"lower_bound":407554.71667612385,"upper_bound":557760.6363248099},"point_estimate":486695.2622988604,"standard_error":38349.4965785014}}