{"mean":{"confidence_interval":{"confidence_level":0.95,"lower_bound":105539.3092033608,"upper_bound":109610.3094229686},"point_estimate":107480.8654709328,"standard_error":1039.3795844752606},"median":{"confidence_interval":{"confidence_level":0.95,"lower_bound":103351.76023391813,"upper_bound":106359.36590038314},"point_estimate":104785.42174971363,"standard_error":710.2968298237879},"median_abs_dev":{"confidence_interval":{"confidence_level":0.95,"lower_bound":4398.803782672667,"upper_bound":7741.353108396839},"point_estimate":5784.9959756148155,"standard_error":817.755913935144},"slope":{"confidence_interval":{"confidence_level":0.95,"lower_bound":106745.36362474259,"upper_bound":113106.5206514386},"point_estimate":109853.81913928706,"standard_error":1627.027515684682},"std_dev":{"confidence_interval":{"confidence_level":0.95,"lower_bound":7908.674951120307,"upper_bound":12777.412381509348},"point_estimate":10449.145247283679,"standard_error":1250.7338490736956}}