{"mean":{"confidence_interval":{"confidence_level":0.95,"lower_bound":34348318.615,"upper_bound":35318146.32925},"point_estimate":34797562.495,"standard_error":248394.19127784195},"median":{"confidence_interval":{"confidence_level":0.95,"lower_bound":34103402.0,"upper_bound":34988812.0},"point_estimate":34563444.25,"standard_error":203434.05156142343},"median_abs_dev":{"confidence_interval":{"confidence_level":0.95,"lower_bound":1376152.3070996627,"upper_bound":1999439.5136028524},"point_estimate":1723901.6443446279,"standard_error":154730.62125695092},"slope":null,"std_dev":{"confidence_interval":{"confidence_level":0.95,"lower_bound":1455855.4012813126,"upper_bound":3442131.519324645},"point_estimate":2498535.5126910396,"standard_error":519278.3640211832}}