{"mean":{"confidence_interval":{"confidence_level":0.95,"lower_bound":40867124.542375,"upper_bound":42368292.467999995},"point_estimate":41571923.635,"standard_error":384633.215943559},"median":{"confidence_interval":{"confidence_level":0.95,"lower_bound":40208203.25,"upper_bound":41617970.25},"point_estimate":40675134.0,"standard_error":335582.27056732075},"median_abs_dev":{"confidence_interval":{"confidence_level":0.95,"lower_bound":1849365.5551671982,"upper_bound":2931732.476851344},"point_estimate":2294803.821659088,"standard_error":271060.5576378296},"slope":null,"std_dev":{"confidence_interval":{"confidence_level":0.95,"lower_bound":2475068.4208836854,"upper_bound":5205404.590138721},"point_estimate":3865510.3473055903,"standard_error":711476.3980779609}}