{"mean":{"confidence_interval":{"confidence_level":0.95,"lower_bound":35953477.151375,"upper_bound":36573140.536375},"point_estimate":36260398.51,"standard_error":158326.56529615735},"median":{"confidence_interval":{"confidence_level":0.95,"lower_bound":35808628.0,"upper_bound":36515586.0},"point_estimate":36194909.75,"standard_error":153922.68735181063},"median_abs_dev":{"confidence_interval":{"confidence_level":0.95,"lower_bound":1220763.922727108,"upper_bound":1914973.5877349228},"point_estimate":1581287.0170265436,"standard_error":176924.43907721457},"slope":null,"std_dev":{"confidence_interval":{"confidence_level":0.95,"lower_bound":1332435.7814725551,"upper_bound":1830090.5805262674},"point_estimate":1592018.7045454683,"standard_error":126730.76577607932}}