{"mean":{"confidence_interval":{"confidence_level":0.95,"lower_bound":31862068.536250003,"upper_bound":32732509.067999996},"point_estimate":32254009.33,"standard_error":221503.9711703336},"median":{"confidence_interval":{"confidence_level":0.95,"lower_bound":31619697.5,"upper_bound":32459379.0},"point_estimate":32073200.75,"standard_error":194062.8745672446},"median_abs_dev":{"confidence_interval":{"confidence_level":0.95,"lower_bound":1174598.3540967107,"upper_bound":1961198.0711817741},"point_estimate":1491023.7360790372,"standard_error":205529.45656935713},"slope":null,"std_dev":{"confidence_interval":{"confidence_level":0.95,"lower_bound":1336976.6645723842,"upper_bound":3257718.152002017},"point_estimate":2225207.788995121,"standard_error":592742.329245452}}