{"mean":{"confidence_interval":{"confidence_level":0.95,"lower_bound":40596274.5005,"upper_bound":42285770.90925},"point_estimate":41431068.865,"standard_error":430344.5015607114},"median":{"confidence_interval":{"confidence_level":0.95,"lower_bound":40282325.5,"upper_bound":42185027.25},"point_estimate":41104611.5,"standard_error":492598.86358767166},"median_abs_dev":{"confidence_interval":{"confidence_level":0.95,"lower_bound":3254724.6647670865,"upper_bound":5283141.252004242},"point_estimate":4450421.15778923,"standard_error":506630.6267019028},"slope":null,"std_dev":{"confidence_interval":{"confidence_level":0.95,"lower_bound":3620702.3302241997,"upper_bound":5027233.419309233},"point_estimate":4335284.237409005,"standard_error":359782.210024483}}