{"mean":{"confidence_interval":{"confidence_level":0.95,"lower_bound":99165.43201182899,"upper_bound":102144.20872817232},"point_estimate":100546.70336861767,"standard_error":760.2102018860685},"median":{"confidence_interval":{"confidence_level":0.95,"lower_bound":97247.29545454546,"upper_bound":99031.72727272728},"point_estimate":98309.27733918717,"standard_error":513.6890322298608},"median_abs_dev":{"confidence_interval":{"confidence_level":0.95,"lower_bound":2402.134806356589,"upper_bound":4711.266113330086},"point_estimate":3773.3873852343627,"standard_error":669.4074337386298},"slope":{"confidence_interval":{"confidence_level":0.95,"lower_bound":97323.77660809488,"upper_bound":99618.04659981336},"point_estimate":98333.78991523033,"standard_error":591.4854795222423},"std_dev":{"confidence_interval":{"confidence_level":0.95,"lower_bound":4988.964230006291,"upper_bound":10003.550464279739},"point_estimate":7621.57800661983,"standard_error":1284.818915115501}}