{"mean":{"confidence_interval":{"confidence_level":0.95,"lower_bound":10990676.484700002,"upper_bound":11199504.269799996},"point_estimate":11097095.204000002,"standard_error":53141.400386216126},"median":{"confidence_interval":{"confidence_level":0.95,"lower_bound":11306609.4,"upper_bound":11412610.0},"point_estimate":11373454.5,"standard_error":23903.05965636116},"median_abs_dev":{"confidence_interval":{"confidence_level":0.95,"lower_bound":130855.75627684593,"upper_bound":307641.7184382677},"point_estimate":185771.40756189768,"standard_error":46736.37026857492},"slope":null,"std_dev":{"confidence_interval":{"confidence_level":0.95,"lower_bound":467632.9744974402,"upper_bound":582161.0962051684},"point_estimate":534157.463192702,"standard_error":29173.93775923278}}