{"mean":{"confidence_interval":{"confidence_level":0.95,"lower_bound":1281180.7436819375,"upper_bound":1310638.2029023652},"point_estimate":1294250.3366545883,"standard_error":7587.210337761642},"median":{"confidence_interval":{"confidence_level":0.95,"lower_bound":1272827.7727272727,"upper_bound":1280716.2592592593},"point_estimate":1277712.6103988604,"standard_error":2177.1514805837214},"median_abs_dev":{"confidence_interval":{"confidence_level":0.95,"lower_bound":10638.882001344116,"upper_bound":16889.45642252237},"point_estimate":14016.497036007817,"standard_error":1544.7271967064885},"slope":{"confidence_interval":{"confidence_level":0.95,"lower_bound":1281943.1571569901,"upper_bound":1309532.6727716103},"point_estimate":1292662.6080153687,"standard_error":7347.1370001696605},"std_dev":{"confidence_interval":{"confidence_level":0.95,"lower_bound":33822.70067266571,"upper_bound":107222.94430533172},"point_estimate":76465.00823180805,"standard_error":18783.8116625813}}