{"mean":{"confidence_interval":{"confidence_level":0.95,"lower_bound":1303402.346802702,"upper_bound":1319017.1887744411},"point_estimate":1309769.2053244351,"standard_error":4081.8352326595323},"median":{"confidence_interval":{"confidence_level":0.95,"lower_bound":1297644.6252228164,"upper_bound":1307622.25},"point_estimate":1300884.7784090908,"standard_error":2363.7485649820833},"median_abs_dev":{"confidence_interval":{"confidence_level":0.95,"lower_bound":9214.04113641802,"upper_bound":16354.253143437465},"point_estimate":12532.438943294168,"standard_error":1681.7091554548865},"slope":{"confidence_interval":{"confidence_level":0.95,"lower_bound":1301447.4592700594,"upper_bound":1307039.067159481},"point_estimate":1304140.1233958919,"standard_error":1422.4583805108969},"std_dev":{"confidence_interval":{"confidence_level":0.95,"lower_bound":13038.57430629763,"upper_bound":65890.131743355},"point_estimate":40960.69243688784,"standard_error":16131.612725184641}}