{"mean":{"confidence_interval":{"confidence_level":0.95,"lower_bound":32184158.433000002,"upper_bound":33063886.74475},"point_estimate":32556165.505,"standard_error":226802.49401676102},"median":{"confidence_interval":{"confidence_level":0.95,"lower_bound":32060934.5,"upper_bound":32562394.25},"point_estimate":32208262.5,"standard_error":135938.95339559956},"median_abs_dev":{"confidence_interval":{"confidence_level":0.95,"lower_bound":869697.4163010354,"upper_bound":1447341.893054545},"point_estimate":1192255.0078332424,"standard_error":148121.82166732126},"slope":null,"std_dev":{"confidence_interval":{"confidence_level":0.95,"lower_bound":1058984.3916056647,"upper_bound":3589419.233511353},"point_estimate":2284596.496311167,"standard_error":821820.6872253054}}