{"mean":{"confidence_interval":{"confidence_level":0.95,"lower_bound":32192320.039,"upper_bound":33049191.736750003},"point_estimate":32601692.5,"standard_error":218768.34691746155},"median":{"confidence_interval":{"confidence_level":0.95,"lower_bound":32027861.0,"upper_bound":32723271.0},"point_estimate":32228438.75,"standard_error":208510.17089365417},"median_abs_dev":{"confidence_interval":{"confidence_level":0.95,"lower_bound":1382617.137953639,"upper_bound":2486870.4228392243},"point_estimate":2120367.03915596,"standard_error":303045.01594407443},"slope":null,"std_dev":{"confidence_interval":{"confidence_level":0.95,"lower_bound":1553988.7064139808,"upper_bound":2827645.4431301206},"point_estimate":2195133.1421428393,"standard_error":331022.0236829874}}