{"mean":{"confidence_interval":{"confidence_level":0.95,"lower_bound":33618676.3415,"upper_bound":34469751.912250005},"point_estimate":33993504.94,"standard_error":217943.72881354598},"median":{"confidence_interval":{"confidence_level":0.95,"lower_bound":33431042.5,"upper_bound":34063103.5},"point_estimate":33718196.25,"standard_error":140417.96510317866},"median_abs_dev":{"confidence_interval":{"confidence_level":0.95,"lower_bound":952694.2801862955,"upper_bound":1564756.7686200142},"point_estimate":1226385.9418272972,"standard_error":158796.4090380001},"slope":null,"std_dev":{"confidence_interval":{"confidence_level":0.95,"lower_bound":1204650.4064155791,"upper_bound":3279734.001387608},"point_estimate":2186314.6462603738,"standard_error":647470.2188962176}}