{"mean":{"confidence_interval":{"confidence_level":0.95,"lower_bound":889644.4953103812,"upper_bound":905352.7534044384},"point_estimate":896480.8357988525,"standard_error":4052.7554903400387},"median":{"confidence_interval":{"confidence_level":0.95,"lower_bound":888266.1628672746,"upper_bound":890121.0411931819},"point_estimate":889141.9096350078,"standard_error":493.33860177876295},"median_abs_dev":{"confidence_interval":{"confidence_level":0.95,"lower_bound":3882.133119967185,"upper_bound":6388.650944751211},"point_estimate":5022.783960827747,"standard_error":661.645755267954},"slope":{"confidence_interval":{"confidence_level":0.95,"lower_bound":887229.1509041872,"upper_bound":893661.9900624541},"point_estimate":890143.1644199793,"standard_error":1638.8596438418533},"std_dev":{"confidence_interval":{"confidence_level":0.95,"lower_bound":9235.371251016495,"upper_bound":60225.94501003425},"point_estimate":40752.932499767856,"standard_error":12205.35234530715}}