{"mean":{"confidence_interval":{"confidence_level":0.95,"lower_bound":89380.43529188546,"upper_bound":91844.67592670256},"point_estimate":90456.90926225665,"standard_error":633.4289189619516},"median":{"confidence_interval":{"confidence_level":0.95,"lower_bound":88906.98464912281,"upper_bound":89250.24726775957},"point_estimate":89109.75632978723,"standard_error":95.38719955391325},"median_abs_dev":{"confidence_interval":{"confidence_level":0.95,"lower_bound":439.5440784515837,"upper_bound":747.7056907582645},"point_estimate":625.0763167144531,"standard_error":81.96950034139861},"slope":{"confidence_interval":{"confidence_level":0.95,"lower_bound":89304.04601896869,"upper_bound":90744.06445771221},"point_estimate":89918.40952095955,"standard_error":371.5260527793071},"std_dev":{"confidence_interval":{"confidence_level":0.95,"lower_bound":1609.876509273877,"upper_bound":9292.982915764374},"point_estimate":6390.599960022634,"standard_error":1848.815808004264}}