{"mean":{"confidence_interval":{"confidence_level":0.95,"lower_bound":84903.02706396516,"upper_bound":87697.2106687626},"point_estimate":86037.88799194289,"standard_error":730.3614946524592},"median":{"confidence_interval":{"confidence_level":0.95,"lower_bound":85703.59586669208,"upper_bound":86121.08333333333},"point_estimate":85851.19399174271,"standard_error":160.1615082708224},"median_abs_dev":{"confidence_interval":{"confidence_level":0.95,"lower_bound":904.0434421480771,"upper_bound":2285.919281176081},"point_estimate":1524.453340323267,"standard_error":359.49663935030844},"slope":{"confidence_interval":{"confidence_level":0.95,"lower_bound":86040.25587337634,"upper_bound":87201.13632113932},"point_estimate":86517.51109822176,"standard_error":303.21535984044027},"std_dev":{"confidence_interval":{"confidence_level":0.95,"lower_bound":1824.8138933864802,"upper_bound":11784.759720317094},"point_estimate":7310.940554440417,"standard_error":2831.825654519009}}