{"mean":{"confidence_interval":{"confidence_level":0.95,"lower_bound":98663.16721760188,"upper_bound":102238.08833649525},"point_estimate":100334.51266445339,"standard_error":913.8714074739651},"median":{"confidence_interval":{"confidence_level":0.95,"lower_bound":97430.54861918604,"upper_bound":100152.32348979592},"point_estimate":99424.65604166666,"standard_error":782.8225784955848},"median_abs_dev":{"confidence_interval":{"confidence_level":0.95,"lower_bound":4096.060856567255,"upper_bound":6503.408363059505},"point_estimate":5491.4971284872,"standard_error":623.0546972063102},"slope":{"confidence_interval":{"confidence_level":0.95,"lower_bound":97216.38866709008,"upper_bound":99185.686555683},"point_estimate":98199.75050421161,"standard_error":502.41255312336386},"std_dev":{"confidence_interval":{"confidence_level":0.95,"lower_bound":5450.327932479246,"upper_bound":12111.311975935543},"point_estimate":9148.189903616247,"standard_error":1666.8536650191397}}