{"mean":{"confidence_interval":{"confidence_level":0.95,"lower_bound":77646.06620592806,"upper_bound":78190.67161930066},"point_estimate":77911.10345760967,"standard_error":138.51162174352257},"median":{"confidence_interval":{"confidence_level":0.95,"lower_bound":77967.42479908152,"upper_bound":78071.81404514873},"point_estimate":78011.77017094017,"standard_error":25.044755631369604},"median_abs_dev":{"confidence_interval":{"confidence_level":0.95,"lower_bound":220.70774525950142,"upper_bound":426.1219467965297},"point_estimate":312.8322692666201,"standard_error":51.877662615742565},"slope":{"confidence_interval":{"confidence_level":0.95,"lower_bound":77895.3624729504,"upper_bound":78744.06727476795},"point_estimate":78225.22083550261,"standard_error":225.87987204016883},"std_dev":{"confidence_interval":{"confidence_level":0.95,"lower_bound":728.7556677555908,"upper_bound":1983.7496559279905},"point_estimate":1399.474945935305,"standard_error":323.2819152447241}}