{"mean":{"confidence_interval":{"confidence_level":0.95,"lower_bound":105753.63029236668,"upper_bound":108297.67207617733},"point_estimate":106916.86484527863,"standard_error":650.700410168527},"median":{"confidence_interval":{"confidence_level":0.95,"lower_bound":104689.22307692308,"upper_bound":106426.97169811321},"point_estimate":105740.0746373765,"standard_error":442.5321356447798},"median_abs_dev":{"confidence_interval":{"confidence_level":0.95,"lower_bound":2435.8502111581874,"upper_bound":4022.1581249338747},"point_estimate":3188.011412296258,"standard_error":415.60713777214806},"slope":{"confidence_interval":{"confidence_level":0.95,"lower_bound":105541.4181045279,"upper_bound":107185.82270724842},"point_estimate":106299.75975055416,"standard_error":421.0953450100621},"std_dev":{"confidence_interval":{"confidence_level":0.95,"lower_bound":3816.921680495703,"upper_bound":8955.881622222063},"point_estimate":6516.0050517729305,"standard_error":1329.9873856101542}}