{"mean":{"confidence_interval":{"confidence_level":0.95,"lower_bound":70363.759580086,"upper_bound":70771.73246728108},"point_estimate":70544.59098959106,"standard_error":103.28516887416016},"median":{"confidence_interval":{"confidence_level":0.95,"lower_bound":70403.26236263737,"upper_bound":70511.85466004584},"point_estimate":70454.68731087752,"standard_error":28.752098367560357},"median_abs_dev":{"confidence_interval":{"confidence_level":0.95,"lower_bound":150.94385632021442,"upper_bound":234.92679082922479},"point_estimate":195.6352803371475,"standard_error":21.546954714939766},"slope":{"confidence_interval":{"confidence_level":0.95,"lower_bound":70399.48347446749,"upper_bound":70935.20560998264},"point_estimate":70591.4201927421,"standard_error":147.4365404090231},"std_dev":{"confidence_interval":{"confidence_level":0.95,"lower_bound":216.31580753500305,"upper_bound":1685.3027153690168},"point_estimate":1039.2267835700761,"standard_error":399.98658428027977}}