{"mean":{"confidence_interval":{"confidence_level":0.95,"lower_bound":98466.44436505032,"upper_bound":99964.6896641494},"point_estimate":99099.14017481131,"standard_error":389.2466540974358},"median":{"confidence_interval":{"confidence_level":0.95,"lower_bound":98710.7,"upper_bound":99317.17},"point_estimate":98965.95443877552,"standard_error":158.50942564245722},"median_abs_dev":{"confidence_interval":{"confidence_level":0.95,"lower_bound":648.8335481530142,"upper_bound":1500.8832937927984},"point_estimate":1058.7531843710801,"standard_error":217.77085440484723},"slope":{"confidence_interval":{"confidence_level":0.95,"lower_bound":97535.47223404737,"upper_bound":99398.21855609267},"point_estimate":98251.3033137284,"standard_error":491.5801131723786},"std_dev":{"confidence_interval":{"confidence_level":0.95,"lower_bound":1270.546661173816,"upper_bound":6154.597371303222},"point_estimate":3906.5093994664267,"standard_error":1371.8158133954398}}