{"mean":{"confidence_interval":{"confidence_level":0.95,"lower_bound":1439632.3023670868,"upper_bound":1493104.0077429912},"point_estimate":1462967.2957748258,"standard_error":13823.503183659808},"median":{"confidence_interval":{"confidence_level":0.95,"lower_bound":1417938.4423076923,"upper_bound":1437739.3333333333},"point_estimate":1429039.1081081082,"standard_error":5686.66109299041},"median_abs_dev":{"confidence_interval":{"confidence_level":0.95,"lower_bound":28503.406917296725,"upper_bound":50760.701294433384},"point_estimate":39871.9486509048,"standard_error":5504.545279893194},"slope":{"confidence_interval":{"confidence_level":0.95,"lower_bound":1443784.8162294657,"upper_bound":1482266.7822304529},"point_estimate":1461573.5542781143,"standard_error":9835.241796107299},"std_dev":{"confidence_interval":{"confidence_level":0.95,"lower_bound":61454.79480595844,"upper_bound":209758.79471363281},"point_estimate":138975.9956055459,"standard_error":40763.01022304204}}