{"mean":{"confidence_interval":{"confidence_level":0.95,"lower_bound":1626106.6970614523,"upper_bound":1707395.1160886425},"point_estimate":1663397.624049428,"standard_error":20873.767738967934},"median":{"confidence_interval":{"confidence_level":0.95,"lower_bound":1588444.8795721186,"upper_bound":1626676.0},"point_estimate":1609952.585945946,"standard_error":10312.194000562755},"median_abs_dev":{"confidence_interval":{"confidence_level":0.95,"lower_bound":57055.88318705553,"upper_bound":133311.03397682414},"point_estimate":89073.14949503612,"standard_error":20717.95985432515},"slope":{"confidence_interval":{"confidence_level":0.95,"lower_bound":1632359.3261764522,"upper_bound":1716388.0496951342},"point_estimate":1671219.316955815,"standard_error":21447.865199525313},"std_dev":{"confidence_interval":{"confidence_level":0.95,"lower_bound":125975.36975903617,"upper_bound":293455.20301057404},"point_estimate":209811.18403807978,"standard_error":44738.31255313949}}