{"mean":{"confidence_interval":{"confidence_level":0.95,"lower_bound":1428583.4383555881,"upper_bound":1456427.5363624457},"point_estimate":1440360.3407661496,"standard_error":7229.264250259969},"median":{"confidence_interval":{"confidence_level":0.95,"lower_bound":1423008.6578947369,"upper_bound":1433535.5294117648},"point_estimate":1426245.16663113,"standard_error":2867.6963561406446},"median_abs_dev":{"confidence_interval":{"confidence_level":0.95,"lower_bound":15258.01929589525,"upper_bound":24988.727000290335},"point_estimate":20083.25983366017,"standard_error":2503.9289963638034},"slope":{"confidence_interval":{"confidence_level":0.95,"lower_bound":1434521.9237553203,"upper_bound":1470010.0996695587},"point_estimate":1448707.9141244274,"standard_error":9405.677860973065},"std_dev":{"confidence_interval":{"confidence_level":0.95,"lower_bound":21698.01139604288,"upper_bound":111935.52049182456},"point_estimate":72403.78649265534,"standard_error":24404.741681779436}}