{"mean":{"confidence_interval":{"confidence_level":0.95,"lower_bound":1456167.9659586768,"upper_bound":1533813.7414783465},"point_estimate":1492160.5745339466,"standard_error":19768.393706217892},"median":{"confidence_interval":{"confidence_level":0.95,"lower_bound":1423892.8363636364,"upper_bound":1455548.384375},"point_estimate":1438540.8257575757,"standard_error":8609.276127430507},"median_abs_dev":{"confidence_interval":{"confidence_level":0.95,"lower_bound":50985.775425821455,"upper_bound":90386.66086349769},"point_estimate":69986.64864322312,"standard_error":10241.924339940002},"slope":{"confidence_interval":{"confidence_level":0.95,"lower_bound":1453577.149738161,"upper_bound":1520795.1206148248},"point_estimate":1483916.5971597459,"standard_error":17201.36978418488},"std_dev":{"confidence_interval":{"confidence_level":0.95,"lower_bound":130014.80637301013,"upper_bound":258495.03799563652},"point_estimate":199737.96624086172,"standard_error":32932.25217474999}}