{"mean":{"confidence_interval":{"confidence_level":0.95,"lower_bound":2714861.5609500012,"upper_bound":2819887.4377500014},"point_estimate":2767084.3605,"standard_error":26737.68323428865},"median":{"confidence_interval":{"confidence_level":0.95,"lower_bound":2683947.0,"upper_bound":2784981.45},"point_estimate":2715650.125,"standard_error":31110.960211233334},"median_abs_dev":{"confidence_interval":{"confidence_level":0.95,"lower_bound":208153.6633895339,"upper_bound":328721.02834403486},"point_estimate":275602.13996708405,"standard_error":33155.80746849911},"slope":null,"std_dev":{"confidence_interval":{"confidence_level":0.95,"lower_bound":232479.7269584747,"upper_bound":300748.73992444784},"point_estimate":268693.49161196826,"standard_error":17474.205550284274}}