{"mean":{"confidence_interval":{"confidence_level":0.95,"lower_bound":2583178.106262501,"upper_bound":2618941.4471500013},"point_estimate":2600668.3590000025,"standard_error":9103.579989654381},"median":{"confidence_interval":{"confidence_level":0.95,"lower_bound":2566624.975,"upper_bound":2593562.475},"point_estimate":2585055.025,"standard_error":7169.91958229989},"median_abs_dev":{"confidence_interval":{"confidence_level":0.95,"lower_bound":50393.573105335236,"upper_bound":90320.06452649804},"point_estimate":70953.56530532228,"standard_error":10452.126808627701},"slope":null,"std_dev":{"confidence_interval":{"confidence_level":0.95,"lower_bound":74149.11411312064,"upper_bound":107247.19734740158},"point_estimate":91589.22785000295,"standard_error":8470.143380249618}}