{"mean":{"confidence_interval":{"confidence_level":0.95,"lower_bound":2431891.7295277766,"upper_bound":2462393.2439166657},"point_estimate":2446572.175555555,"standard_error":7750.362463240999},"median":{"confidence_interval":{"confidence_level":0.95,"lower_bound":2418983.722222222,"upper_bound":2445511.722222222},"point_estimate":2431803.3055555555,"standard_error":6930.347931623974},"median_abs_dev":{"confidence_interval":{"confidence_level":0.95,"lower_bound":38444.97045079863,"upper_bound":69064.94297385227},"point_estimate":50614.68641807651,"standard_error":7742.97686733452},"slope":null,"std_dev":{"confidence_interval":{"confidence_level":0.95,"lower_bound":59304.37505525902,"upper_bound":94281.03884891205},"point_estimate":77629.32900445424,"standard_error":8962.725881258817}}