{"mean":{"confidence_interval":{"confidence_level":0.95,"lower_bound":2121717.503659091,"upper_bound":2255014.129943181},"point_estimate":2186637.1649999996,"standard_error":33961.21161961083},"median":{"confidence_interval":{"confidence_level":0.95,"lower_bound":2072843.8863636362,"upper_bound":2164061.590909091},"point_estimate":2136305.4772727275,"standard_error":20754.21259120676},"median_abs_dev":{"confidence_interval":{"confidence_level":0.95,"lower_bound":168819.9861983013,"upper_bound":313668.82428581105},"point_estimate":258003.59741043005,"standard_error":37433.36708563033},"slope":null,"std_dev":{"confidence_interval":{"confidence_level":0.95,"lower_bound":274738.0053483476,"upper_bound":401825.58370498614},"point_estimate":342320.7278569021,"standard_error":32548.537497829213}}