{"mean":{"confidence_interval":{"confidence_level":0.95,"lower_bound":1037822.4143426907,"upper_bound":1094473.2306435723},"point_estimate":1064436.9422247692,"standard_error":14397.803429009653},"median":{"confidence_interval":{"confidence_level":0.95,"lower_bound":1022229.2413793104,"upper_bound":1079589.122229537},"point_estimate":1045312.092962593,"standard_error":14266.787554031716},"median_abs_dev":{"confidence_interval":{"confidence_level":0.95,"lower_bound":80584.07103305311,"upper_bound":128359.03088074466},"point_estimate":98460.48042902623,"standard_error":12691.54671351601},"slope":{"confidence_interval":{"confidence_level":0.95,"lower_bound":1078593.9258177707,"upper_bound":1123762.3858903996},"point_estimate":1101121.8029377863,"standard_error":11553.682408996747},"std_dev":{"confidence_interval":{"confidence_level":0.95,"lower_bound":99503.29054249031,"upper_bound":198999.11393264978},"point_estimate":144683.98424761632,"standard_error":28253.54772851203}}