{"mean":{"confidence_interval":{"confidence_level":0.95,"lower_bound":834458.1423921215,"upper_bound":905127.8879275133},"point_estimate":867083.0949634357,"standard_error":17969.71717438396},"median":{"confidence_interval":{"confidence_level":0.95,"lower_bound":827466.9109589041,"upper_bound":869261.3972916667},"point_estimate":847257.9403568096,"standard_error":11505.31306415251},"median_abs_dev":{"confidence_interval":{"confidence_level":0.95,"lower_bound":75579.79881905996,"upper_bound":139397.8206266799},"point_estimate":114257.79166500922,"standard_error":16944.281043519815},"slope":{"confidence_interval":{"confidence_level":0.95,"lower_bound":846091.6280461901,"upper_bound":875843.5790754233},"point_estimate":860871.997527708,"standard_error":7587.960844488847},"std_dev":{"confidence_interval":{"confidence_level":0.95,"lower_bound":114286.11459368245,"upper_bound":247288.5941087548},"point_estimate":180146.16868487565,"standard_error":35063.869041467}}