{"mean":{"confidence_interval":{"confidence_level":0.95,"lower_bound":1677873.5669917618,"upper_bound":1784460.0726962117},"point_estimate":1731464.7620284334,"standard_error":27120.082847393052},"median":{"confidence_interval":{"confidence_level":0.95,"lower_bound":1653681.4285714286,"upper_bound":1798800.48},"point_estimate":1725790.5686090225,"standard_error":37949.22364188779},"median_abs_dev":{"confidence_interval":{"confidence_level":0.95,"lower_bound":216898.73985454335,"upper_bound":365274.15324547386},"point_estimate":308188.2476000765,"standard_error":38690.35255409865},"slope":{"confidence_interval":{"confidence_level":0.95,"lower_bound":1778199.365097193,"upper_bound":1903277.9408955714},"point_estimate":1842029.6160336928,"standard_error":31779.512459800393},"std_dev":{"confidence_interval":{"confidence_level":0.95,"lower_bound":238396.13319578968,"upper_bound":303273.5280770499},"point_estimate":272866.3606663815,"standard_error":16555.753662220784}}