{"mean":{"confidence_interval":{"confidence_level":0.95,"lower_bound":1823714.5712199989,"upper_bound":1994609.3373300005},"point_estimate":1907872.9143999997,"standard_error":43914.28012878578},"median":{"confidence_interval":{"confidence_level":0.95,"lower_bound":1690089.04,"upper_bound":1924562.8399999999},"point_estimate":1859200.3399999999,"standard_error":56216.16131661258},"median_abs_dev":{"confidence_interval":{"confidence_level":0.95,"lower_bound":345229.00809896,"upper_bound":618859.7941850424},"point_estimate":542967.8736923931,"standard_error":74747.90358536858},"slope":null,"std_dev":{"confidence_interval":{"confidence_level":0.95,"lower_bound":390183.9558729902,"upper_bound":485086.9567559883},"point_estimate":441785.0581375873,"standard_error":24186.970564009585}}