{"mean":{"confidence_interval":{"confidence_level":0.95,"lower_bound":2081540.2824583338,"upper_bound":2170186.18109375},"point_estimate":2124892.5979166664,"standard_error":22589.23066626432},"median":{"confidence_interval":{"confidence_level":0.95,"lower_bound":2041104.125,"upper_bound":2170455.1666666665},"point_estimate":2105400.625,"standard_error":30266.270257142216},"median_abs_dev":{"confidence_interval":{"confidence_level":0.95,"lower_bound":168350.6169486791,"upper_bound":262833.00677128136},"point_estimate":210335.87140329194,"standard_error":24548.259734880445},"slope":null,"std_dev":{"confidence_interval":{"confidence_level":0.95,"lower_bound":186927.8776181784,"upper_bound":265339.4549395451},"point_estimate":227627.90915534057,"standard_error":20090.378516004334}}