{"mean":{"confidence_interval":{"confidence_level":0.95,"lower_bound":821483.1067761485,"upper_bound":890147.7934031243},"point_estimate":854456.9421880036,"standard_error":17524.58961916738},"median":{"confidence_interval":{"confidence_level":0.95,"lower_bound":751339.8695652174,"upper_bound":870985.0962068966},"point_estimate":803593.2337662338,"standard_error":27889.64388361707},"median_abs_dev":{"confidence_interval":{"confidence_level":0.95,"lower_bound":88486.61432904852,"upper_bound":202517.74852830666},"point_estimate":146889.54549218924,"standard_error":26423.035835216007},"slope":{"confidence_interval":{"confidence_level":0.95,"lower_bound":838813.4070608787,"upper_bound":895466.4200791845},"point_estimate":867263.8362937786,"standard_error":14442.835589427877},"std_dev":{"confidence_interval":{"confidence_level":0.95,"lower_bound":137277.2004842067,"upper_bound":212332.75522772112},"point_estimate":176108.84206112646,"standard_error":19240.162414073107}}