{"mean":{"confidence_interval":{"confidence_level":0.95,"lower_bound":2437811.6182708326,"upper_bound":2687860.9234062494},"point_estimate":2564133.4491666663,"standard_error":64089.902207783045},"median":{"confidence_interval":{"confidence_level":0.95,"lower_bound":2578059.375,"upper_bound":2734941.1666666665},"point_estimate":2680720.666666667,"standard_error":46069.47058404056},"median_abs_dev":{"confidence_interval":{"confidence_level":0.95,"lower_bound":405850.0063169101,"upper_bound":819227.6962433009},"point_estimate":536321.7066533858,"standard_error":107805.9892472982},"slope":null,"std_dev":{"confidence_interval":{"confidence_level":0.95,"lower_bound":557575.9026022467,"upper_bound":718458.4783029895},"point_estimate":643145.0945917583,"standard_error":40984.05985465667}}