{"mean":{"confidence_interval":{"confidence_level":0.95,"lower_bound":96617.15683477366,"upper_bound":98319.44914697904},"point_estimate":97410.99870740356,"standard_error":434.4455244100971},"median":{"confidence_interval":{"confidence_level":0.95,"lower_bound":95937.62255466053,"upper_bound":97023.32175689479},"point_estimate":96512.9074915825,"standard_error":217.4971209281688},"median_abs_dev":{"confidence_interval":{"confidence_level":0.95,"lower_bound":1719.5700493732143,"upper_bound":2997.6179730284052},"point_estimate":2362.7787712614945,"standard_error":325.7927892938469},"slope":{"confidence_interval":{"confidence_level":0.95,"lower_bound":96794.72897543378,"upper_bound":98094.7182786866},"point_estimate":97412.7798672703,"standard_error":332.7847722307779},"std_dev":{"confidence_interval":{"confidence_level":0.95,"lower_bound":2950.206179972617,"upper_bound":5892.762983267721},"point_estimate":4361.528383109036,"standard_error":800.8528315528616}}