{"mean":{"confidence_interval":{"confidence_level":0.95,"lower_bound":2120632.888147727,"upper_bound":2298227.4713522717},"point_estimate":2206512.190909091,"standard_error":45361.810772131714},"median":{"confidence_interval":{"confidence_level":0.95,"lower_bound":2067230.7727272727,"upper_bound":2241877.0454545454},"point_estimate":2144738.4545454546,"standard_error":50000.108472707034},"median_abs_dev":{"confidence_interval":{"confidence_level":0.95,"lower_bound":268339.036010348,"upper_bound":485956.1063907363},"point_estimate":342046.2258229201,"standard_error":55897.53396306892},"slope":null,"std_dev":{"confidence_interval":{"confidence_level":0.95,"lower_bound":350266.8539490114,"upper_bound":559641.9008973147},"point_estimate":456096.0187393441,"standard_error":53639.73004411775}}