{"mean":{"confidence_interval":{"confidence_level":0.95,"lower_bound":2519659.281037499,"upper_bound":2633719.7201374997},"point_estimate":2575655.0879999995,"standard_error":29129.69261110545},"median":{"confidence_interval":{"confidence_level":0.95,"lower_bound":2489431.05,"upper_bound":2623715.3},"point_estimate":2536253.325,"standard_error":34220.06051556113},"median_abs_dev":{"confidence_interval":{"confidence_level":0.95,"lower_bound":217944.6053557098,"upper_bound":365329.1274391111},"point_estimate":285139.40907776344,"standard_error":37077.6538128898},"slope":null,"std_dev":{"confidence_interval":{"confidence_level":0.95,"lower_bound":237104.3451129864,"upper_bound":351356.4557482966},"point_estimate":291145.7553677425,"standard_error":29763.11431213886}}