{"mean":{"confidence_interval":{"confidence_level":0.95,"lower_bound":1062811.4522723898,"upper_bound":1137132.4538830267},"point_estimate":1098254.2189749358,"standard_error":19006.97126301014},"median":{"confidence_interval":{"confidence_level":0.95,"lower_bound":1026649.7492424243,"upper_bound":1100077.800788559},"point_estimate":1067809.384408602,"standard_error":20719.25856940244},"median_abs_dev":{"confidence_interval":{"confidence_level":0.95,"lower_bound":118690.1586428284,"upper_bound":199066.0464372292},"point_estimate":169011.75985534504,"standard_error":20139.8570363496},"slope":{"confidence_interval":{"confidence_level":0.95,"lower_bound":1089588.3386096132,"upper_bound":1139354.2976623427},"point_estimate":1114575.5171390572,"standard_error":12671.75709540876},"std_dev":{"confidence_interval":{"confidence_level":0.95,"lower_bound":136576.49618551563,"upper_bound":243493.04600728248},"point_estimate":190747.35088056434,"standard_error":27673.805230494152}}