{"mean":{"confidence_interval":{"confidence_level":0.95,"lower_bound":1841314.278351422,"upper_bound":1946478.5311502945},"point_estimate":1893193.4637439803,"standard_error":26850.374844064187},"median":{"confidence_interval":{"confidence_level":0.95,"lower_bound":1821900.9166666667,"upper_bound":1928120.8127530364},"point_estimate":1882279.1842105263,"standard_error":27819.579923044537},"median_abs_dev":{"confidence_interval":{"confidence_level":0.95,"lower_bound":165315.42219391072,"upper_bound":271094.88093813637},"point_estimate":219160.89687305858,"standard_error":27314.11690480617},"slope":{"confidence_interval":{"confidence_level":0.95,"lower_bound":1727359.3303064783,"upper_bound":1849813.744709272},"point_estimate":1790238.5763144672,"standard_error":31361.796165101583},"std_dev":{"confidence_interval":{"confidence_level":0.95,"lower_bound":206891.03587720677,"upper_bound":334397.4807392036},"point_estimate":269487.81306303316,"standard_error":32968.17489826345}}