{"mean":{"confidence_interval":{"confidence_level":0.95,"lower_bound":2824208.003361111,"upper_bound":2970520.37025},"point_estimate":2897272.9638888882,"standard_error":37211.2287596646},"median":{"confidence_interval":{"confidence_level":0.95,"lower_bound":2845956.3333333335,"upper_bound":3001989.722222222},"point_estimate":2932889.722222222,"standard_error":31393.255847288478},"median_abs_dev":{"confidence_interval":{"confidence_level":0.95,"lower_bound":266904.6494577446,"upper_bound":510694.7612212706},"point_estimate":363484.1347302004,"standard_error":64821.32208083494},"slope":null,"std_dev":{"confidence_interval":{"confidence_level":0.95,"lower_bound":328448.6883859012,"upper_bound":412949.32020796434},"point_estimate":373557.5504814851,"standard_error":21538.737208901373}}