{"mean":{"confidence_interval":{"confidence_level":0.95,"lower_bound":1139694.1051695205,"upper_bound":1199011.446000342},"point_estimate":1168406.6372216959,"standard_error":15111.629233347152},"median":{"confidence_interval":{"confidence_level":0.95,"lower_bound":1122620.0609422494,"upper_bound":1195906.875},"point_estimate":1175020.2096774194,"standard_error":18867.221003773368},"median_abs_dev":{"confidence_interval":{"confidence_level":0.95,"lower_bound":97235.47743185244,"upper_bound":153725.955946643},"point_estimate":124587.1129839724,"standard_error":14629.561757671943},"slope":{"confidence_interval":{"confidence_level":0.95,"lower_bound":1180753.461634937,"upper_bound":1229400.4078288411},"point_estimate":1205300.6278528152,"standard_error":12431.27167235796},"std_dev":{"confidence_interval":{"confidence_level":0.95,"lower_bound":113762.46414610907,"upper_bound":189284.2146570095},"point_estimate":152091.42228419124,"standard_error":19476.417993487426}}